240026	Steele Rudd	Green Grey Homestead	http://gutenberg.net.au/ebooks24/2400261h.html
240025	Steele Rudd	The Miserable Clerk	http://gutenberg.net.au/ebooks24/2400251h.html
240024	Steele Rudd	On Emu Creek	http://gutenberg.net.au/ebooks24/2400241h.html
240023	Steele Rudd	We Kaytons	http://gutenberg.net.au/ebooks24/2400231h.html
240022	Steele Rudd	The Romance Of Runnibede	http://gutenberg.net.au/ebooks24/2400221h.html
240021	Carolyn Wells	The Umbrella Murder	http://gutenberg.net.au/ebooks24/2400211h.html
240020	Steele Rudd	The Dashwoods	http://gutenberg.net.au/ebooks24/2400201h.html
240019	Steele Rudd	Grandpa's Selection	http://gutenberg.net.au/ebooks24/2400191h.html
240018	Steele Rudd	The Old Homestead	http://gutenberg.net.au/ebooks24/2400181h.html
240017	Steele Rudd	The Book of Dan	http://gutenberg.net.au/ebooks24/2400171h.html
240016	Christopher Brennan	Verse of Christopher Brennan	http://gutenberg.net.au/ebooks24/2400161p.pdf
240015	Carolyn Wells	The Roll-Top Desk Mystery	http://gutenberg.net.au/ebooks24/2400151h.html
240014	Steele Rudd	Duncan McClure	http://gutenberg.net.au/ebooks24/2400141h.html
240013	Carolyn Wells	The Clue of the Eyelash	http://gutenberg.net.au/ebooks24/2400131h.html
240012	Steele Rudd	On an Australian Farm	http://gutenberg.net.au/ebooks24/2400121h.html
240011	Carolyn Wells	The Visiting Villain	http://gutenberg.net.au/ebooks24/2400111h.html
240010	Steele Rudd	From Selection to City	http://gutenberg.net.au/ebooks24/2400101h.html
240009	Steele Rudd	Stocking Our Selection	http://gutenberg.net.au/ebooks24/2400091h.html
240008	Steele Rudd	In Australia	http://gutenberg.net.au/ebooks24/2400081h.html
240007	Carolyn Wells	Horror House	http://gutenberg.net.au/ebooks24/2400071h.html
240006	Steele Rudd	The Poor Parson	http://gutenberg.net.au/ebooks24/2400061h.html
240005	Steele Rudd	Back at Our Selection	http://gutenberg.net.au/ebooks24/2400051h.html
240004	Steele Rudd	Sandy's Selection	http://gutenberg.net.au/ebooks24/2400041h.html
240003	Thomas E Spencer	That Droll Lady	http://gutenberg.net.au/ebooks24/2400031h.html
240002	Thomas E Spencer	The Surprising Adventures	http://gutenberg.net.au/ebooks24/2400021h.html
240001	J M Whitfield	The Spirit Of The Bush Fire	http://gutenberg.net.au/ebooks24/2400011h.html
230121	Steele Rudd	For Life and Other Stories	http://gutenberg.net.au/ebooks23/2301211h.html
230120	Catherine Helen Spence	A Plea for Pure Democracy	http://gutenberg.net.au/ebooks23/2301201h.html
230119	Steele Rudd	Dad in Politics	http://gutenberg.net.au/ebooks23/2301191h.html
230118	Norman Douglas	South Wind	http://gutenberg.net.au/ebooks23/2301181h.html
230117	Randolph Bedford	A Tale of the Coral Sea	http://gutenberg.net.au/ebooks23/2301171h.html
230116	Marjorie Bowen	The Chinese Apple	http://gutenberg.net.au/ebooks23/2301161h.html
230115	Earl of Lucan,Todhunter	Life of Patrick Sarsfield	http://gutenberg.net.au/ebooks23/2301151h.html
230114	Dorothy Wall	Blinky Bill Joins the Army	http://gutenberg.net.au/ebooks23/2301141h.html
230113	Peter Porcupine:A Study of William Cobbett,M Bowen		http://gutenberg.net.au/ebooks23/2301131h.html
230112	Carolyn Wells	Folly in Fairyland	http://gutenberg.net.au/ebooks23/2301121h.html
230111	Brooke Nicholls	Jacko the Broadcasting Kookaburra	http://gutenberg.net.au/ebooks23/2301111h.html
230110	Dorothy Wall	Stout Fellows	http://gutenberg.net.au/ebooks23/2301101h.html
230109	Marjorie Bowen	The Pleasant Husband	http://gutenberg.net.au/ebooks23/2301091h.html
230108	Marjorie Bowen	The Love Story of a Fastidious Man	http://gutenberg.net.au/ebooks23/2301081h.html
230107	Marjorie Bowen	Shadows of Yesterday	http://gutenberg.net.au/ebooks23/2301071h.html
230106	Dorothy Wall	Bridget and the Bees	http://gutenberg.net.au/ebooks23/2301061h.html
230105	Dorothy Wall	The Rainy Day	http://gutenberg.net.au/ebooks23/2301051h.html
230104	Marjorie Bowen	Brave Employments	http://gutenberg.net.au/ebooks23/2301041h.html
230103	Dorothy Wall	A Tiny Story of Blinky Bill	http://gutenberg.net.au/ebooks23/2301031h.html
230102	Dorothy Wall	Brownie	http://gutenberg.net.au/ebooks23/2301021h.html
230101	Dorothy Wall	Blinky Bill's ABC Book	http://gutenberg.net.au/ebooks23/2301011h.html
230100	Carolyn Wells	Mother Goose's Menagerie	http://gutenberg.net.au/ebooks23/2301001h.html
230099	Catherine Helen Spence	Clara Morison	http://gutenberg.net.au/ebooks23/2300991h.html
230098	Carolyn Wells	The Sixth Commandment	http://gutenberg.net.au/ebooks23/2300981h.html
230097	Marjorie Bowen	World's Wonder And Other Essays	http://gutenberg.net.au/ebooks23/2300971h.html
230096	Carolyn Wells	All at Sea	http://gutenberg.net.au/ebooks23/2300961h.html
230095	Kathleen Lambert	The Golden South	http://gutenberg.net.au/ebooks23/2300951h.html
230094	Marjorie Bowen	Wrestling Jacob	http://gutenberg.net.au/ebooks23/2300941h.html
230093	Thomas E Spencer	Bindawalla	http://gutenberg.net.au/ebooks23/2300931h.html
230092	Louis Becke	The Call of the South	http://gutenberg.net.au/ebooks23/2300921h.html
230091	Carolyn Wells	Murder at the Casino	http://gutenberg.net.au/ebooks23/2300911h.html
230090	T E Spencer	The Haunted Shanty and Other Stories	http://gutenberg.net.au/ebooks23/2300901h.html
230089	Carolyn Wells	The Ghosts' High Noon	http://gutenberg.net.au/ebooks23/2300891h.html
230088	Thomas E Spencer	A Spring Cleaning	http://gutenberg.net.au/ebooks23/2300881h.html
230087	Rex Beach	The Miracle of Coral Gables	http://gutenberg.net.au/ebooks23/2300871h.html
230086	Carolyn Wells	Fuller's Earth	http://gutenberg.net.au/ebooks23/2300861h.html
230085	Thomas E Spencer	How McDougall Topped the Score	http://gutenberg.net.au/ebooks23/2300851h.html
230084	Thomas E Spencer	Why Doherty Died	http://gutenberg.net.au/ebooks23/2300841h.html
230083	Talbot Mundy	Gulbaz and the Game	http://gutenberg.net.au/ebooks23/2300831h.html
230082	Louis Becke	Edward Barry, South Sea Pearler	http://gutenberg.net.au/ebooks23/2300821h.html
230081	E V Crampton	Remembering the Forgotten	http://gutenberg.net.au/ebooks23/2300811p.pdf
230080	Marjorie Bowen	The Triumphant Beast	http://gutenberg.net.au/ebooks23/2300801h.html
230079	Marjorie Bowen	Trumpets at Rome	http://gutenberg.net.au/ebooks23/2300791h.html
230078	Marjorie Bowen	Two Mistakes	http://gutenberg.net.au/ebooks23/2300781h.html
230077	Marjorie Bowen	There Are More Things	http://gutenberg.net.au/ebooks23/2300771h.html
230076	Marjorie Bowen	Peach-Coloured Plumes	http://gutenberg.net.au/ebooks23/2300761h.html
230075	Marjorie Bowen	Castles in the Air	http://gutenberg.net.au/ebooks23/2300751h.html
230074	Marjorie Bowen	Out of Season	http://gutenberg.net.au/ebooks23/2300741h.html
230073	Marjorie Bowen	Miss Modernity	http://gutenberg.net.au/ebooks23/2300731h.html
230072	Marjorie Bowen	Jacqueline of the Peach Blossoms	http://gutenberg.net.au/ebooks23/2300721h.html
230071	Marjorie Bowen	Fleur Ange	http://gutenberg.net.au/ebooks23/2300711h.html
230070	Marjorie Bowen	And the World Went Very Well Then	http://gutenberg.net.au/ebooks23/2300701h.html
230069	Louis Becke	Bully Hayes: Buccaneer	http://gutenberg.net.au/ebooks23/2300691h.html
230068	Marjorie Bowen	The Soul of Jeannie Duncan	http://gutenberg.net.au/ebooks23/2300681h.html
230067	Marjorie Bowen	The Match-Maker	http://gutenberg.net.au/ebooks23/2300671h.html
230066	Marjorie Bowen	The Masterpiece	http://gutenberg.net.au/ebooks23/2300661h.html
230065	Marjorie Bowen	The Cabriolet	http://gutenberg.net.au/ebooks23/2300651h.html
230064	Marjorie Bowen	A Proposal of Marriage	http://gutenberg.net.au/ebooks23/2300641h.html
230063	Marjorie Bowen	The Confession of Floris Heenvliet	http://gutenberg.net.au/ebooks23/2300631h.html
230062	Marjorie Bowen	The Quack	http://gutenberg.net.au/ebooks23/2300621h.html
230061	Marjorie Bowen	The Gifts of the Dead	http://gutenberg.net.au/ebooks23/2300611h.html
230060	Marjorie Bowen	Cuckoo Pint	http://gutenberg.net.au/ebooks23/2300601h.html
230059	Henry Kendall	Rose Lorraine and Other Poems	http://gutenberg.net.au/ebooks23/2300591h.html
230058	Henry Kendall	The Bronze Trumpet	http://gutenberg.net.au/ebooks23/2300581h.html
230057	Henry Kendall	The Glen of the White Man's Grave	http://gutenberg.net.au/ebooks23/2300571h.html
230056	Henry Kendall	Songs from the Mountains	http://gutenberg.net.au/ebooks23/2300561h.html
230055	Marjorie Bowen	Dark Ann and Other Stories	http://gutenberg.net.au/ebooks23/2300551h.html
230054	Marjorie Bowen	The Stolen Bride	http://gutenberg.net.au/ebooks23/2300541h.html
230053	Henry Kendall	Leaves from Australian Forests	http://gutenberg.net.au/ebooks23/2300531h.html
230052	Marjorie Bowen	The Cheats	http://gutenberg.net.au/ebooks23/2300521h.html
230051	Marjorie Bowen	The Golden Roof	http://gutenberg.net.au/ebooks23/2300511h.html
230050	Carolyn Wells	Anything But The Truth	http://gutenberg.net.au/ebooks23/2300501h.html
230049	Carolyn Wells	Little Robin Redbreast	http://gutenberg.net.au/ebooks23/2300491h.html
230048	Carolyn Wells	Little Polly Flinders	http://gutenberg.net.au/ebooks23/2300481h.html
230047	Marjorie Bowen	The Veil'd Delight	http://gutenberg.net.au/ebooks23/2300471h.html
230046	Marjorie Bowen	The English Paragon	http://gutenberg.net.au/ebooks23/2300461h.html
230045	Henry Kendall	Poems and Songs	http://gutenberg.net.au/ebooks23/2300451h.html
230044	Marjorie Bowen	I Dwelt in High Places	http://gutenberg.net.au/ebooks23/2300441h.html
230043	Victor J Daley	Love is a Fadeless Flower	http://gutenberg.net.au/ebooks23/2300431h.html
230042	Victor J Daley	Wine and Roses	http://gutenberg.net.au/ebooks23/2300421h.html
230041	Marjorie Bowen	God and the Wedding Dress	http://gutenberg.net.au/ebooks23/2300411h.html
230040	Carolyn Wells	Doris of Dobbs Ferry	http://gutenberg.net.au/ebooks23/2300401h.html
230039	Marjorie Bowen	The Circle in the Water	http://gutenberg.net.au/ebooks23/2300391h.html
230038	Marjorie Bowen	Grace Latouche and the Warringtons	http://gutenberg.net.au/ebooks23/2300381h.html
230037	Carolyn Wells	In the Tiger's Cage	http://gutenberg.net.au/ebooks23/2300371h.html
230036	Marjorie Bowen	Crimes of Old London	http://gutenberg.net.au/ebooks23/2300361h.html
230035	Marjorie Bowen	The Pink Shawl	http://gutenberg.net.au/ebooks23/2300351h.html
230034	Marjorie Bowen	The Haunted Vintage	http://gutenberg.net.au/ebooks23/2300341h.html
230033	Yorke the Adventurer and Other Stories,Louis Becke		http://gutenberg.net.au/ebooks23/2300331h.html
230032	Carolyn Wells	The Fourteenth Key	http://gutenberg.net.au/ebooks23/2300321h.html
230031	Marjorie Bowen	The Presence and the Power	http://gutenberg.net.au/ebooks23/2300311h.html
230030	Victor J Daley	At Dawn and Dusk	http://gutenberg.net.au/ebooks23/2300301h.html
230029	Carlton Dawe	Leathermouth's Luck	http://gutenberg.net.au/ebooks23/2300291h.html
230028	William Sylvester Walke	The Silver Queen	http://gutenberg.net.au/ebooks23/2300281h.html
230027	Joseph Holt	Memoirs of Joseph Holt Vol. 1	http://gutenberg.net.au/ebooks23/2300271h.html
230026	Carolyn Wells	The Missing Link	http://gutenberg.net.au/ebooks23/2300261h.html
230025	Ernest Favenc	Marooned on Australia	http://gutenberg.net.au/ebooks23/2300251h.html
230024	Alexander Macdonald	The Lost Explorers	http://gutenberg.net.au/ebooks23/2300241h.html
230023	Louis Becke	Helen Adair	http://gutenberg.net.au/ebooks23/2300231h.html
230022	Ernest Favenc	The Secret of the Australian Desert	http://gutenberg.net.au/ebooks23/2300221h.html
230021	E Favenc	The Stories of Ernest Favenc, Volume 7	http://gutenberg.net.au/ebooks23/2300211h.html
230020	Ernest Favenc	Voices of the Desert	http://gutenberg.net.au/ebooks23/2300201h.html
230019	Edward Dyson	The Escapades of Ann	http://gutenberg.net.au/ebooks23/2300191h.html
230018	E Favenc	The Stories of Ernest Favenc, Volume 6	http://gutenberg.net.au/ebooks23/2300181h.html
230017	Carolyn Wells	The Red-Haired Girl	http://gutenberg.net.au/ebooks23/2300171h.html
230016	Charles Tompson	Wild Notes	http://gutenberg.net.au/ebooks23/2300161h.html
230015	E Favenc	The Stories of Ernest Favenc, Volume 5	http://gutenberg.net.au/ebooks23/2300151h.html
230014	E Favenc	The Stories of Ernest Favenc, Volume 4	http://gutenberg.net.au/ebooks23/2300141h.html
230013	Carlton Dawe	Rose and Chrysanthemum	http://gutenberg.net.au/ebooks23/2300131h.html
230012	Edward Dyson	The Golden Shanty (1963)	http://gutenberg.net.au/ebooks23/2300121h.html
230011	Atha Westbury	Australian Fairy Tales	http://gutenberg.net.au/ebooks23/2300111h.html
230010	E Favenc	The Stories of Ernest Favenc, Volume 3	http://gutenberg.net.au/ebooks23/2300101h.html
230009	Arthur Gayll	The History of Botany Bay	http://gutenberg.net.au/ebooks23/2300091h.html
230008	Edward Page Mitchell	Tales of Terror	http://gutenberg.net.au/ebooks23/2300081h.html
230007	Edward Page Mitchell	Tales of Science	http://gutenberg.net.au/ebooks23/2300071h.html
230006	Edward Page Mitchell	Tales of Fantasy	http://gutenberg.net.au/ebooks23/2300061h.html
230005	 Bulletin Writers	A Golden Shanty	http://gutenberg.net.au/ebooks23/2300051h.html
230004	E Favenc	The Stories of Ernest Favenc, Volume 2	http://gutenberg.net.au/ebooks22/2300041h.html
230003	F Peterson	Melba's Gift Book of Australian Art	http://gutenberg.net.au/ebooks22/2300031h.html
230002	E Favenc	The Stories of Ernest Favenc, Volume 1	http://gutenberg.net.au/ebooks22/2300021h.html
230001	Edward Dyson	A/The Golden Shanty (1911 and 1929)	http://gutenberg.net.au/ebooks22/2300011h.html
220068	Carolyn Wells	The Moss Mystery	http://gutenberg.net.au/ebooks22/2200681h.html
220067	Rex Beach	The Goose Woman and Other Stories	http://gutenberg.net.au/ebooks22/2200671h.html
220066	Arthur Gask	The Unfolding Years	http://gutenberg.net.au/ebooks22/2200661h.html
220065	Mary Elizabeth Braddon	The Summer Tourist	http://gutenberg.net.au/ebooks22/2200651h.html
220064	Henrietta Dugdale	A Few Hours in a Far-Off Age	http://gutenberg.net.au/ebooks22/2200641h.html
220063	Mary Elizabeth Braddon	Gerard	http://gutenberg.net.au/ebooks22/2200631h.html
220062	Joseph Holt	Memoirs of Joseph Holt Vol. 2	http://gutenberg.net.au/ebooks22/2200621h.html
220061	Mary E Braddon	Before The Knowledge Of Evil	http://gutenberg.net.au/ebooks22/2200611h.html
220060	The Dictionary of Australasian Biography,P Mennell		http://gutenberg.net.au/ebooks22/2200601h.html
220059	Henry Lawson	Collected Poems of Henry Lawson	http://gutenberg.net.au/ebooks22/2200591h.html
220058	C J Dennis	Collected Prose	http://gutenberg.net.au/ebooks22/2200581h.html
220057	Mary Elizabeth Braddon	The Cloven Foot	http://gutenberg.net.au/ebooks22/2200571h.html
220056	Maurice Leblanc	Memoirs of Arsene Lupin	http://gutenberg.net.au/ebooks22/2200561h.html
220055	M Leblanc	Arsene Lupin Versus Herlock Sholmes	http://gutenberg.net.au/ebooks22/2200551h.html
220054	Gene Stratton Porter	The Keeper of the Bees	http://gutenberg.net.au/ebooks22/2200541h.html
220053	Carlton Dawe	Zantha	http://gutenberg.net.au/ebooks22/2200531h.html
220052	Lily Adams Beck	Glorious Apollo	http://gutenberg.net.au/ebooks22/2200521h.html
220051	Arthur C Train	His Children's Children	http://gutenberg.net.au/ebooks22/2200511h.html
220050	Mary Elizabeth Braddon	Dead Love Has Chains	http://gutenberg.net.au/ebooks22/2200501h.html
220049	Mary Elizabeth Braddon	The Doctor's Wife	http://gutenberg.net.au/ebooks22/2200491h.html
220048	Mary Elizabeth Braddon	The Octoroon	http://gutenberg.net.au/ebooks22/2200481h.html
220047	Mary Elizabeth Braddon	Only a Girl	http://gutenberg.net.au/ebooks22/2200471h.html
220046	Henry Lawson	A Fragment of Autobiography	http://gutenberg.net.au/ebooks22/2200461h.html
220045	Henry Lawson	Grandfather's Courtship	http://gutenberg.net.au/ebooks22/2200451h.html
220044	Henry Lawson	Elder Man's Lane	http://gutenberg.net.au/ebooks22/2200441h.html
220043	Henry Lawson	Previous Convictions	http://gutenberg.net.au/ebooks22/2200431h.html
220042	Mary Elizabeth Braddon	Good Lady Ducayne	http://gutenberg.net.au/ebooks22/2200421h.html
220041	Mary Elizabeth Braddon	All Along the River	http://gutenberg.net.au/ebooks22/2200411h.html
220040	Mary Elizabeth Braddon	Charlotte's Inheritance	http://gutenberg.net.au/ebooks22/2200401h.html
220039	Mary Elizabeth Braddon	Birds of Prey	http://gutenberg.net.au/ebooks22/2200391h.html
220038	Stacy Aumonier	Essays of To-day and Yesterday	http://gutenberg.net.au/ebooks22/2200381h.html
220037	Stacy Aumonier	One After Another	http://gutenberg.net.au/ebooks22/2200371h.html
220036	H Rider Haggard	The Days of My Life	http://gutenberg.net.au/ebooks22/2200361h.html
220035	Mary Elizabeth Braddon	Wyllard's Weird	http://gutenberg.net.au/ebooks22/2200351h.html
220034	Mary Elizabeth Braddon	Eleanor's Victory	http://gutenberg.net.au/ebooks22/2200341h.html
220033	Stacy Aumonier	Odd Fish	http://gutenberg.net.au/ebooks22/2200331p.pdf
220032	Stacy Aumonier	The Querrils	http://gutenberg.net.au/ebooks22/2200321h.html
220031	Mary Elizabeth Braddon	His Darling Sin	http://gutenberg.net.au/ebooks22/2200311h.html
220030	Anonymous	The Academic Atlas	http://gutenberg.net.au/ebooks22/2200301h.html
220029	  Mary E Braddon	Flower and Weed and Other Tales	http://gutenberg.net.au/ebooks22/2200291h.html
220028	Stacy Aumonier	Heartbeat	http://gutenberg.net.au/ebooks22/2200281h.html
220027	Stacy Aumonier	Just Outside	http://gutenberg.net.au/ebooks22/2200271h.html
220026	James Francis Dwyer	Breath of the Jungle	http://gutenberg.net.au/ebooks22/2200261h.html
220025	Stacy Aumonier	Olga Bardel	http://gutenberg.net.au/ebooks22/2200251h.html
220024	Stacy Aumonier	Uncollected Stories and Articles	http://gutenberg.net.au/ebooks22/2200241h.html
220023	The Chinese Philosopher and the Euro. War,Aumonier		http://gutenberg.net.au/ebooks22/2200231h.html
220022	Little Windows: A Collection of Stories,S Aumonier		http://gutenberg.net.au/ebooks22/2200221h.html
220021	Stacy Aumonier	The Baby Grand and Other Stories	http://gutenberg.net.au/ebooks22/2200211h.html
220020	Stacy Aumonier	The Preposterous Princess	http://gutenberg.net.au/ebooks22/2200201h.html
220019	Stacy Aumonier	The Golden Windmill and Other	http://gutenberg.net.au/ebooks22/2200191h.html
220018	Stacy Aumonier	The Love-a-Duck and Other Stories	http://gutenberg.net.au/ebooks22/2200181h.html
220017	Mary E Braddon	Ralph Bailiff and Other Tales	http://gutenberg.net.au/ebooks22/2200171h.html
220016	Stacy Aumonier	Cricket	http://gutenberg.net.au/ebooks22/2200161h.html
220015	Stacy Aumonier	The Friends and Other Stories	http://gutenberg.net.au/ebooks22/2200151h.html
220014	Stacy Aumonier	Overheard	http://gutenberg.net.au/ebooks22/2200141h.html
220013	Mary Elizabeth Braddon	My First Novel	http://gutenberg.net.au/ebooks22/2200131h.html
220012	Mary Elizabeth Braddon	The Christmas Hirelings	http://gutenberg.net.au/ebooks22/2200121h.html
220011	C Choat	A Bibliography of Stacy Aumonier's Work	http://gutenberg.net.au/ebooks22/2200111h.html
220010	Mary Elizabeth Braddon	Captain of the Vulture	http://gutenberg.net.au/ebooks22/2200101h.html
220009	Mary Elizabeth Braddon	Mary	http://gutenberg.net.au/ebooks22/2200091h.html
220008	Stacy Aumonier	Miss Bracegirdle and Others	http://gutenberg.net.au/ebooks22/2200081h.html
220007	John Arthur Barry	An Interview and an Obituary 	http://gutenberg.net.au/ebooks22/2200071h.html
220006	Stacy Aumonier	Ups and Downs	http://gutenberg.net.au/ebooks22/2200061h.html
220005	John Arthur Barry	In the Great Deep	http://gutenberg.net.au/ebooks22/2200051h.html
220004	Colin Choat	Bibliography of Edward Sorenson	http://gutenberg.net.au/ebooks22/2200041h.html
220003	Mary Elizabeth Braddon	The Trail of the Serpent	http://gutenberg.net.au/ebooks22/2200031h.html
220002	James Hardy Vaux	Memoirs of James Hardy Vaux	http://gutenberg.net.au/ebooks22/2200021h.html
220001	James Francis Dwyer	The Spotted Panther	http://gutenberg.net.au/ebooks22/2200011h.html
210054	H P Lovecraft	Collected Stories	http://gutenberg.net.au/ebooks21/2100541h.html
210053	James Francis Dwyer	The Bust of Lincoln	http://gutenberg.net.au/ebooks21/2100531h.html
210052	James Francis Dwyer	The White Waterfall	http://gutenberg.net.au/ebooks21/2100521h.html
210051	Andrew Barton Paterson	We're All Australians Now	http://gutenberg.net.au/ebooks21/2100511h.html
210050	C J Dennis	Backblock Ballads and Other Verses	http://gutenberg.net.au/ebooks21/2100501h.html
210049	Emmuska Orczy	The Will-o'-the-Wisp	http://gutenberg.net.au/ebooks21/2100491h.html
210048	Hume Cook	Tales of The Dandenongs--Third Series	http://gutenberg.net.au/ebooks21/2100481h.html
210047	C J Dennis	The Singing Garden	http://gutenberg.net.au/ebooks21/2100471h.html
210046	Charles Harpur	The Tower of the Dream	http://gutenberg.net.au/ebooks21/2100461h.html
210045	Charles Harpur	Thoughts	http://gutenberg.net.au/ebooks21/2100451h.html
210044	Charles Harpur	A Poet's Home	http://gutenberg.net.au/ebooks21/2100441h.html
210043	Adam Lindsay Gordon	Sea Spray and Smoke Drift	http://gutenberg.net.au/ebooks21/2100431h.html
210042	James Brunton Stephens	Marsupial Bill	http://gutenberg.net.au/ebooks21/2100421h.html
210041	A B Paterson	Australia for the Australians	http://gutenberg.net.au/ebooks21/2100411h.html
210040	A B Paterson	Banjo Paterson Tells His Own Story	http://gutenberg.net.au/ebooks21/2100401h.html
210039	Andrew Barton Paterson	Waltzing Matilda	http://gutenberg.net.au/ebooks21/2100391h.html
210038	Hume Cook	Tales of The Dandenongs--Fourth Series	http://gutenberg.net.au/ebooks21/2100381h.html
210037	Hume Cook	Tales of The Dandenongs--First Series	http://gutenberg.net.au/ebooks21/2100371h.html
210036	I Dips Me Lid to the Syd. Harbor Bridge,C J Dennis		http://gutenberg.net.au/ebooks21/2100361h.html
210035	A G Foster	The Sandhills: An Historic Cemetery	http://gutenberg.net.au/ebooks21/2100351h.html
210034	Hume Cook	Tales of The Dandenongs - Second Series	http://gutenberg.net.au/ebooks21/2100341h.html
210033	Hume Cook	Australian Fairy Tales	http://gutenberg.net.au/ebooks21/2100331h.html
210032	Louis Becke	Tessa--The Trader's Wife	http://gutenberg.net.au/ebooks21/2100321h.html
210031	Kathleen Ainslie	Catharine Susan Coming Out	http://gutenberg.net.au/ebooks21/2100311h.html http://gutenberg.net.au/ebooks21/2100311p.pdf
210030	Kathleen Ainslie	Dear Dirty Dolly	http://gutenberg.net.au/ebooks21/2100301h.html http://gutenberg.net.au/ebooks21/2100301p.pdf
210029	Kathleen Ainslie	Why Was He Late?	http://gutenberg.net.au/ebooks21/2100291h.html http://gutenberg.net.au/ebooks21/2100291p.pdf
210028	Me and Catharine Susan Earns...  Kathleen Ainslie		http://gutenberg.net.au/ebooks21/2100281h.html http://gutenberg.net.au/ebooks21/2100281p.pdf
210027	Kathleen Ainslie	Sammy Goes a'  Hunting	http://gutenberg.net.au/ebooks21/2100271h.html http://gutenberg.net.au/ebooks21/2100271p.pdf
210026	Kathleen Ainslie	What I Did	http://gutenberg.net.au/ebooks21/2100261h.html http://gutenberg.net.au/ebooks21/2100261p.pdf
210025	Kathleen Ainslie	Tut tut - Richard II	http://gutenberg.net.au/ebooks21/2100251h.html
210024	Kathleen Ainslie	Oh! Poor Amelia Jane!	http://gutenberg.net.au/ebooks21/2100241h.html
210023	Kathleen Ainslie	Catharine Susan's Little Holiday	http://gutenberg.net.au/ebooks21/2100231h.html http://gutenberg.net.au/ebooks21/2100231p.pdf
210022	Kathleen Ainslie	Mother's Cherub	http://gutenberg.net.au/ebooks21/2100221h.html http://gutenberg.net.au/ebooks21/2100221p.pdf
210021	Musette Morell	The Antics of Algy	http://gutenberg.net.au/ebooks21/2100211h.html
210020	Kathleen Ainslie	Me and Catharine Susan	http://gutenberg.net.au/ebooks21/2100201h.html http://gutenberg.net.au/ebooks21/2100201p.pdf
210019	Kathleen Ainslie	Catharine Susan in Hot Water	http://gutenberg.net.au/ebooks21/2100191h.html http://gutenberg.net.au/ebooks21/2100191p.pdf
210018	Kathleen Ainslie	Catharine Susan and Me go Abroad	http://gutenberg.net.au/ebooks21/2100181h.html http://gutenberg.net.au/ebooks21/2100181p.pdf
210017	Kathleen Ainslie	At Great Aunt Martha's	http://gutenberg.net.au/ebooks21/2100171h.html http://gutenberg.net.au/ebooks21/2100171p.pdf
210016	William T Pyke	Thirty Years Among The Blacks	http://gutenberg.net.au/ebooks21/2100161h.html
210015	Kathleen Ainslie	Votes for Catharine Susan and Me	http://gutenberg.net.au/ebooks21/2100151h.html http://gutenberg.net.au/ebooks21/2100151p.pdf
210014	Dorothy Drewett	Sundown Stories	http://gutenberg.net.au/ebooks21/2100141h.html
210013	Dorothy Wall	Story of Tommy Bear and the Zookies	http://gutenberg.net.au/ebooks21/2100131h.html
210012	May Lillian Paten Paten	The Adventurous Elves	http://gutenberg.net.au/ebooks21/2100121h.html
210011	Beatrice Wilcken	Fairy Tales, Fables, And Legends	http://gutenberg.net.au/ebooks21/2100111h.html
210010	Louis Becke	Wild Life in Southern Seas	http://gutenberg.net.au/ebooks21/2100101h.html
210009	Arthur Gask	Collected Stories and Articles	http://gutenberg.net.au/ebooks21/2100091h.html
210008	Ethel Jackson Morris	All Among the Fairies	http://gutenberg.net.au/ebooks21/2100081h.html
210007	Ethel Buckland	Fairy Tales from Australia	http://gutenberg.net.au/ebooks21/2100071h.html
210006	W E Abbott	The Squatters and the Blowflies	http://gutenberg.net.au/ebooks21/2100061h.html
210005	Charles L Marson	Faery Stories	http://gutenberg.net.au/ebooks21/2100051h.html
210004	Louis Becke	A First Fleet Family	http://gutenberg.net.au/ebooks21/2100041h.html
210003	Walter Jeffery	A Century of Our Sea Story	http://gutenberg.net.au/ebooks21/2100031h.html
210002	Louis Becke	The Mystery of the Laughlin Islands	http://gutenberg.net.au/ebooks21/2100021h.html
210001	Arthur Gask	The Mystery of Fell Castle	http://gutenberg.net.au/ebooks21/2100011h.html
200127	Louis Becke	His Native Wife	http://gutenberg.net.au/ebooks20/2001271h.html
200126	Louis Becke	Old Samoan Days	http://gutenberg.net.au/ebooks20/2001261h.html
200125	Henry Lawson	Poetical Works of Henry Lawson	http://gutenberg.net.au/ebooks20/2001251h.html
200124	Louisa Lawson	Dert and Do	http://gutenberg.net.au/ebooks20/2001241h.html
200123	No. 3,de Brune	The Little Theatre Magazine, Vol I	http://gutenberg.net.au/ebooks20/2001231p.pdf
200122	No. 2,de Brune	The Little Theatre Magazine, Vol I	http://gutenberg.net.au/ebooks20/2001221p.pdf
200121	No. 1,de Brune	The Little Theatre Magazine, Vol I	http://gutenberg.net.au/ebooks20/2001211p.pdf
200120	Marjorie Bowen	Stinging Nettles	http://gutenberg.net.au/ebooks20/2001201h.html
200119	Henry Lawson	Winnowed Verse	http://gutenberg.net.au/ebooks20/2001191h.html
200118	Edward S Sorenson	Collected Short Stories Vol 7	http://gutenberg.net.au/ebooks20/2001181h.html
200117	Marjorie Bowen	Five People	http://gutenberg.net.au/ebooks20/2001171h.html
200116	William Dean	Home and Camp	http://gutenberg.net.au/ebooks20/2001161h.html
200115	Emmuska Orczy	The Turbulent Duchess	http://gutenberg.net.au/ebooks20/2001151h.html
200114	Victor J Daley	Alfred And Adalgisa	http://gutenberg.net.au/ebooks20/2001141h.html
200113	Henry Lawson	Four Censored Poems	http://gutenberg.net.au/ebooks20/2001131h.html
200112	Henry Lawson	Selected Poems of Henry Lawson	http://gutenberg.net.au/ebooks20/2001121h.html
200111	Henry Lawson	The Water Lily	http://gutenberg.net.au/ebooks20/2001111h.html
200110	Henry Lawson	The Free Selector's Daughter	http://gutenberg.net.au/ebooks20/2001101h.html
200109	Edward S Sorenson	Collected Short Stories Vol 6	http://gutenberg.net.au/ebooks20/2001091h.html
200108	Edward S Sorenson	Collected Short Stories Vol 5	http://gutenberg.net.au/ebooks20/2001081h.html
200107	Inauguration of Henry Lawson Labor College,Anon.		http://gutenberg.net.au/ebooks20/2001071h.html
200106	Zane Grey	Fighting Caravans	http://gutenberg.net.au/ebooks20/2001061h.html
200105	Henry Lawson	Song of the Dardanelles	http://gutenberg.net.au/ebooks20/2001051h.html
200104	Arthur Gask	Russian Retrospect	http://gutenberg.net.au/ebooks20/2001041h.html
200103	Arthur Gask	Invasion	http://gutenberg.net.au/ebooks20/2001031h.html
200102	Arthur Gask	Buggy	http://gutenberg.net.au/ebooks20/2001021h.html
200101	Arthur Gask	A Voice from the Dead	http://gutenberg.net.au/ebooks20/2001011h.html
200100	Arthur Gask	Rejuvenation	http://gutenberg.net.au/ebooks20/2001001h.html
200099	Arthur Gask	Death in the Consulting Room	http://gutenberg.net.au/ebooks20/2000991h.html
200098	Arthur Gask	The Ways of Chance	http://gutenberg.net.au/ebooks20/2000981h.html
200097	Arthur Gask	The Adventuress	http://gutenberg.net.au/ebooks20/2000971h.html
200096	Arthur Gask	Wild Justice	http://gutenberg.net.au/ebooks20/2000961h.html
200095	Arthur Gask	Indiscretion of the Archdeacon	http://gutenberg.net.au/ebooks20/2000951h.html
200094	Arthur Gask	The Dreadful Vigil	http://gutenberg.net.au/ebooks20/2000941h.html
200093	Arthur Gask	The Miracle	http://gutenberg.net.au/ebooks20/2000931h.html
200092	Arthur Gask	The Judge's Secret	http://gutenberg.net.au/ebooks20/2000921h.html
200091	Arthur Gask	Secret Service	http://gutenberg.net.au/ebooks20/2000911h.html
200090	Arthur Gask	The Deadly Tiger Snake	http://gutenberg.net.au/ebooks20/2000901h.html
200089	Arthur Gask	Doctors off Duty	http://gutenberg.net.au/ebooks20/2000891h.html
200088	Arthur Gask	The Worm with the Sting in His Tail	http://gutenberg.net.au/ebooks20/2000881h.html
200087	Arthur Gask	The Hanging Judge	http://gutenberg.net.au/ebooks20/2000871h.html
200086	Arthur Gask	Strychnine for Village Dogs	http://gutenberg.net.au/ebooks20/2000861h.html
200085	Arthur Gask	The Guardian Angel	http://gutenberg.net.au/ebooks20/2000851h.html
200084	Edward S Sorenson	Settlers and the Emu	http://gutenberg.net.au/ebooks20/2000841h.html
200083	Louisa Lawson	The Lonely Crossing and Other Poems	http://gutenberg.net.au/ebooks20/2000831h.html
200082	Henry Lawson	The Golden Nineties	http://gutenberg.net.au/ebooks20/2000821h.html
200081	Henry Lawson	The Elder Son	http://gutenberg.net.au/ebooks20/2000811h.html
200080	Henry Lawson	When I was King	http://gutenberg.net.au/ebooks20/2000801h.html
200079	Havelock Ellis	My Life	http://gutenberg.net.au/ebooks20/2000791h.html
200078	H Lawson	The Prose Works of Henry Lawson Volume 2	http://gutenberg.net.au/ebooks20/2000781h.html
200077	Henry Lawson	Collected Essays	http://gutenberg.net.au/ebooks20/2000771h.html
200076	H Lawson	The Prose Works of Henry Lawson Volume 1	http://gutenberg.net.au/ebooks20/2000761h.html
200075	Henry Lawson	A Coronation Ode	http://gutenberg.net.au/ebooks20/2000751h.html
200074	Henry Lawson	The Auld Shop and the New	http://gutenberg.net.au/ebooks20/2000741h.html
200073	Henry Lawson	Joseph's Dreams	http://gutenberg.net.au/ebooks20/2000731h.html
200072	Henry Lawson	Verses Houmorous	http://gutenberg.net.au/ebooks20/2000721h.html
200071	Henry Lawson	Verses Popular	http://gutenberg.net.au/ebooks20/2000711h.html
200070	Henry Lawson	The Country I Come From	http://gutenberg.net.au/ebooks20/2000701h.html
200069	Henry Lawson	On the Track and Over the Sliprails	http://gutenberg.net.au/ebooks20/2000691h.html
200068	Ernest Haycox	Trail Town	http://gutenberg.net.au/ebooks20/2000681h.html
200067	Henry Lawson	Mateship and The Strangers' Friend	http://gutenberg.net.au/ebooks20/2000671h.html
200066	Emmuska Orczy	Links in the Chain of Life	http://gutenberg.net.au/ebooks20/2000661h.html
200065	Henry Lawson	Three Stories	http://gutenberg.net.au/ebooks20/2000651h.html
200064	Edward S Sorenson	Collected Short Stories Vol 4	http://gutenberg.net.au/ebooks20/2000641h.html
200063	Edgar Wallace	Edgar Wallace Journalist	http://gutenberg.net.au/ebooks20/2000631h.html
200062	Edward S Sorenson	Collected Short Stories Vol 3	http://gutenberg.net.au/ebooks20/2000621h.html
200061	Emmuska Orczy	Marivosa	http://gutenberg.net.au/ebooks20/2000611h.html
200060	Edward S Sorenson	Collected Short Stories Vol 2	http://gutenberg.net.au/ebooks20/2000601h.html
200059	Emmuska Orczy	The Uncrowned King	http://gutenberg.net.au/ebooks20/2000591h.html
200058	Rex Beach	The Colognizing of Kansas	http://gutenberg.net.au/ebooks20/2000581h.html
200057	Emmuska Orczy	A Joyous Adventure	http://gutenberg.net.au/ebooks20/2000571h.html
200056	Emmuska Orczy	The Celestial City	http://gutenberg.net.au/ebooks20/2000561h.html
200055	Emmuska Orczy	The Honourable Jim	http://gutenberg.net.au/ebooks20/2000551h.html
200054	Emmuska Orczy	His Majesty's Well-Beloved	http://gutenberg.net.au/ebooks20/2000541h.html
200053	Rex Beach	The Verdict of Faro Mountain	http://gutenberg.net.au/ebooks20/2000531h.html
200052	Rex Beach	The Finish	http://gutenberg.net.au/ebooks20/2000521h.html
200051	Emmuska Orczy	A Sheaf of Bluebells	http://gutenberg.net.au/ebooks20/2000511h.html
200050	Rex Beach	Padlocked	http://gutenberg.net.au/ebooks20/2000501h.html
200049	Emmuska Orczy	Leatherface	http://gutenberg.net.au/ebooks20/2000491h.html
200048	Ernest Haycox	The Octopus of Pilgrim Valley	http://gutenberg.net.au/ebooks20/2000481h.html
200047	Life and Exploits of the Scarlet Pimpernel,E Orczy		http://gutenberg.net.au/ebooks20/2000471h.html
200046	Booth Tarkington	Claire Ambler	http://gutenberg.net.au/ebooks20/2000461h.html
200045	C Petrie	Tom Petrie's Reminiscences of Early Qld	http://gutenberg.net.au/ebooks20/2000451h.html
200044	E Orczy	The Scarlet Pimpernel Looks at the World	http://gutenberg.net.au/ebooks20/2000441h.html
200043	Emmuska Orczy	A Son of the People	http://gutenberg.net.au/ebooks20/2000431h.html
200042	Emmuska Orczy	Meadowsweet	http://gutenberg.net.au/ebooks20/2000421h.html
200041	E M Tappan	The Little Book of the War	http://gutenberg.net.au/ebooks20/2000411h.html
200040	Ford Madox Ford	The Soul of London	http://gutenberg.net.au/ebooks20/2000401h.html
200039	Ford M Ford	Joseph Conrad: A Personal Remembrance	http://gutenberg.net.au/ebooks20/2000391h.html
200038	Ford Madox Ford	The Rash Act	http://gutenberg.net.au/ebooks20/2000381h.html
200037	David Andrade	The Melbourne Riots	http://gutenberg.net.au/ebooks20/2000371h.html
200036	Emmuska Orczy	Beau Brocade	http://gutenberg.net.au/ebooks20/2000361h.html
200035	Emmuska Orczy	Fire in Stubble	http://gutenberg.net.au/ebooks20/2000351h.html
200034	Emmuska Orczy	Links in the Chain of Life	http://gutenberg.net.au/ebooks20/2000341h.html
200033	Emmuska Orczy	Nicolette	http://gutenberg.net.au/ebooks20/2000331h.html
200032	Emmuska Orczy	A True Woman	http://gutenberg.net.au/ebooks20/2000321h.html
200031	Robert Coutts Armour	Wheels of Fortune	http://gutenberg.net.au/ebooks20/2000311h.html
200030	Emmuska Orczy	Petticoat Government	http://gutenberg.net.au/ebooks20/2000301h.html
200029	Robert Coutts Armour	The Memory Man	http://gutenberg.net.au/ebooks20/2000291h.html
200028	Emmuska Orczy	The Revenge of Ur-Tasen	http://gutenberg.net.au/ebooks20/2000281h.html
200027	Emmuska Orczy	Young Muggins	http://gutenberg.net.au/ebooks20/2000271h.html
200026	Emmuska Orczy	Juliette	http://gutenberg.net.au/ebooks20/2000261h.html
200025	Emmuska Orczy	The Trappist's Vow	http://gutenberg.net.au/ebooks20/2000251h.html
200024	Emmuska Orczy	Number 187	http://gutenberg.net.au/ebooks20/2000241h.html
200023	Emmuska Orczy	The Traitor	http://gutenberg.net.au/ebooks20/2000231h.html
200022	Emmuska Orczy	The Hungarian Peasant Farmer	http://gutenberg.net.au/ebooks20/2000221h.html
200021	Emmuska Orczy	The Hungarian Gentleman Farmer	http://gutenberg.net.au/ebooks20/2000211h.html
200020	Emmuska Orczy	The Red Carnation	http://gutenberg.net.au/ebooks20/2000201h.html
200019	Emmuska Orczy	In Mary's Reign	http://gutenberg.net.au/ebooks20/2000191h.html
200018	Hulbert Footner	Unneutral Murder	http://gutenberg.net.au/ebooks20/2000181h.html
200017	Robert Coutts Armour	The Secret of the Desert	http://gutenberg.net.au/ebooks20/2000171h.html
200016	Emmuska Orczy	The Gates of Kamt	http://gutenberg.net.au/ebooks20/2000161h.html
200015	Millie Finkelstein	The Newest Woman	http://gutenberg.net.au/ebooks20/2000151h.html
200014	Emmuska Orczy	The Case of Miss Elliott	http://gutenberg.net.au/ebooks20/2000141h.html
200013	Emmuska Orczy	The Emperor's Candlesticks	http://gutenberg.net.au/ebooks20/2000131h.html
200012	Ernest Haycox	The Wild Bunch	http://gutenberg.net.au/ebooks20/2000121h.html
200011	Frank L Packard	Doors of the Night	http://gutenberg.net.au/ebooks20/2000111h.html
200010	Emmuska Orczy	Old Hungarian Fairy Tales	http://gutenberg.net.au/ebooks20/2000101h.html
200009	Frank L Packard	The White Moll	http://gutenberg.net.au/ebooks20/2000091h.html
200008	Frank L Packard	From Now On	http://gutenberg.net.au/ebooks20/2000081h.html
200007	Frank L Packard	The Wire Devils	http://gutenberg.net.au/ebooks20/2000071h.html
200006	Frank L Packard	The Beloved Traitor	http://gutenberg.net.au/ebooks20/2000061h.html
200005	C Choat	Arthur Bowes Smyth's Journal of a Voyage	http://gutenberg.net.au/ebooks20/2000051h.html
200004	Frank L Packard	The Miracle Man	http://gutenberg.net.au/ebooks20/2000041h.html
200003	Robert Ervin Howard	The Lost Valley of Iskander	http://gutenberg.net.au/ebooks20/2000031h.html
200002	Frank L Packard	Greater Love Hath No Man	http://gutenberg.net.au/ebooks20/2000021h.html
200001	Frank L Packard	The Four Stragglers	http://gutenberg.net.au/ebooks20/2000011h.html
190127	Andrew Forrester	The Private Detective	http://gutenberg.net.au/ebooks19/1901271h.html
190126	Colin Choat	The Amateur Tramp	http://gutenberg.net.au/ebooks19/1901261p.pdf
190125	Colin Choat	William Bradley's Voyage to NSW	http://gutenberg.net.au/ebooks19/1901251h.html
190124	Frank L Packard	Jimmie Dale and the Missing Hour	http://gutenberg.net.au/ebooks19/1901241h.html
190123	Ernest Haycox	Free Grass	http://gutenberg.net.au/ebooks19/1901231h.html
190122	Andrew Forrester	Revelations of a Detective	http://gutenberg.net.au/ebooks19/1901221h.html
190121	Frank L Packard	Jimmie Dale and the Phantom Clue	http://gutenberg.net.au/ebooks19/1901211h.html
190120	Andrew Forrester	Secret Service	http://gutenberg.net.au/ebooks19/1901201h.html
190119	Frnk L Packard	The Adventures of Jimmie Dale	http://gutenberg.net.au/ebooks19/1901191h.html
190118	Andrew Forrester	Tales by a Female Detective	http://gutenberg.net.au/ebooks19/1901181h.html
190117	Andrew Forrester	The Female Detective	http://gutenberg.net.au/ebooks19/1901171h.html
190116	Fred Merrick White	The Robe of Lucifer	http://gutenberg.net.au/ebooks19/1901161h.html
190115	F Packard	The Further Adventures of Jimmie Dale	http://gutenberg.net.au/ebooks19/1901151h.html
190114	Jimmie Dale And The Blue Envelope Murder,F Packard		http://gutenberg.net.au/ebooks19/1901141h.html
190113	Rufus H Gillmore	The Opal Pin	http://gutenberg.net.au/ebooks19/1901131h.html
190112	Ernest Haycox	Trail Smoke	http://gutenberg.net.au/ebooks19/1901121h.html
190111	Frank L Packard	The Red Ledger	http://gutenberg.net.au/ebooks19/1901111h.html
190110	Frank L Packard	Never Again	http://gutenberg.net.au/ebooks19/1901101h.html
190109	Frank L Packard	Corporal Bob	http://gutenberg.net.au/ebooks19/1901091h.html
190108	Frank L Packard	Coogan's Last Run	http://gutenberg.net.au/ebooks19/1901081h.html
190107	Fergus Hume	The Whispering Lane	http://gutenberg.net.au/ebooks19/1901071h.html
190106	Carlton Dawe	Leathermouth	http://gutenberg.net.au/ebooks19/1901061h.html
190105	Carolyn Wells	More Lives than One	http://gutenberg.net.au/ebooks19/1901051h.html
190104	Ernest Haycox	Chaffee of Roaring Horse	http://gutenberg.net.au/ebooks19/1901041h.html
190103	William Bradley	A Voyage to New South Wales	http://gutenberg.net.au/ebooks19/1901031h.html
190102	Carolyn Wells	The Vanity Case	http://gutenberg.net.au/ebooks19/1901021h.html
190101	Ernest Haycox	The Feudists	http://gutenberg.net.au/ebooks19/1901011h.html
190100	Rosa Praed	The Soul of Countess Adrian	http://gutenberg.net.au/ebooks19/1901001h.html
190099	Marjorie Bowen	The Knot Garden	http://gutenberg.net.au/ebooks19/1900991h.html
190098	J J Rousseau	The Reveries Of The Solitary Walker	http://gutenberg.net.au/ebooks19/1900981h.html
190097	Marjorie Bowen	Child of Chequer'd Fortune	http://gutenberg.net.au/ebooks19/1900971h.html
190096	Stewart Edward White	The Grampus and the Weasel	http://gutenberg.net.au/ebooks19/1900961h.html
190095	A Fielding	The Wedding Chest Mystery	http://gutenberg.net.au/ebooks19/1900951h.html
190094	A Fielding	The Charteris Mystery	http://gutenberg.net.au/ebooks19/1900941h.html
190093	Ernest Haycox	A Rider of the High Mesa	http://gutenberg.net.au/ebooks19/1900931h.html
190092	Carolyn Wells	Collected Short Stories	http://gutenberg.net.au/ebooks19/1900921h.html
190091	Carolyn Wells	The Skeleton at the Feast	http://gutenberg.net.au/ebooks19/1900911h.html
190090	Carolyn Wells	The Doorstep Murders	http://gutenberg.net.au/ebooks19/1900901h.html
190089	Jack McLaren	The White Witch	http://gutenberg.net.au/ebooks19/1900891h.html
190088	Carolyn Wells	The Tapestry Room Murder	http://gutenberg.net.au/ebooks19/1900881h.html
190087	Carolyn Wells	Who Killed Caldwell	http://gutenberg.net.au/ebooks19/1900871h.html
190086	Edward Westermarck	Christianity and Morals	http://gutenberg.net.au/ebooks19/1900861h.html
190085	Carolyn Wells	Crime Tears On	http://gutenberg.net.au/ebooks19/1900851h.html
190084	Carolyn Wells	Murder Will In	http://gutenberg.net.au/ebooks19/1900841h.html
190083	Carolyn Wells	The Crime in the Crypt	http://gutenberg.net.au/ebooks19/1900831h.html
190082	Carolyn Wells	The Bronze Hand	http://gutenberg.net.au/ebooks19/1900821h.html
190081	Ernest Haycox	Good Marriage and Other Stories	http://gutenberg.net.au/ebooks19/1900811h.html
190080	Carolyn Wells	The Daughter of the House	http://gutenberg.net.au/ebooks19/1900801h.html
190079	Ernest Haycox	Action by Night	http://gutenberg.net.au/ebooks19/1900791h.html
190078	Carolyn Wells	The Broken O	http://gutenberg.net.au/ebooks19/1900781h.html
190077	Ernest Haycox	The Silver Desert	http://gutenberg.net.au/ebooks19/1900771h.html
190076	Carolyn Wells	The Omnibus Fleming Stone	http://gutenberg.net.au/ebooks19/1900761h.html
190075	Carolyn Wells	Murder in the Bookshop	http://gutenberg.net.au/ebooks19/1900751h.html
190074	K Langloh Parker	The Walkabouts Of Wur-Run-Nah	http://gutenberg.net.au/ebooks19/1900741h.html
190073	Carolyn Wells	Sleeping Dogs	http://gutenberg.net.au/ebooks19/1900731h.html
190072	Ernest Haycox	Canyon Passage	http://gutenberg.net.au/ebooks19/1900721h.html
190070	A Fielding	The Tall House Mystery	http://gutenberg.net.au/ebooks19/1900701h.html
190069	Carolyn Wells	The Furthest Fury	http://gutenberg.net.au/ebooks19/1900691h.html
190068	Carolyn Wells	The Beautiful Derelict	http://gutenberg.net.au/ebooks19/1900681h.html
190067	  A Fielding	The Case of the Two Pearl Necklaces	http://gutenberg.net.au/ebooks19/1900671h.html
190066	Carolyn Wells	Wheels Within Wheels	http://gutenberg.net.au/ebooks19/1900661h.html
190065	A Fielding	Scarecrow	http://gutenberg.net.au/ebooks19/1900651h.html
190064	Carolyn Wells	The Disappearance of Kimball Webb	http://gutenberg.net.au/ebooks19/1900641h.html
190063	Carolyn Wells	The Affair at Flower Acres	http://gutenberg.net.au/ebooks19/1900631h.html
190062	Ernest Haycox	Bugles in the Afternoon	http://gutenberg.net.au/ebooks19/1900621h.html
190061	K Langloh Parker	More Australian Legendary Tales	http://gutenberg.net.au/ebooks19/1900611h.html
190060	Ernest Haycox	The Border Trumpet	http://gutenberg.net.au/ebooks19/1900601h.html
190059	Stuart E Dawson	Rethinking Athenian Democracy	http://gutenberg.net.au/ebooks19/1900591p.pdf
190058	George Wilson Hall	The Kelly Gang	http://gutenberg.net.au/ebooks19/1900581p.pdf
190057	A Fielding	Mystery at the Rectory	http://gutenberg.net.au/ebooks19/1900571h.html
190056	Rex Beach	Big Brother and Other Stories	http://gutenberg.net.au/ebooks19/1900561h.html
190055	 S E Dawson	Ned Kelly and the myth of a republic	http://gutenberg.net.au/ebooks19/1900551p.pdf
190054	Ernest Haycox	Long Storm	http://gutenberg.net.au/ebooks19/1900541h.html
190053	Rex Beach	The Winds of Chance	http://gutenberg.net.au/ebooks19/1900531h.html
190052	Rex Beach	Rainbow's End	http://gutenberg.net.au/ebooks19/1900521h.html
190051	Rex Beach	The Auction Block	http://gutenberg.net.au/ebooks19/1900511h.html
190050	A Fielding	The Craig Poisoning Mystery	http://gutenberg.net.au/ebooks19/1900501h.html
190049	Ernest Haycox	Starlight Rider	http://gutenberg.net.au/ebooks19/1900491h.html
190048	A Fielding	The Clifford Affair	http://gutenberg.net.au/ebooks19/1900481h.html
190047	A Fielding	The Footsteps that Stopped	http://gutenberg.net.au/ebooks19/1900471h.html
190046	Rex Beach	The Iron Trail	http://gutenberg.net.au/ebooks19/1900461h.html
190045	A Fielding	The Cluny Problem	http://gutenberg.net.au/ebooks19/1900451h.html
190044	A Fielding	The Eames-Erskine Case	http://gutenberg.net.au/ebooks19/1900441h.html
190043	Rex Beach	The Vengeance of Durand	http://gutenberg.net.au/ebooks19/1900431h.html
190042	Rex Beach	Jaragu and the Lost Islands	http://gutenberg.net.au/ebooks19/1900421h.html
190041	Rex Beach	The Net	http://gutenberg.net.au/ebooks19/1900411h.html
190040	Alexander Harris	Settlers and Convicts	http://gutenberg.net.au/ebooks19/1900401h.html
190039	Rex Beach	The Ne'er-Do-Well	http://gutenberg.net.au/ebooks19/1900391h.html
190038	Frederick William Mole	After Many Years	http://gutenberg.net.au/ebooks19/1900381.txt http://gutenberg.net.au/ebooks19/1900381h.html
190037	Frederick William Mole	A Lesson in Tactics	http://gutenberg.net.au/ebooks19/1900371.txt http://gutenberg.net.au/ebooks19/1900371h.html
190036	Rex Beach	The Great Sioux Festival	http://gutenberg.net.au/ebooks19/1900361h.html
190035	Ernest Haycox	Man in the Saddle	http://gutenberg.net.au/ebooks19/1900351h.html
190034	Rex Beach	Flowing Gold	http://gutenberg.net.au/ebooks19/1900341h.html
190033	Rex Beach	Woman in Ambush	http://gutenberg.net.au/ebooks19/1900331h.html
190032	Rex Beach	Jaragu of the Jungle	http://gutenberg.net.au/ebooks19/1900321h.html
190031	Rex Beach	The Barrier	http://gutenberg.net.au/ebooks19/1900311h.html
190030	Rex Beach	Pardners	http://gutenberg.net.au/ebooks19/1900301h.html
190029	 Anonymous	Infallibility	http://gutenberg.net.au/ebooks19/1900291h.html
190028	Eliza Humphreys	The Sin of Jasper Standish	http://gutenberg.net.au/ebooks19/1900281.txt http://gutenberg.net.au/ebooks19/1900281h.html
190027	Rex Beach	The Silver Horde	http://gutenberg.net.au/ebooks19/1900271h.html
190026	Ernest Haycox	Alder Gulch	http://gutenberg.net.au/ebooks19/1900261h.html
190025	Rex Beach	Too Fat to Fight	http://gutenberg.net.au/ebooks19/1900251h.html
190024	Rex Beach	Going Some	http://gutenberg.net.au/ebooks19/1900241h.html
190023	Benjamin Leopold Farjeon	The King of No-Land	http://gutenberg.net.au/ebooks19/1900231h.html
190022	John Galsworthy	The Black Coat	http://gutenberg.net.au/ebooks19/1900221h.html
190021	Harold Johnston	The Electric Gun	http://gutenberg.net.au/ebooks19/1900211h.html
190020	Ben Ames Williams	The Noble Lord	http://gutenberg.net.au/ebooks19/1900201h.html
190019	Carlton Dawe	The Emu's Head	http://gutenberg.net.au/ebooks19/1900191h.html
190018	H E Boote	The Land of Wherisit	http://gutenberg.net.au/ebooks19/1900181h.html
190017	Rex Beach	The Crimson Gardenia and Other Tales	http://gutenberg.net.au/ebooks19/1900171h.html
190016	Rex Beach	The Looting of Alaska	http://gutenberg.net.au/ebooks19/1900161h.html
190015	Ben Ames Williams	The Sixth Thing	http://gutenberg.net.au/ebooks19/1900151h.html
190014	Rufus H Gillmore	The Alster Case	http://gutenberg.net.au/ebooks19/1900141h.html
190013	Ernest Haycox	Trouble Shooter	http://gutenberg.net.au/ebooks19/1900131h.html
190012	Andy Adams	The Ranch on the Beaver	http://gutenberg.net.au/ebooks19/1900121h.html
190011	Rex Beach	The Spoilers	http://gutenberg.net.au/ebooks19/1900111h.html
190010	Fergus Hume	When I Lived in Bohemia	http://gutenberg.net.au/ebooks19/1900101h.html
190009	Ben Ames Williams	What Doth It Profit	http://gutenberg.net.au/ebooks19/1900091h.html
190008	Ernest Favenc	My Only Murder	http://gutenberg.net.au/ebooks19/1900081h.html
190007	Carlton Dawe	The Voyage of the Pulo Way	http://gutenberg.net.au/ebooks19/1900071h.html
190006	Kenneth Mackay	Across Papua	http://gutenberg.net.au/ebooks19/1900061h.html
190005	Ben Ames Williams	A Voice from the Fog	http://gutenberg.net.au/ebooks19/1900051h.html
190004	Dick Donovan	Riddles Read	http://gutenberg.net.au/ebooks19/1900041h.html
190003	Dick Donovan	Found and Fettered	http://gutenberg.net.au/ebooks19/1900031h.html
190002	Ernest Haycox	Riders West	http://gutenberg.net.au/ebooks19/1900021h.html
190001	Ernest Favenc	The Lady Ermetta	http://gutenberg.net.au/ebooks19/1900011h.html
180120	Melville D Post	The Phantom Woman	http://gutenberg.net.au/ebooks18/1801201h.html
180119	Melville D Post	The Hole in the Glass	http://gutenberg.net.au/ebooks18/1801191h.html
180118	Melville D Post	The Garden in Asia	http://gutenberg.net.au/ebooks18/1801181h.html
180117	Melville D Post	The Blackmailer	http://gutenberg.net.au/ebooks18/1801171h.html
180116	Melville D Post	The Stolen Treasure	http://gutenberg.net.au/ebooks18/1801161h.html
180115	Ernest Haycox	Saddle and Ride	http://gutenberg.net.au/ebooks18/1801151h.html
180114	Melville D Post	The Cuneiform Inscription	http://gutenberg.net.au/ebooks18/1801141h.html
180113	Melville D Post	The Bradmoor Murder	http://gutenberg.net.au/ebooks18/1801131h.html
180112	Fred Merrick White	Dust	http://gutenberg.net.au/ebooks18/1801121h.html
180111	Ernest Bramah	The Specimen Case	http://gutenberg.net.au/ebooks18/1801111h.html
180110	Ernest Haycox	Head of the Mountain	http://gutenberg.net.au/ebooks18/1801101h.html
180109	Ernest Haycox	The Adventurers	http://gutenberg.net.au/ebooks18/1801091h.html
180108	Ernest Haycox	The Earthbreakers	http://gutenberg.net.au/ebooks18/1801081h.html
180107	Ernest Haycox	Murder on the Frontier	http://gutenberg.net.au/ebooks18/1801071h.html
180106	Ernest Haycox	Sundown Jim	http://gutenberg.net.au/ebooks18/1801061h.html
180105	Ruth Mary Tristram	Letters from Christopher	http://gutenberg.net.au/ebooks18/1801051h.html
180104	Stewart Edward White	Stampede	http://gutenberg.net.au/ebooks18/1801041h.html
180103	Stewart Edward White	Folded Hills	http://gutenberg.net.au/ebooks18/1801031h.html
180102	Stewart Edward White	Ranchero	http://gutenberg.net.au/ebooks18/1801021h.html
180101	Stewart Edward White	The Long Rifle	http://gutenberg.net.au/ebooks18/1801011h.html
180100	Andy Adams	The Outlet	http://gutenberg.net.au/ebooks18/1801001h.html
180099	Ernest Haycox	Whispering Range	http://gutenberg.net.au/ebooks18/1800991h.html
180098	Ernest Haycox	Blizzard Camp	http://gutenberg.net.au/ebooks18/1800981h.html
180097	Ernest Haycox	Dead Man Range	http://gutenberg.net.au/ebooks18/1800971h.html
180096	Fergus Hume	The Year of Miracle	http://gutenberg.net.au/ebooks18/1800961h.html
180095	Ernest Haycox	Rim of the Desert	http://gutenberg.net.au/ebooks18/1800951h.html
180094	Rex Beach	Laughing Bill Hyde	http://gutenberg.net.au/ebooks18/1800941h.html
180093	Rex Beach	Oh, Shoot!	http://gutenberg.net.au/ebooks18/1800931h.html
180092	Fergus Hume	The Pink Shop	http://gutenberg.net.au/ebooks18/1800921h.html
180091	Fergus Hume	The Peacock of Jewels	http://gutenberg.net.au/ebooks18/1800911h.html
180090	Fergus Hume	The Mikado Jewel	http://gutenberg.net.au/ebooks18/1800901h.html
180089	Rex Beach	North of Fifty-Three	http://gutenberg.net.au/ebooks18/1800891h.html
180088	Fergus Hume	The Chinese Jar	http://gutenberg.net.au/ebooks18/1800881h.html
180087	Rufus H Gillmore	The Mystery of the Second Shot	http://gutenberg.net.au/ebooks18/1800871h.html
180086	Fergus Hume	The Expedition of Captain Flick	http://gutenberg.net.au/ebooks18/1800861h.html
180085	Rafael Sabatini	The Gordian Knot	http://gutenberg.net.au/ebooks18/1800851h.html
180084	Fergus Hume	The Amethyst Cross	http://gutenberg.net.au/ebooks18/1800841h.html
180083	Rafael Sabatini	Turbulent Tales	http://gutenberg.net.au/ebooks18/1800831h.html
180082	Rafael Sabatini	The Justice of the Duke	http://gutenberg.net.au/ebooks18/1800821h.html
180081	J W Brodie-Innes	The Devil's Mistress	http://gutenberg.net.au/ebooks18/1800811h.html
180080	J W Brodie-Innes	Morag the Seal	http://gutenberg.net.au/ebooks18/1800801h.html
180079	Fergus Hume	The Lost Parchment	http://gutenberg.net.au/ebooks18/1800791h.html
180078	Anna Katharine Green	Miss Hurd: An Enigma	http://gutenberg.net.au/ebooks18/1800781h.html
180077	Anna Katharine Green	Marked Personal	http://gutenberg.net.au/ebooks18/1800771h.html
180076	Fergus Hume	The Sealed Message	http://gutenberg.net.au/ebooks18/1800761h.html
180075	Booth Tarkington	The Fascinating Stranger	http://gutenberg.net.au/ebooks18/1800751h.html
180074	Carlton Dawe	Mount Desolation	http://gutenberg.net.au/ebooks18/1800741h.html
180073	Rufus H Gillmore	The Ebony Bed Murder	http://gutenberg.net.au/ebooks18/1800731h.html
180072	John Galsworthy	Acme	http://gutenberg.net.au/ebooks18/1800721h.html
180071	Damon Runyon	Runyon from First to Last	http://gutenberg.net.au/ebooks18/1800711h.html
180070	Fergus Hume	The Purple Fern	http://gutenberg.net.au/ebooks18/1800701h.html
180069	Anna Katharine Green	A Matter of Millions	http://gutenberg.net.au/ebooks18/1800691h.html
180068	Carlton Dawe	The Confessions of a Currency Girl	http://gutenberg.net.au/ebooks18/1800681h.html
180067	Anna Katharine Green	Doctor Izard	http://gutenberg.net.au/ebooks18/1800671h.html
180066	Rufus H Gillmore	Their First Dinner	http://gutenberg.net.au/ebooks18/1800661h.html
180065	Anna Katharine Green	Risifi's Daughter	http://gutenberg.net.au/ebooks18/1800651h.html
180064	Sinclair Lewis	Seven Million Dollars	http://gutenberg.net.au/ebooks18/1800641h.html
180063	Fergus Hume	Jonah's Luck	http://gutenberg.net.au/ebooks18/1800631h.html
180062	Fergus Hume	In Queer Street	http://gutenberg.net.au/ebooks18/1800621h.html
180061	Carlton Dawe	The Golden Lake	http://gutenberg.net.au/ebooks18/1800611h.html
180060	E W Hornung	Collected Short Stories	http://gutenberg.net.au/ebooks18/1800601h.html
180059	Fergus Hume	The Scarlet Bat	http://gutenberg.net.au/ebooks18/1800591h.html
180058	Eliza Humphreys	The Silent Woman	http://gutenberg.net.au/ebooks18/1800581.txt http://gutenberg.net.au/ebooks18/1800581h.html
180057	E W Hornung	Trusty and Well Beloved	http://gutenberg.net.au/ebooks18/1800571h.html
180056	Fergus Hume	The Indian Bangle	http://gutenberg.net.au/ebooks18/1800561h.html
180055	F Scott Fitzgerald	Presumption	http://gutenberg.net.au/ebooks18/1800551h.html
180054	Fergus Hume	The Millionaire Mystery	http://gutenberg.net.au/ebooks18/1800541h.html
180053	F Scott Fitzgerald	Shaggy's Morning	http://gutenberg.net.au/ebooks18/1800531h.html
180052	Fergus Hume	A Traitor in London	http://gutenberg.net.au/ebooks18/1800521h.html
180051	Fergus Hume	The Gates of Dawn	http://gutenberg.net.au/ebooks18/1800511h.html
180050	Fergus Hume	The White Prior	http://gutenberg.net.au/ebooks18/1800501h.html
180049	F Scott Fitzgerald	The Guest in Room Nineteen	http://gutenberg.net.au/ebooks18/1800491h.html
180048	Fergus Hume	The Island of Fantasy	http://gutenberg.net.au/ebooks18/1800481h.html
180047	F Scott Fitzgerald	The Pusher-in-the-Face	http://gutenberg.net.au/ebooks18/1800471h.html
180046	Fergus Hume	The Black Carnation	http://gutenberg.net.au/ebooks18/1800461h.html
180045	Fergus Hume	A Midnight Mystery	http://gutenberg.net.au/ebooks18/1800451h.html
180044	Fergus Hume	The Yellow Hunchback	http://gutenberg.net.au/ebooks18/1800441h.html
180043	F Scott Fitzgerald	A Snobbish Story	http://gutenberg.net.au/ebooks18/1800431h.html
180042	Fergus Hume	The Curse	http://gutenberg.net.au/ebooks18/1800421h.html
180041	F Scott Fitzgerald	Three Acts of Music	http://gutenberg.net.au/ebooks18/1800411h.html
180040	F Scott Fitzgerald	Strange Sanctuary	http://gutenberg.net.au/ebooks18/1800401h.html
180039	Fergus Hume	The Lonely Church	http://gutenberg.net.au/ebooks18/1800391h.html
180038	F Scott Fitzgerald	Too Cute for Words	http://gutenberg.net.au/ebooks18/1800381h.html
180037	Fergus Hume	The Disappearing Eye	http://gutenberg.net.au/ebooks18/1800371h.html
180036	E W Hornung	Notes of a Camp Follower	http://gutenberg.net.au/ebooks18/1800361h.html
180035	F Scott Fitzgerald	Hot and Cold Blood	http://gutenberg.net.au/ebooks18/1800351h.html
180034	F Scott Fitzgerald	The Adjuster	http://gutenberg.net.au/ebooks18/1800341h.html
180033	Stacy Aumonier	George	http://gutenberg.net.au/ebooks18/1800331h.html
180032	W Humer Ferguson	The Mystery of a Wheel-Barrow	http://gutenberg.net.au/ebooks18/1800321h.html
180031	E W Hornung	Denis Dent	http://gutenberg.net.au/ebooks18/1800311h.html
180030	Aidan de Brune	The Mystery of the Nine Stars	http://gutenberg.net.au/ebooks18/1800301h.html
180029	E W Hornung	The Thousandth Woman	http://gutenberg.net.au/ebooks18/1800291h.html
180028	E W Hornung	The Young Guard	http://gutenberg.net.au/ebooks18/1800281h.html
180027	E W Hornung	The Ballad of Ensign Joy	http://gutenberg.net.au/ebooks18/1800271h.html
180026	E W Hornung	Old Offenders and a Few Old Scores	http://gutenberg.net.au/ebooks18/1800261h.html
180025	E W Hornung	Charles Reade	http://gutenberg.net.au/ebooks18/1800251h.html
180024	Meade & Eustace	Sir Penn Carlyll's Engagement	http://gutenberg.net.au/ebooks18/1800241.txt http://gutenberg.net.au/ebooks18/1800241h.html
180023	L T Meade & Eustace	Finger Tips	http://gutenberg.net.au/ebooks18/1800231.txt http://gutenberg.net.au/ebooks18/1800231h.html
180022	L T Meade and Eustace	The Dead Hand	http://gutenberg.net.au/ebooks18/1800221.txt http://gutenberg.net.au/ebooks18/1800221h.html
180021	E W Hornung	The Rogue's March	http://gutenberg.net.au/ebooks18/1800211h.html
180020	E W Hornung	The Crime Doctor	http://gutenberg.net.au/ebooks18/1800201h.html
180019	E W Hornung	Witching Hill	http://gutenberg.net.au/ebooks18/1800191h.html
180018	E W Hornung	At Large	http://gutenberg.net.au/ebooks18/1800181h.html
180017	Eliza Humphreys	The Iron Stair	http://gutenberg.net.au/ebooks18/1800171h.html
180016	E W Hornung	Some Persons Unknown	http://gutenberg.net.au/ebooks18/1800161h.html
180015	E W Hornung	Peccavi	http://gutenberg.net.au/ebooks18/1800151h.html
180014	E W Hornung	Fathers of Men	http://gutenberg.net.au/ebooks18/1800141h.html
180013	Anna Katharine Green	Behind Closed Doors	http://gutenberg.net.au/ebooks18/1800131h.html
180012	E W Hornung	The Camera Fiend	http://gutenberg.net.au/ebooks18/1800121h.html
180011	Mary Fortune	The Detective's Dream	http://gutenberg.net.au/ebooks18/1800111h.html
180010	Mary Fortune	Monk's Mark	http://gutenberg.net.au/ebooks18/1800101h.html
180009	Mary Fortune	Hereditary	http://gutenberg.net.au/ebooks18/1800091h.html
180008	Record Diary of a Walk Around Australia,A de Brune		http://gutenberg.net.au/ebooks18/1800081h.html
180007	E W Hornung	Under Two Skies	http://gutenberg.net.au/ebooks18/1800071h.html
180006	E W Hornung	At the Pistol's Point	http://gutenberg.net.au/ebooks18/1800061h.html
180005	Aidan de Brune	Fifty Years of Progress in Aust.	http://gutenberg.net.au/ebooks18/1800051p.pdf
180004	E W Hornung	The Shadow of the Rope	http://gutenberg.net.au/ebooks18/1800041h.html
180003	E W Hornung	The Belle of Toorak	http://gutenberg.net.au/ebooks18/1800031h.html
180002	E W Hornung	Irralie's Bushranger	http://gutenberg.net.au/ebooks18/1800021h.html
180001	E W Hornung	Dead Men Tell No Tales	http://gutenberg.net.au/ebooks18/1800011h.html
170139	E W Hornung	The Unbidden Guest	http://gutenberg.net.au/ebooks17/1701391h.html
170138	Eliza Humphreys	The Lie Circumspect	http://gutenberg.net.au/ebooks17/1701381.txt http://gutenberg.net.au/ebooks17/1701381h.html
170137	E W Hornung	My Lord Duke	http://gutenberg.net.au/ebooks17/1701371h.html
170136	Lala Richardson Fisher	By Creek and Gully	http://gutenberg.net.au/ebooks17/1701361h.html
170135	Anna Katharine Green	The Step on the Stair	http://gutenberg.net.au/ebooks17/1701351h.html
170134	Fergus Hume	The Fever of Life	http://gutenberg.net.au/ebooks17/1701341h.html
170133	Fergus Hume	The Turnpike House	http://gutenberg.net.au/ebooks17/1701331h.html
170132	Fergus Hume	The Lady From Nowhere	http://gutenberg.net.au/ebooks17/1701321h.html
170131	E W Hornung	Young Blood	http://gutenberg.net.au/ebooks17/1701311h.html
170130	E W Hornung	The Boss of Taroomba	http://gutenberg.net.au/ebooks17/1701301h.html
170129	Meet Mary Cronig and Other Stories,Aidan de Brune		http://gutenberg.net.au/ebooks17/1701291h.html
170128	Fergus Hume	The Clock Struck One	http://gutenberg.net.au/ebooks17/1701281h.html
170127	E W Hornung	Tiny Luttrell	http://gutenberg.net.au/ebooks17/1701271h.html
170126	Aidan de Brune	The Unlawful Adventure	http://gutenberg.net.au/ebooks17/1701261h.html
170125	E W Hornung	Stingaree	http://gutenberg.net.au/ebooks17/1701251h.html
170124	Aidan de Brune	The Dagger and Cord	http://gutenberg.net.au/ebooks17/1701241h.html
170123	E W Hornung	A Bride from the Bush	http://gutenberg.net.au/ebooks17/1701231h.html
170122	Eliza Humphreys	Vivienne	http://gutenberg.net.au/ebooks17/1701221.txt http://gutenberg.net.au/ebooks17/1701221h.html
170121	Fergus Hume	Tracked by a Tattoo	http://gutenberg.net.au/ebooks17/1701211h.html
170120	Fergus Hume	The Red Bicycle	http://gutenberg.net.au/ebooks17/1701201h.html
170119	Fergus Hume	The Spider	http://gutenberg.net.au/ebooks17/1701191h.html
170118	Aidan de Brune	The Framing of Inspector Denvers	http://gutenberg.net.au/ebooks17/1701181h.html
170117	Aidan de Brune	The Pursuits of Mr Peter Pell	http://gutenberg.net.au/ebooks17/1701171h.html
170116	Fergus Hume	Lady Jim of Curzon Street	http://gutenberg.net.au/ebooks17/1701161h.html
170115	Aidan de Brune	The Flirting Fool	http://gutenberg.net.au/ebooks17/1701151h.html
170114	Aidan de Brune	The Phantom Launch	http://gutenberg.net.au/ebooks17/1701141h.html
170113	Aidan de Brune	Dr. Night	http://gutenberg.net.au/ebooks17/1701131h.html
170112	Fergus Hume	The Sacred Herb	http://gutenberg.net.au/ebooks17/1701121h.html
170111	Fergus Hume	Whom God Hath Joined	http://gutenberg.net.au/ebooks17/1701111h.html
170110	James McBryde	The Story of a Troll-Hunt	http://gutenberg.net.au/ebooks17/1701101p.pdf
170109	Anna Katharine Green	To the Minute	http://gutenberg.net.au/ebooks17/1701091h.html
170108	Aidan de Brune	Find This Man	http://gutenberg.net.au/ebooks17/1701081h.html
170106	Aidan de Brune	Whispering Death	http://gutenberg.net.au/ebooks17/1701061h.html
170105	Aidan de Brune	The Little Grey Woman	http://gutenberg.net.au/ebooks17/1701051h.html
170108	Aidan de Brune	Where the Lost Legions Go	http://gutenberg.net.au/ebooks17/1701041h.html
170103	Eliza Humphreys	A Woman of Samaria	http://gutenberg.net.au/ebooks17/1701031.txt http://gutenberg.net.au/ebooks17/1701031h.html
170102	Eliza Humphreys	Petticoat Loose	http://gutenberg.net.au/ebooks17/1701021.txt http://gutenberg.net.au/ebooks17/1701021h.html
170101	Eliza Humphreys	The Sinner	http://gutenberg.net.au/ebooks17/1701011.txt http://gutenberg.net.au/ebooks17/1701011h.html
170100	Aidan de Brune	The Carson Loan Mystery	http://gutenberg.net.au/ebooks17/1701001h.html
170099	Aidan de Brune	The Green Pearl	http://gutenberg.net.au/ebooks17/1700991h.html
170097	Aidan de Brune	Saul and the Spinster	http://gutenberg.net.au/ebooks17/1700981h.html
170096	Aidan de Brune	The Three Snails	http://gutenberg.net.au/ebooks17/1700971h.html
170096	Aidan de Brune	The Fortune Telling House	http://gutenberg.net.au/ebooks17/1700961h.html
170095	Aidan de Brune	The League of Five	http://gutenberg.net.au/ebooks17/1700951h.html
170094	Aidan de Brune	The Grays Manor Mystery	http://gutenberg.net.au/ebooks17/1700941h.html
170093	Aidan de Brune	The Kahm Syndicate	http://gutenberg.net.au/ebooks17/1700931h.html
170092	Fergus Hume	The Vanishing Of Tera	http://gutenberg.net.au/ebooks17/1700921h.html
170091	Fergus Hume	The Silver Bullet	http://gutenberg.net.au/ebooks17/1700911h.html
170090	Aidan de Brune	Douchard's Island	http://gutenberg.net.au/ebooks17/1700901h.html
170089	Anna Katharine Green	A Difficult Problem	http://gutenberg.net.au/ebooks17/1700891h.html
170088	Anna Katharine Green	Room Number 3	http://gutenberg.net.au/ebooks17/1700881h.html
170087	Anna Katharine Green	Masterpieces of Mystery	http://gutenberg.net.au/ebooks17/1700871h.html
170086	Aidan de Brune	The Shadow Crook	http://gutenberg.net.au/ebooks17/1700861h.html
170085	Fergus Hume	For the Defence	http://gutenberg.net.au/ebooks17/1700851h.html
170084	Anna Katharine Green	Dark Hollow	http://gutenberg.net.au/ebooks17/1700841h.html
170083	Aidan de Brune	Ten Australian Authors	http://gutenberg.net.au/ebooks17/1700831h.html
170082	Aidan de Brune	The Murders at Madlands	http://gutenberg.net.au/ebooks17/1700821h.html
170081	Fergus Hume	The Red-Headed Man	http://gutenberg.net.au/ebooks17/1700811h.html
170080	Aidan de Brune	A Stroll Around Australia	http://gutenberg.net.au/ebooks17/1700801h.html
170079	Anna Katharine Green	The Mayor's Wife	http://gutenberg.net.au/ebooks17/1700791h.html
170078	Fergus Hume	The Crimson Cryptogram	http://gutenberg.net.au/ebooks17/1700781h.html
170077	Fergus Hume	The Black Patch	http://gutenberg.net.au/ebooks17/1700771h.html
170076	John Monk Foster	Judith of the Red Hand	http://gutenberg.net.au/ebooks17/1700761.txt http://gutenberg.net.au/ebooks17/1700761h.html
170075	Anna Katharine Green	The Chief Legatee	http://gutenberg.net.au/ebooks17/1700751h.html
170074	Fergus Hume	The Rainbow Feather	http://gutenberg.net.au/ebooks17/1700741h.html
170073	Anna Katharine Green	Cynthia Wakeham's Money	http://gutenberg.net.au/ebooks17/1700731h.html
170072	Fergus Hume	The Wooden Hand	http://gutenberg.net.au/ebooks17/1700721h.html
170071	Anna Katharine Green	The Defence of the Bride	http://gutenberg.net.au/ebooks17/1700711h.html
170070	Fergus Hume	The White Room	http://gutenberg.net.au/ebooks17/1700701h.html
170069	Fergus Hume	The Yellow Holly	http://gutenberg.net.au/ebooks17/1700691h.html
170068	Fergus Hume	The Seaside Girl	http://gutenberg.net.au/ebooks17/1700681h.html
170067	Fergus Hume	Monsieur Judas	http://gutenberg.net.au/ebooks17/1700671h.html
170066	Anna Katharine Green	The Amethyst Box	http://gutenberg.net.au/ebooks17/1700661h.html
170065	The Old Stone House and Other Stories,Anna K Green		http://gutenberg.net.au/ebooks17/1700651h.html
170064	Plato	The Republic of Plato	http://gutenberg.net.au/ebooks17/1700641.txt http://gutenberg.net.au/ebooks17/1700641h.html
170063	Anna Katharine Green	Seven to Twelve	http://gutenberg.net.au/ebooks17/1700631h.html
170062	Anna Katharine Green	The Forsaken Inn	http://gutenberg.net.au/ebooks17/1700621h.html
170061	Anna Katharine Green	The Sword of Damocles	http://gutenberg.net.au/ebooks17/1700611h.html
170060	Fergus Hume	A Creature of the Night	http://gutenberg.net.au/ebooks17/1700601h.html
170059	House of The Whispering Pines,Anna Katharine Green		http://gutenberg.net.au/ebooks17/1700591h.html
170058	Anna Katharine Green	The Woman in the Alcove	http://gutenberg.net.au/ebooks17/1700581h.html
170057	Anna Katharine Green	XYZ: A Detective Story	http://gutenberg.net.au/ebooks17/1700571h.html
170056	John Lang	Raymond	http://gutenberg.net.au/ebooks17/1700561.txt http://gutenberg.net.au/ebooks17/1700561h.html
170055	Anna Katharine Green	The House in the Mist	http://gutenberg.net.au/ebooks17/1700551h.html
170054	Anna Katharine Green	Three Thousand Dollars	http://gutenberg.net.au/ebooks17/1700541h.html
170053	Fergus Hume	The Dancer in Red	http://gutenberg.net.au/ebooks17/1700531h.html
170052	Anna Katharine Green	Agatha Webb	http://gutenberg.net.au/ebooks17/1700521h.html
170051	Anna Katharine Green	Initials Only	http://gutenberg.net.au/ebooks17/1700511h.html
170050	Fergus Hume	Miss Mephistopheles	http://gutenberg.net.au/ebooks17/1700501h.html
170049	Anna Katharine Green	One of My Sons	http://gutenberg.net.au/ebooks17/1700491h.html
170048	Rafael Sabatini	Loaded Dice and Other Stories	http://gutenberg.net.au/ebooks17/1700481h.html
170047	The Outlaw and the Lady and Other Stories,Sabatini		http://gutenberg.net.au/ebooks17/1700471h.html
170046	Rafael Sabatini	The Camisade	http://gutenberg.net.au/ebooks17/1700461h.html
170045	Rafael Sabatini	The Open Door	http://gutenberg.net.au/ebooks17/1700451h.html
170044	Rafael Sabatini	The Gamester	http://gutenberg.net.au/ebooks17/1700441h.html
170043	Anna Katharine Green	The Circular Study	http://gutenberg.net.au/ebooks17/1700431h.html
170042	Anna Katharine Green	Lost Man's Lane	http://gutenberg.net.au/ebooks17/1700421h.html
170041	Fergus Hume	The Man with a Secret	http://gutenberg.net.au/ebooks17/1700411h.html
170040	John Monk Foster	A Pit-brow Lassie	http://gutenberg.net.au/ebooks17/1700401.txt http://gutenberg.net.au/ebooks17/1700401h.html
170039	Anna Katharine Green	Hand and Ring	http://gutenberg.net.au/ebooks17/1700391h.html
170038	Anna Katharine Green	A Strange Disappearance	http://gutenberg.net.au/ebooks17/1700381h.html
170037	Anna Katharine Green	Eleven Possible Cases	http://gutenberg.net.au/ebooks17/1700371h.html
170036	Anna K Green	The Doctor his Wife and the Clock	http://gutenberg.net.au/ebooks17/1700361h.html
170035	Fergus Hume	Chronicles Of Faeryland	http://gutenberg.net.au/ebooks17/1700351h.html
170034	Fergus Hume	The Gentleman Who Vanished	http://gutenberg.net.au/ebooks17/1700341h.html
170033	Fergus Hume	Professor Brankel's Secret	http://gutenberg.net.au/ebooks17/1700331h.html
170032	Henry Ford	Moving Forward	http://gutenberg.net.au/ebooks17/1700321h.html
170031	Fergus Hume	The Piccadilly Puzzle	http://gutenberg.net.au/ebooks17/1700311h.html
170030	Fergus Hume	The Girl from Malta	http://gutenberg.net.au/ebooks17/1700301h.html
170029	Fergus Hume	A Son of Perdition	http://gutenberg.net.au/ebooks17/1700291h.html
170028	Fergus Hume	The Solitary Farm	http://gutenberg.net.au/ebooks17/1700281h.html
170027	Fergus Hume	The Green Mummy	http://gutenberg.net.au/ebooks17/1700271h.html
170026	Fergus Hume	The Opal Serpent	http://gutenberg.net.au/ebooks17/1700261h.html
170025	Fergus Hume	The Mandarin's Fan	http://gutenberg.net.au/ebooks17/1700251h.html
170024	Fergus Hume	The Red Window	http://gutenberg.net.au/ebooks17/1700241h.html
170023	Fergus Hume	The Dwarf's Chamber	http://gutenberg.net.au/ebooks17/1700231h.html
170022	Fergus Hume	A Coin of Edward VII	http://gutenberg.net.au/ebooks17/1700221h.html
170021	Fergus Hume	The Pagan's Cup	http://gutenberg.net.au/ebooks17/1700211h.html
170020	Ethel Lina White	They See in Darkness	http://gutenberg.net.au/ebooks17/1700201h.html
170019	Ethel Lina White	The Man Who Loved Lions	http://gutenberg.net.au/ebooks17/1700191h.html
170018	Ethel Lina White	The Elephant Never Forgets	http://gutenberg.net.au/ebooks17/1700181h.html
170017	Ethel Lina White	Put Out the Light	http://gutenberg.net.au/ebooks17/1700171h.html
170016	Ethel Lina White	The First Time He Died	http://gutenberg.net.au/ebooks17/1700161h.html
170015	Fergus Hume	A Woman's Burden	http://gutenberg.net.au/ebooks17/1700151h.html
170014	Ethel Lina White	Midnight House	http://gutenberg.net.au/ebooks17/1700141h.html
170013	Fergus Hume	The Lone Inn	http://gutenberg.net.au/ebooks17/1700131h.html
170012	Fergus Hume	The Bishop's Secret	http://gutenberg.net.au/ebooks17/1700121h.html
170011	J H M Abbott	The Newcastle Packets	http://gutenberg.net.au/ebooks17/1700111.txt http://gutenberg.net.au/ebooks17/1700111h.html
170010	Fergus Hume	The Silent House	http://gutenberg.net.au/ebooks17/1700101h.html
170009	Carolyn Wells	The Huddle	http://gutenberg.net.au/ebooks17/1700091h.html
170008	Fergus Hume	The Harlequin Opal	http://gutenberg.net.au/ebooks17/1700081h.html
170007	Fergus Hume	Red Money	http://gutenberg.net.au/ebooks17/1700071h.html
170006	Ethel Lina White	The Third Eye	http://gutenberg.net.au/ebooks17/1700061h.html
170005	Fergus Hume	The Third Volume	http://gutenberg.net.au/ebooks17/1700051h.html
170004	Fergus Hume	The Secret Passage	http://gutenberg.net.au/ebooks17/1700041h.html
170003	Fergus Hume	Madame Midas	http://gutenberg.net.au/ebooks17/1700031h.html
170002	Anonymous	Six-Gun Gorilla	http://gutenberg.net.au/ebooks17/1700021h.html
170001	Collected Short Stories Vol. XX,Fred Merrick White		http://gutenberg.net.au/ebooks17/1700011h.html
160140	Fred Merrick White	Beauty in Distress	http://gutenberg.net.au/ebooks16/1601401.txt http://gutenberg.net.au/ebooks16/1601401h.html
160139	Fred Merrick White	The Shifting Sands	http://gutenberg.net.au/ebooks16/1601391.txt http://gutenberg.net.au/ebooks16/1601391h.html
160138	Fred Merrick White	A Plague of Butterflies	http://gutenberg.net.au/ebooks16/1601381.txt http://gutenberg.net.au/ebooks16/1601381h.html
160137	Fred Merrick White	The Witness of the Skies	http://gutenberg.net.au/ebooks16/1601371.txt http://gutenberg.net.au/ebooks16/1601371h.html
160136	Fred Merrick White	In Barkstone Lane	http://gutenberg.net.au/ebooks16/1601361.txt http://gutenberg.net.au/ebooks16/1601361h.html
160135	Fred Merrick White	A Christmas Star	http://gutenberg.net.au/ebooks16/1601351.txt http://gutenberg.net.au/ebooks16/1601351h.html
160134	Fred Merrick White	A Christmas Capture	http://gutenberg.net.au/ebooks16/1601341.txt http://gutenberg.net.au/ebooks16/1601341h.html
160133	Fred Merrick White	The Mistletoe Bough	http://gutenberg.net.au/ebooks16/1601331.txt http://gutenberg.net.au/ebooks16/1601331h.html
160132	Fred Merrick White	The Third Act	http://gutenberg.net.au/ebooks16/1601321.txt http://gutenberg.net.au/ebooks16/1601321h.html
160131	Fred Merrick White	A Modern Scrooge	http://gutenberg.net.au/ebooks16/1601311.txt http://gutenberg.net.au/ebooks16/1601311h.html
160130	Fred Merrick White	His Christmas Gift	http://gutenberg.net.au/ebooks16/1601301.txt http://gutenberg.net.au/ebooks16/1601301h.html
160129	Fred Merrick White	When the Moon Set	http://gutenberg.net.au/ebooks16/1601291.txt http://gutenberg.net.au/ebooks16/1601291h.html
160128	Fred Merrick White	A Crowning Christmas	http://gutenberg.net.au/ebooks16/1601281.txt http://gutenberg.net.au/ebooks16/1601281h.html
160127	Fred Merrick White	Christmas Cards	http://gutenberg.net.au/ebooks16/1601271.txt http://gutenberg.net.au/ebooks16/1601271h.html
160126	Fred Merrick White	One Christmas Eve	http://gutenberg.net.au/ebooks16/1601261.txt http://gutenberg.net.au/ebooks16/1601261h.html
160125	Carolyn Wells	Abeniki Caldwell	http://gutenberg.net.au/ebooks16/1601251h.html
160124	Edward S Sorenson	Newspaper Articles  Book One	http://gutenberg.net.au/ebooks16/1601241h.html
160123	Carolyn Wells	Feathers Left Around	http://gutenberg.net.au/ebooks16/1601231h.html
160122	Carolyn Wells	Faulkner's Folly	http://gutenberg.net.au/ebooks16/1601221h.html
160121	Carolyn Wells	The Matrimonial Bureau	http://gutenberg.net.au/ebooks16/1601211h.html
160119	Carolyn Wells	The Gordon Elopement	http://gutenberg.net.au/ebooks16/1601191h.html
160118	Carolyn Wells	Deep Lake Mystery	http://gutenberg.net.au/ebooks16/1601181h.html
160117	Carolyn Wells	The Vanishing of Betty Varian	http://gutenberg.net.au/ebooks16/1601171h.html
160116	Carolyn Wells	The Luminous Face	http://gutenberg.net.au/ebooks16/1601161h.html
160115	Carolyn Wells	The Come Back	http://gutenberg.net.au/ebooks16/1601151h.html
160114	Carolyn Wells	In the Onyx Lobby	http://gutenberg.net.au/ebooks16/1601141h.html
160113	Carolyn Wells	The Man Who Fell Through the Earth	http://gutenberg.net.au/ebooks16/1601131h.html
160112	Carolyn Wells	The Room With the Tassels	http://gutenberg.net.au/ebooks16/1601121h.html
160111	Carolyn Wells	The Mystery of the Sycamore	http://gutenberg.net.au/ebooks16/1601111h.html
160110	Carolyn Wells	The Mystery Girl	http://gutenberg.net.au/ebooks16/1601101h.html
160109	Carolyn Wells	The Diamond Pin	http://gutenberg.net.au/ebooks16/1601091h.html
160108	Carolyn Wells	Vicky Van	http://gutenberg.net.au/ebooks16/1601081h.html
160107	Carolyn Wells	The Mark of Cain	http://gutenberg.net.au/ebooks16/1601071h.html
160106	Carolyn Wells	The Curved Blades	http://gutenberg.net.au/ebooks16/1601061h.html
160105	Carolyn Wells	A Chain of Evidence	http://gutenberg.net.au/ebooks16/1601051h.html
160104	Carolyn Wells	Reaspberry Jam	http://gutenberg.net.au/ebooks16/1601041h.html
160103	Carolyn Wells	Where's Emily	http://gutenberg.net.au/ebooks16/1601031h.html
160102	Carolyn Wells	Prillilgirl	http://gutenberg.net.au/ebooks16/1601021h.html
160101	Marjorie Bowen	This Shining Woman	http://gutenberg.net.au/ebooks16/1601011h.html
160100	Carolyn Wells	The Bride of a Moment	http://gutenberg.net.au/ebooks16/1601001h.html
160099	Albert Lee	He She and They	http://gutenberg.net.au/ebooks16/1600991h.html
160098	John Arthur Barry	The City of Sydney	http://gutenberg.net.au/ebooks16/1600981h.html
160097	Ivan Dexter	In the Wake of Fortune	http://gutenberg.net.au/ebooks16/1600971.txt http://gutenberg.net.au/ebooks16/1600971h.html
160096	Albert Lee	Four for a Fortune	http://gutenberg.net.au/ebooks16/1600961h.html
160095	Albert Lee	Track Athletics in Detail 	http://gutenberg.net.au/ebooks16/1600951h.html
160094	Albert Lee	Tommy Toddles	http://gutenberg.net.au/ebooks16/1600941h.html
160093	Carolyn Wells	Spooky Hollow	http://gutenberg.net.au/ebooks16/1600931h.html
160090	Hulbert Footner	The Sealed Valley	http://gutenberg.net.au/ebooks16/1600901h.html
160089	Albert Lee	The Pie and the Pirate	http://gutenberg.net.au/ebooks16/1600891h.html
160088	Hulbert Footner	Jack Chanty	http://gutenberg.net.au/ebooks16/1600881h.html
160087	Hulbert Footner	Entertaining a Prince	http://gutenberg.net.au/ebooks16/1600871h.html
160086	Hulbert Footner	Ramshackle House	http://gutenberg.net.au/ebooks16/1600861h.html
160085	Carolyn Wells	Anybody But Anne	http://gutenberg.net.au/ebooks16/1600851h.html
160084	John Monk Foster	The White Gipsy	http://gutenberg.net.au/ebooks16/1600841.txt http://gutenberg.net.au/ebooks16/1600841h.html
160083	Carolyn Wells	The White Alley	http://gutenberg.net.au/ebooks16/1600831.txt http://gutenberg.net.au/ebooks16/1600831h.html
160082	Robert Coutts Armour	A New Species	http://gutenberg.net.au/ebooks16/1600821h.html
160081	Robert Coutts Armour	De Profundis	http://gutenberg.net.au/ebooks16/1600811h.html
160080	Robert Coutts Armour	At the Fortunate Frog	http://gutenberg.net.au/ebooks16/1600801h.html
160079	Robert Coutts Armour	By Decree of the High Ones	http://gutenberg.net.au/ebooks16/1600791h.html
160078	For the Sake of Enlightenment,Robert Coutts Armour		http://gutenberg.net.au/ebooks16/1600781h.html
160077	William James Wintle	Ghost Gleams	http://gutenberg.net.au/ebooks16/1600771h.html
160076	Carolyn Wells	The Maxwell Mystery	http://gutenberg.net.au/ebooks16/1600761.txt http://gutenberg.net.au/ebooks16/1600761h.html
160075	George S Beeby	One Touch O' Nature	http://gutenberg.net.au/ebooks16/1600751h.html
160074	George S Beeby	Still Waters	http://gutenberg.net.au/ebooks16/1600741h.html
160073	Carolyn Wells	The Clue	http://gutenberg.net.au/ebooks16/1600731.txt http://gutenberg.net.au/ebooks16/1600731h.html
160072	Musette Morell	Bush Cobbers	http://gutenberg.net.au/ebooks16/1600721h.html
160071	John Monk Foster	A Slave of the Ring	http://gutenberg.net.au/ebooks16/1600711.txt http://gutenberg.net.au/ebooks16/1600711h.html
160070	Musette Morell	Ten Puppet Plays	http://gutenberg.net.au/ebooks16/1600701h.html
160069	George S Beeby	The Banner	http://gutenberg.net.au/ebooks16/1600691h.html
160068	Luigi Pirandello	One None and a Hundred-thousand	http://gutenberg.net.au/ebooks16/1600681h.html
160067	Gertrude Stein	The Making of Americans	http://gutenberg.net.au/ebooks16/1600671h.html
160066	Ian Macpherson	Wild Harbour	http://gutenberg.net.au/ebooks16/1600661h.html
160065	Elinor Mordaunt	The Venture Book	http://gutenberg.net.au/ebooks16/1600651.txt http://gutenberg.net.au/ebooks16/1600651h.html
160064	Ivan Dexter	Talmud	http://gutenberg.net.au/ebooks16/1600641.txt http://gutenberg.net.au/ebooks16/1600641h.html
160063	Gordon MacCreagh	The Hand of Saint Ury	http://gutenberg.net.au/ebooks16/1600631h.html
160062	Gordon MacCreagh	Matto Grosso Fury	http://gutenberg.net.au/ebooks16/1600621h.html
160061	Edgar Rice Burroughs	The Rider	http://gutenberg.net.au/ebooks16/1600611h.html
160060	John Lang	Too Clever by Half	http://gutenberg.net.au/ebooks16/1600601.txt http://gutenberg.net.au/ebooks16/1600601h.html
160059	Mary Gaunt	Joan of the Pilchard	http://gutenberg.net.au/ebooks16/1600591.txt http://gutenberg.net.au/ebooks16/1600591h.html
160058	Edward Westermarck	Ethical Relativity	http://gutenberg.net.au/ebooks16/1600581.txt http://gutenberg.net.au/ebooks16/1600581h.html
160057	Gordon MacCreagh	White Waters and Black	http://gutenberg.net.au/ebooks16/1600571h.html
160056	John Lang	The Forger's Wife	http://gutenberg.net.au/ebooks16/1600561.txt http://gutenberg.net.au/ebooks16/1600561h.html
160055	Musette Morell	If Animals had Their Way	http://gutenberg.net.au/ebooks16/1600551h.html
160054	Musette Morell	Presented Without Courtesy	http://gutenberg.net.au/ebooks16/1600541h.html
160053	Arthur Morrison	A Vision of Toyokuni	http://gutenberg.net.au/ebooks16/1600531h.html
160052	Lionel Shave	Twelve Moons Cold	http://gutenberg.net.au/ebooks16/1600521h.html
160051	Lionel Shave	The Resignation of Mr. Bagsworth	http://gutenberg.net.au/ebooks16/1600511h.html
160050	Edward Lording	There and Back	http://gutenberg.net.au/ebooks16/1600501h.html
160049	Arthur Morrison	Aunt Sarah's Brooch	http://gutenberg.net.au/ebooks16/1600491h.html
160048	Arthur Morrison	As Far as They Had Got	http://gutenberg.net.au/ebooks16/1600481h.html
160047	Louisa Anne Meredith	Over The Straits	http://gutenberg.net.au/ebooks16/1600471h.html
160046	Lionel Shave	That's Murder	http://gutenberg.net.au/ebooks16/1600461h.html
160045	Lionel Shave	Red and Gold	http://gutenberg.net.au/ebooks16/1600451h.html
160044	Lionel Shave	A Sirius Cove	http://gutenberg.net.au/ebooks16/1600441h.html
160043	Gordon MacCreagh	Dr Muncing Exorcist	http://gutenberg.net.au/ebooks16/1600431h.html
160042	Musette Morell	Even the Birds of the Air	http://gutenberg.net.au/ebooks16/1600421h.html
160041	Louisa Anne Meredith	My Home in Tasmania	http://gutenberg.net.au/ebooks16/1600411h.html
160040	Musette Morell	The Better Road	http://gutenberg.net.au/ebooks16/1600401h.html
160039	Gustave Flaubert	Herodias	http://gutenberg.net.au/ebooks16/1600391h.html
160038	Josephine Tey	Remember Caesar	http://gutenberg.net.au/ebooks16/1600381h.html
160037	Josephine Tey	Clarion Call	http://gutenberg.net.au/ebooks16/1600371h.html
160036	Josephine Tey	Three Mrs. Madderleys	http://gutenberg.net.au/ebooks16/1600361h.html
160035	Josephine Tey	Mrs. Fry Has A Visitor	http://gutenberg.net.au/ebooks16/1600351h.html
160034	Josephine Tey	Sara	http://gutenberg.net.au/ebooks16/1600341h.html
160033	Josephine Tey	The Mother Of Mase	http://gutenberg.net.au/ebooks16/1600331h.html
160032	Josephine Tey	Rahab	http://gutenberg.net.au/ebooks16/1600321h.html
160031	Josephine Tey	Leith Sands	http://gutenberg.net.au/ebooks16/1600311h.html
160030	Josephine Tey	The Staff-Room	http://gutenberg.net.au/ebooks16/1600301h.html
160029	Josephine Tey	Sweet Coz	http://gutenberg.net.au/ebooks16/1600291h.html
160028	Josephine Tey	Reckoning	http://gutenberg.net.au/ebooks16/1600281h.html
160027	Josephine Tey	Lady Charing is Cross	http://gutenberg.net.au/ebooks16/1600271h.html
160026	Arthur Leo Zagat	Doc Turner - Devil Fighter	http://gutenberg.net.au/ebooks16/1600261h.html
160025	Josephine Tey	Barnharrow	http://gutenberg.net.au/ebooks16/1600251h.html
160024	Musette Morell	Webs of Our Weaving	http://gutenberg.net.au/ebooks16/1600241h.html
160023	A G Macdonell	The Shakespeare Murders	http://gutenberg.net.au/ebooks16/1600231h.html
160022	Fred M White	Collected Short Stories Vol. XIX	http://gutenberg.net.au/ebooks16/1600221h.html
160021	Fred M White	Collected Short Stories Vol. XVIII	http://gutenberg.net.au/ebooks16/1600211h.html
160020	Louisa Anne Meredith	Notes and Sketches of NSW	http://gutenberg.net.au/ebooks16/1600201h.html
160019	Fred Merrick White	The Substitute	http://gutenberg.net.au/ebooks16/1600191h.html
160018	Fred Merrick White	The Half-Crown Princess	http://gutenberg.net.au/ebooks16/1600181h.html
160017	Fred Merrick White	The Egg of the Little Auk	http://gutenberg.net.au/ebooks16/1600171h.html
160016	Fred Merrick White	Sleeping Partner	http://gutenberg.net.au/ebooks16/1600161h.html
160015	Fred Merrick White	Rose of the Desert	http://gutenberg.net.au/ebooks16/1600151h.html
160014	Fred Merrick White	For Value Received	http://gutenberg.net.au/ebooks16/1600141h.html
160013	Fred Merrick White	By Wireless	http://gutenberg.net.au/ebooks16/1600131h.html
160012	Fred Merrick White	Big Fish	http://gutenberg.net.au/ebooks16/1600121h.html
160011	Fred Merrick White	An Object Lesson	http://gutenberg.net.au/ebooks16/1600111h.html
160010	Fred Merrick White	A Foster Father	http://gutenberg.net.au/ebooks16/1600101h.html
160009	Arthur Morrison	A Game of Billiards	http://gutenberg.net.au/ebooks16/1600091h.html
160008	H G Wells	The Camford Visitation	http://gutenberg.net.au/ebooks16/1600081h.html
160007	W E Cule	Sir Knight of the Splendid Way	http://gutenberg.net.au/ebooks16/1600071h.html
160006	Samuel Mossman	Australia Visited and Revisited	http://gutenberg.net.au/ebooks16/1600061h.html
160005	George Orwell	Review of Mein Kampf by Hitler	http://gutenberg.net.au/ebooks16/1600051h.html
160004	Fred Merrick White	The Blue Daffodil	http://gutenberg.net.au/ebooks16/1600041.txt http://gutenberg.net.au/ebooks16/1600041h.html
160003	John Nicol	Life and Adventures	http://gutenberg.net.au/ebooks16/1600031h.html
160002	Max Afford	Death's Mannikins	http://gutenberg.net.au/ebooks16/1600021h.html
160001	Max Afford	Owl of Darkness	http://gutenberg.net.au/ebooks16/1600011h.html
150129	Marjorie Bowen	The Spectral Bride	http://gutenberg.net.au/ebooks15/1501291h.html
150128	Edward S Sorenson	Collected Short Stories Vol 1	http://gutenberg.net.au/ebooks15/1501281h.html
150127	Max Afford	Blood on His Hands	http://gutenberg.net.au/ebooks15/1501271h.html
150126	Max Afford	The Dead are Blind	http://gutenberg.net.au/ebooks15/1501261h.html
150125	Annie Haynes	The Crystal Beads Murder	http://gutenberg.net.au/ebooks15/1501251h.html
150124	Annie Haynes	Who Killed Charmian Karslake?	http://gutenberg.net.au/ebooks15/1501241h.html
150123	Annie Haynes	The Man with the Dark Beard	http://gutenberg.net.au/ebooks15/1501231h.html
150122	Annie Haynes	The Crime at Tattenham Corner	http://gutenberg.net.au/ebooks15/1501221h.html
150121	Annie Haynes	The House in Charlton Crescent	http://gutenberg.net.au/ebooks15/1501211h.html
150120	A G Macdonnell	The Factory on the Cliff	http://gutenberg.net.au/ebooks15/1501201h.html
150119	Annie Haynes	The Crow's Inn Tragedy	http://gutenberg.net.au/ebooks15/1501191h.html
150118	Annie Haynes	The Abbey Court Murder	http://gutenberg.net.au/ebooks15/1501181h.html
150117	Max Afford	The Sheep and the Wolves	http://gutenberg.net.au/ebooks15/1501171h.html
150116	Max Afford	The Happy Couple	http://gutenberg.net.au/ebooks15/1501161h.html
150115	Max Afford	Poison Can Be Puzzling	http://gutenberg.net.au/ebooks15/1501151h.html
150114	Max Afford	Sinners in Paradise	http://gutenberg.net.au/ebooks15/1501141h.html
150113	Robert Ervin Howard	The God in the Bowl	http://gutenberg.net.au/ebooks15/1501131h.html
150112	Robert Ervin Howard	The Black Stranger	http://gutenberg.net.au/ebooks15/1501121h.html
150111	Jill Lyons	Pioneers at Peace	http://gutenberg.net.au/ebooks15/1501111h.html http://gutenberg.net.au/ebooks15/1501111p.pdf
150110	William Derricourt	Old Convict Times	http://gutenberg.net.au/ebooks15/1501101.txt http://gutenberg.net.au/ebooks15/1501101h.html
150109	Marjorie Bowen	Jacqueline	http://gutenberg.net.au/ebooks15/1501091h.html
150108	Dick Donovan	The Adventures Of Tyler Tatlock	http://gutenberg.net.au/ebooks15/1501081h.html
150107	Dick Donovan	A Gilded Serpent	http://gutenberg.net.au/ebooks15/1501071h.html
150106	Dick Donovan	A Detective's Triumphs	http://gutenberg.net.au/ebooks15/1501061h.html
150105	Beatrice Grimshaw	The New New Guinea	http://gutenberg.net.au/ebooks15/1501051h.html
150104	Edwin Doidge	Nilda	http://gutenberg.net.au/ebooks15/1501041.txt http://gutenberg.net.au/ebooks15/1501041h.html
150103	Max Brand	Silvertip's Roundup	http://gutenberg.net.au/ebooks15/1501031h.html
150102	Max Brand	The False Rider	http://gutenberg.net.au/ebooks15/1501021h.html
150101	Max Brand	The Stolen Stallion	http://gutenberg.net.au/ebooks15/1501011h.html
150100	Max Brand	Silvertip's Trap	http://gutenberg.net.au/ebooks15/1501001h.html
150099	Max Brand	Silvertip's Chase	http://gutenberg.net.au/ebooks15/1500991h.html
150098	Max Brand	Silvertip's Strike	http://gutenberg.net.au/ebooks15/1500981h.html
150097	Zane Grey	Canyon Walls	http://gutenberg.net.au/ebooks15/1500971h.html
150096	Max Brand	The Man from Mustang	http://gutenberg.net.au/ebooks15/1500961h.html
150095	Max Brand	The Secret of Dr Kildare	http://gutenberg.net.au/ebooks15/1500951h.html
150094	Dick Donovan	Out There	http://gutenberg.net.au/ebooks15/1500941h.html
150093	Dick Donovan	Tracked to Doom	http://gutenberg.net.au/ebooks15/1500931h.html
150092	Max Brand	Internes Can't Take Money	http://gutenberg.net.au/ebooks15/1500921h.html
150091	E Phillips Oppenheim	Two Darton Stories	http://gutenberg.net.au/ebooks15/1500911h.html
150090	Frederick William Mole	Lola-Sue	http://gutenberg.net.au/ebooks15/1500901.txt http://gutenberg.net.au/ebooks15/1500901h.html
150089	E Phillips Oppenheim	The Reformation of Circe	http://gutenberg.net.au/ebooks15/1500891h.html
150088	Frederick William Mole	Moreton Bay	http://gutenberg.net.au/ebooks15/1500881.txt http://gutenberg.net.au/ebooks15/1500881h.html
150087	Marjorie Bowen	The Follies of Youth	http://gutenberg.net.au/ebooks15/1500871h.html
150086	H G Wells	The Anatomy of Frustration	http://gutenberg.net.au/ebooks15/1500861h.html
150084	Edward S Sorenson	Collected Verse	http://gutenberg.net.au/ebooks15/1500841h.html
150083	A E W Mason	The Guide	http://gutenberg.net.au/ebooks15/1500831h.html
150082	Edgar Rice Burroughs	The Man-Eater	http://gutenberg.net.au/ebooks15/1500821h.html
150081	Zane Grey	The Young Runaway (Wyoming)	http://gutenberg.net.au/ebooks15/1500811h.html
150080	Zane Grey	The Horse Thief	http://gutenberg.net.au/ebooks15/1500801h.html
150079	Marjorie Bowen	Beltarbet's Pride	http://gutenberg.net.au/ebooks15/1500791h.html
150078	Zane Grey	Twin Sombreros (Unabridged)	http://gutenberg.net.au/ebooks15/1500781h.html
150077	Zane Grey	Sunset Pass (Unabridged)	http://gutenberg.net.au/ebooks15/1500771h.html
150076	Zane Grey	Majesty's Rancho	http://gutenberg.net.au/ebooks15/1500761h.html
150075	Edgar Wallace	Nobby on Getting Commissions	http://gutenberg.net.au/ebooks15/1500751h.html
150074	Edgar Wallace	Jam for the Enemy	http://gutenberg.net.au/ebooks15/1500741h.html
150073	John Monk Foster	The Watchman of Orsden Moss	http://gutenberg.net.au/ebooks15/1500731.txt http://gutenberg.net.au/ebooks15/1500731h.html
150072	Dictionary of Australian Biography,Percival Serle		http://gutenberg.net.au/ebooks15/1500721h.html
150071	Ernest Favenc	The Explorers of Australia	http://gutenberg.net.au/ebooks15/1500711h.html
150070	H G Wells	Scientific War	http://gutenberg.net.au/ebooks15/1500701h.html
150069	George Forbes	The Flogging Parson	http://gutenberg.net.au/ebooks15/1500691.txt http://gutenberg.net.au/ebooks15/1500691h.html
150068	Marjorie Bowen	The Gilt Mask	http://gutenberg.net.au/ebooks15/1500681h.html
150067	George Forbes	Under The Broad Arrow	http://gutenberg.net.au/ebooks15/1500671.txt http://gutenberg.net.au/ebooks15/1500671h.html
150066	Fred Merrick White	Netta	http://gutenberg.net.au/ebooks15/1500661h.html
150065	Edgar Wallace	One Blow for Russia	http://gutenberg.net.au/ebooks15/1500651h.html
150064	Felix Dahn	Saga of Halfred the Sigskald	http://gutenberg.net.au/ebooks15/1500641h.html
150063	Felix Dahn	The Scarlet Banner	http://gutenberg.net.au/ebooks15/1500631h.html
150062	Felix Dahn	Felicitas	http://gutenberg.net.au/ebooks15/1500621h.html
150061	Felix Dahn	A Struggle for Rome, Vol. III	http://gutenberg.net.au/ebooks15/1500611h.html
150060	Felix Dahn	A Struggle for Rome, Vol. II	http://gutenberg.net.au/ebooks15/1500601h.html
150059	Felix Dahn	A Struggle for Rome, Vol. I	http://gutenberg.net.au/ebooks15/1500591h.html
150058	A Captive of the Roman Eagles (Bissula),Felix Dahn		http://gutenberg.net.au/ebooks15/1500581h.html
150057	H G Wells	Little Wars	http://gutenberg.net.au/ebooks15/1500571h.html
150056	H G Wells	Floor Games	http://gutenberg.net.au/ebooks15/1500561h.html
150055	H G Wells	The world of William Clissold	http://gutenberg.net.au/ebooks15/1500551h.html
150054	John Monk Foster	A Miner's Million	http://gutenberg.net.au/ebooks15/1500541.txt http://gutenberg.net.au/ebooks15/1500541h.html
150053	H P Lovecraft	The Whisperer in Darkness	http://gutenberg.net.au/ebooks15/1500531h.html
150052	H P Lovecraft	The Thing On The Doorstep	http://gutenberg.net.au/ebooks15/1500521h.html
150051	H P Lovecraft	The Shadow Over Innsmouth	http://gutenberg.net.au/ebooks15/1500511h.html
150050	H P Lovecraft	The Shadow Out of Time	http://gutenberg.net.au/ebooks15/1500501h.html
150049	H P Lovecraft	The Nameless City	http://gutenberg.net.au/ebooks15/1500491h.html
150048	H P Lovecraft	Nyarlathotep	http://gutenberg.net.au/ebooks15/1500481h.html
150047	H P Lovecraft	The Haunter of the Dark	http://gutenberg.net.au/ebooks15/1500471h.html
150046	H P Lovecraft	The Festival	http://gutenberg.net.au/ebooks15/1500461h.html
150045	H P Lovecraft	The Dunwich Horror	http://gutenberg.net.au/ebooks15/1500451h.html
150044	H P Lovecraft	The Dreams in the Witch-House	http://gutenberg.net.au/ebooks15/1500441h.html
150043	H P Lovecraft	The Shunned House	http://gutenberg.net.au/ebooks15/1500431h.html
150042	H P Lovecraft	The Colour Out of Space	http://gutenberg.net.au/ebooks15/1500421h.html
150041	H P Lovecraft	The Case of Charles Dexter Ward	http://gutenberg.net.au/ebooks15/1500411h.html
150040	H P Lovecraft	The Call of Cthulhu	http://gutenberg.net.au/ebooks15/1500401h.html
150039	Arthur Morrison	Zig-Zags at the Zoo	http://gutenberg.net.au/ebooks15/1500391h.html
150038	Aubrey Burnage	A Novel Without A Name	http://gutenberg.net.au/ebooks15/1500381.txt http://gutenberg.net.au/ebooks15/1500381h.html
150037	Hulbert Footner	The Viper	http://gutenberg.net.au/ebooks15/1500371h.html
150036	Hulbert Footner	Putting Crime Over	http://gutenberg.net.au/ebooks15/1500361h.html
150035	Hulbert Footner	The Richest Widow	http://gutenberg.net.au/ebooks15/1500351h.html
150034	Hulbert Footner	The Casual Murderer	http://gutenberg.net.au/ebooks15/1500341h.html
150033	B M Bower	The Gringos	http://gutenberg.net.au/ebooks15/1500331h.html
150032	B M Bower	Casey Ryan	http://gutenberg.net.au/ebooks15/1500321h.html
150031	Hulbert Footner	The Handsome Young Men	http://gutenberg.net.au/ebooks15/1500311h.html
150030	Hulbert Footner	Dangerous Cargo	http://gutenberg.net.au/ebooks15/1500301h.html
150029	Rachel Field	Time Out of Mind	http://gutenberg.net.au/ebooks15/1500291h.html
150028	B M Bower	Trails Meet	http://gutenberg.net.au/ebooks15/1500281h.html
150027	B M Bower	Points West	http://gutenberg.net.au/ebooks15/1500271h.html
150026	Warwick Deeping	Man in Chains	http://gutenberg.net.au/ebooks15/1500261h.html
150025	B M Bower	Tiger Eye	http://gutenberg.net.au/ebooks15/1500251h.html
150024	B M Bower	Rodeo	http://gutenberg.net.au/ebooks15/1500241h.html
150023	H C F Morant	Whirlaway: A Story of the Ages	http://gutenberg.net.au/ebooks15/1500231h.html
150022	Virginia Woolf	The Moment and Other Essays	http://gutenberg.net.au/ebooks15/1500221h.html
150021	Robert Henderson Croll	I Recall	http://gutenberg.net.au/ebooks15/1500211h.html
150020	Hulbert Footner	The Doctor Who Held Hands	http://gutenberg.net.au/ebooks15/1500201h.html
150019	Hulbert Footner	The Almost Perfect Murder	http://gutenberg.net.au/ebooks15/1500191h.html
150018	Hulbert Footner	Orchids to Murder	http://gutenberg.net.au/ebooks15/1500181h.html
150017	Hulbert Footner	The Velvet Hand	http://gutenberg.net.au/ebooks15/1500171h.html
150016	Hulbert Footner	The Under Dogs	http://gutenberg.net.au/ebooks15/1500161h.html
150015	Hulbert Footner	The Kidnapping of Madame Storey	http://gutenberg.net.au/ebooks15/1500151h.html
150014	Katherine Mansfield	Bliss and Other Stories	http://gutenberg.net.au/ebooks15/1500141.txt http://gutenberg.net.au/ebooks15/1500141h.html
150013	Edward S Sorenson	Murty Brown	http://gutenberg.net.au/ebooks15/1500131h.html
150012	Friends and Foes in the Australian Bush,E Sorenson		http://gutenberg.net.au/ebooks15/1500121h.html
150011	E Sorenson	Quinton's Rouseabout and Other Stories	http://gutenberg.net.au/ebooks15/1500111h.html
150010	Edward S Sorenson	Chips and Splinters	http://gutenberg.net.au/ebooks15/1500101h.html
150009	Euston Leigh	The Duchess of Coolgardie	http://gutenberg.net.au/ebooks15/1500091h.html
150008	Edward Dyson	As Luck Would Have It	http://gutenberg.net.au/ebooks15/1500081.txt http://gutenberg.net.au/ebooks15/1500081h.html
150007	Hulbert Footner	Madame Storey	http://gutenberg.net.au/ebooks15/1500071h.html
150006	Jeffery Farnol	The Money Moon	http://gutenberg.net.au/ebooks15/1500061h.html
150005	Jeffery Farnol	Heritage Perilous	http://gutenberg.net.au/ebooks15/1500051h.html
150004	Frederick Niven	Hands Up	http://gutenberg.net.au/ebooks15/1500041h.html
150003	Aubrey Burnage	Bertha Shelley	http://gutenberg.net.au/ebooks15/1500031.txt http://gutenberg.net.au/ebooks15/1500031h.html
150002	Mary Gaunt	Deadman's	http://gutenberg.net.au/ebooks15/1500021.txt http://gutenberg.net.au/ebooks15/1500021h.html
150001	Arthur Morrison	The Shadows Around Us	http://gutenberg.net.au/ebooks15/1500011h.html
140344	Arthur Morrison	Fiddle o' Dreams and More	http://gutenberg.net.au/ebooks14/1403441h.html
140343	Arthur Morrison	Divers Vanities	http://gutenberg.net.au/ebooks14/1403431h.html
140342	W Clark Russell	William Dampier	http://gutenberg.net.au/ebooks14/1403421.txt http://gutenberg.net.au/ebooks14/1403421h.html
140341	Arthur Morrison	Green Ginger	http://gutenberg.net.au/ebooks14/1403411h.html
140340	B M Bower	The Parowan Bonanza	http://gutenberg.net.au/ebooks14/1403401h.html
140339	B M Bower	The Flying U Strikes	http://gutenberg.net.au/ebooks14/1403391h.html
140338	B M Bower	Hay-Wire	http://gutenberg.net.au/ebooks14/1403381h.html
140337	B M Bower	Fool's Goal	http://gutenberg.net.au/ebooks14/1403371h.html
140336	B M Bower	Chip of the Flying U	http://gutenberg.net.au/ebooks14/1403361h.html
140335	Andrew Caldecott	Fires Burn Blue	http://gutenberg.net.au/ebooks14/1403351h.html
140334	Andrew Caldecott	Not Exactly Ghosts	http://gutenberg.net.au/ebooks14/1403341h.html
140333	Robert Byron	The Byzantine Achievement	http://gutenberg.net.au/ebooks14/1403331h.html
140332	Robert Byron	First Russia Then Tibet	http://gutenberg.net.au/ebooks14/1403321h.html
140331	Robert Byron	The Station	http://gutenberg.net.au/ebooks14/1403311h.html
140330	Robert Byron	The Road to Oxiana	http://gutenberg.net.au/ebooks14/1403301h.html
140329	L M Montgomery	Anne of Avonlea	http://gutenberg.net.au/ebooks14/1403291h.html
140328	L M Montgomery	Anne of the Island	http://gutenberg.net.au/ebooks14/1403281h.html
140327	L M Montgomery	Anne of Green Gables	http://gutenberg.net.au/ebooks14/1403271h.html
140326	Ford Madox Ford	Last Post	http://gutenberg.net.au/ebooks14/1403261h.html
140325	Arthur Morrison	The Dorrington Deed Box	http://gutenberg.net.au/ebooks14/1403251h.html
140324	Arthur Morrison	Adventures of Martin Hewitt	http://gutenberg.net.au/ebooks14/1403241h.html
140323	Rachel Field	All This and Heaven Too	http://gutenberg.net.au/ebooks14/1403231h.html
140322	Arthur Morrison	Chronicles of Martin Hewitt	http://gutenberg.net.au/ebooks14/1403221h.html
140321	Arthur Morrison	The Green Eye of Goona	http://gutenberg.net.au/ebooks14/1403211h.html
140320	Arthur Morrison	The Red Triangle	http://gutenberg.net.au/ebooks14/1403201h.html
140319	Zane Grey	Tales of Swordfish and Tuna	http://gutenberg.net.au/ebooks14/1403191h.html
140318	Zane Grey	Tales Of Fishing Virgin Seas	http://gutenberg.net.au/ebooks14/1403181h.html
140317	W Clark Russell	Abandoned	http://gutenberg.net.au/ebooks14/1403171.txt http://gutenberg.net.au/ebooks14/1403171h.html
140316	Stephen Crane	Men Women and Boats	http://gutenberg.net.au/ebooks14/1403161h.html
140315	Stephen Crane	Last words	http://gutenberg.net.au/ebooks14/1403151h.html
140314	Edward S Sorenson	Aunt Jo	http://gutenberg.net.au/ebooks14/1403141.txt http://gutenberg.net.au/ebooks14/1403141h.html
140313	Zane Grey	Roping Lions in the Grand Canyon	http://gutenberg.net.au/ebooks14/1403131h.html
140312	Stephen Crane	Whilomville Stories	http://gutenberg.net.au/ebooks14/1403121h.html
140311	Stephen Crane	Wounds in the Rain	http://gutenberg.net.au/ebooks14/1403111h.html
140310	Stephen Crane and Robert Barr	The O'Ruddy	http://gutenberg.net.au/ebooks14/1403101h.html
140309	Stephen Crane	Active Service	http://gutenberg.net.au/ebooks14/1403091h.html
140308	Stephen Crane	The Third Violet	http://gutenberg.net.au/ebooks14/1403081h.html
140307	Stephen Crane	The Little Regiment	http://gutenberg.net.au/ebooks14/1403071h.html
140306	Stephen Crane	Great Battles of the World	http://gutenberg.net.au/ebooks14/1403061h.html
140305	William Moore Ferrar	The Maxwells of Bremgarten	http://gutenberg.net.au/ebooks14/1403051.txt http://gutenberg.net.au/ebooks14/1403051h.html
140304	Robert Henderson Croll	Wide Horizons	http://gutenberg.net.au/ebooks14/1403041h.html
140303	Further Adventures Romney Pringle,R Austin Freeman		http://gutenberg.net.au/ebooks14/1403031h.html
140302	R Austin Freeman	By the Black Deep	http://gutenberg.net.au/ebooks14/1403021h.html
140301	R Austin Freeman	Flighty Phyllis	http://gutenberg.net.au/ebooks14/1403011h.html
140300	R Austin Freeman	The Golden Pool	http://gutenberg.net.au/ebooks14/1403001h.html
140299	R Austin Freeman	The Exploits of Danby Croker	http://gutenberg.net.au/ebooks14/1402991h.html
140298	R Austin Freeman	The Singing Bone	http://gutenberg.net.au/ebooks14/1402981.html
140297	R Austin Freeman	The Puzzle Lock	http://gutenberg.net.au/ebooks14/1402971.html
140296	R Austin Freeman	The Missing Mortgagee	http://gutenberg.net.au/ebooks14/1402961.html
140295	R Austin Freeman	The Magic Casket	http://gutenberg.net.au/ebooks14/1402951.html
140294	R Austin Freeman	Percival Bland's Proxy	http://gutenberg.net.au/ebooks14/1402941.html
140293	R Austin Freeman	John Thorndyke's Cases	http://gutenberg.net.au/ebooks14/1402931.html
140292	R Austin Freeman	Dr Thorndykes Case-Book	http://gutenberg.net.au/ebooks14/1402921.html
140291	R Austin Freeman	Mr Shuttlebury Cobb	http://gutenberg.net.au/ebooks14/1402911h.html
140290	Julius M Price	The Land of Gold	http://gutenberg.net.au/ebooks14/1402901h.html
140289	R Austin Freeman	The Unwilling Adventurer	http://gutenberg.net.au/ebooks14/1402891h.html
140288	R Austin Freeman	From a Surgeon's Diary	http://gutenberg.net.au/ebooks14/1402881h.html
140287	R Austin Freeman	The Adventures of Romney Pringle	http://gutenberg.net.au/ebooks14/1402871h.html
140286	John Le Gay Brereton	Knocking Round	http://gutenberg.net.au/ebooks14/1402861h.html
140285	Ambrose Pratt	The Remittance Man	http://gutenberg.net.au/ebooks14/1402851.txt http://gutenberg.net.au/ebooks14/1402851h.html
140284	Fred Merrick White	The House of Schemers	http://gutenberg.net.au/ebooks14/1402841.txt http://gutenberg.net.au/ebooks14/1402841h.html
140283	Robert Henderson Croll	Along the Track	http://gutenberg.net.au/ebooks14/1402831h.html
140282	Robert Henderson Croll	The Open Road in Victoria	http://gutenberg.net.au/ebooks14/1402821h.html
140281	Ambrose Pratt	Her Assigned Husband	http://gutenberg.net.au/ebooks14/1402811.txt http://gutenberg.net.au/ebooks14/1402811h.html
140280	Peaks and Plateaus of Victoria Australia,Anonymous		http://gutenberg.net.au/ebooks14/1402801h.html
140279	Anonymous	Wonderful Walks in Victoria	http://gutenberg.net.au/ebooks14/1402791h.html
140278	Ambrose Pratt	The Mysterious Investment	http://gutenberg.net.au/ebooks14/1402781.txt http://gutenberg.net.au/ebooks14/1402781h.html
140277	T David	First Journey to the South Magnetic Pole	http://gutenberg.net.au/ebooks14/1402771h.html
140276	J H M Abbott	The Governor's Man	http://gutenberg.net.au/ebooks14/1402761.txt http://gutenberg.net.au/ebooks14/1402761h.html
140275	Frederick Watson	The Settlement at Swan River WA	http://gutenberg.net.au/ebooks14/1402751h.html
140274	Fred Merrick White	A Christmas Deputy	http://gutenberg.net.au/ebooks14/1402741.txt http://gutenberg.net.au/ebooks14/1402741h.html
140273	J H M Abbott	Sydney Cove	http://gutenberg.net.au/ebooks14/1402731.txt http://gutenberg.net.au/ebooks14/1402731h.html
140272	Fred Merrick White	The Silver Stream	http://gutenberg.net.au/ebooks14/1402721h.html
140271	Fred Merrick White	A Christmas in Peril	http://gutenberg.net.au/ebooks14/1402711.txt http://gutenberg.net.au/ebooks14/1402711h.html
140270	Fred Merrick White	A Message from the Flood	http://gutenberg.net.au/ebooks14/1402701h.html
140269	Fred Merrick White	The Ebbing Tide	http://gutenberg.net.au/ebooks14/1402691.txt http://gutenberg.net.au/ebooks14/1402691h.html
140268	Fred Merrick White	The Royal Train	http://gutenberg.net.au/ebooks14/1402681.txt http://gutenberg.net.au/ebooks14/1402681h.html
140267	Fred Merrick White	The Old Secretaire	http://gutenberg.net.au/ebooks14/1402671.txt http://gutenberg.net.au/ebooks14/1402671h.html
140266	Edgar Wallace	The Gaunt Stranger	http://gutenberg.net.au/ebooks14/1402661h.html
140265	Fred Merrick White	Santa Anna	http://gutenberg.net.au/ebooks14/1402651.txt http://gutenberg.net.au/ebooks14/1402651h.html
140264	Fred Merrick White	The Hospitallers	http://gutenberg.net.au/ebooks14/1402641.txt http://gutenberg.net.au/ebooks14/1402641h.html
140263	How Our Men Earn a Living in the Bush,E S Sorenson		http://gutenberg.net.au/ebooks14/1402631.txt http://gutenberg.net.au/ebooks14/1402631h.html
140262	A Gregory	Journals of Australian Explorations	http://gutenberg.net.au/ebooks14/1402621h.html
140261	M Bowen	William Hogarth: The Cockney's Mirror	http://gutenberg.net.au/ebooks14/1402611h.html
140260	James Martin	Two Voyages to the Glenelg River	http://gutenberg.net.au/ebooks14/1402601h.html
140259	Graham Moffat	The Pawky Scot	http://gutenberg.net.au/ebooks14/1402591h.html
140258	Fred Merrick White	More Than Coronets	http://gutenberg.net.au/ebooks14/1402581.txt http://gutenberg.net.au/ebooks14/1402581h.html
140257	Fred Merrick White	The Lord of the Manor	http://gutenberg.net.au/ebooks14/1402571.txt http://gutenberg.net.au/ebooks14/1402571h.html
140256	Alice Fox Parry	Shadowed Gold	http://gutenberg.net.au/ebooks14/1402561h.html
140255	Fred Merrick White	By Order of the League	http://gutenberg.net.au/ebooks14/1402551h.html
140254	M P Shiel	The Evil That Men Do	http://gutenberg.net.au/ebooks14/1402541h.html
140253	Fred Merrick White	In Trust	http://gutenberg.net.au/ebooks14/1402531.txt http://gutenberg.net.au/ebooks14/1402531h.html
140252	Marjorie Bowen	The Seven Deadly Sins	http://gutenberg.net.au/ebooks14/1402521h.html
140251	Fred Merrick White	The Island of Shadows	http://gutenberg.net.au/ebooks14/1402511h.html
140250	Fred Merrick White	The Path of Progress	http://gutenberg.net.au/ebooks14/1402501h.html
140249	Fred Merrick White	Ambition's Slave	http://gutenberg.net.au/ebooks14/1402491h.html
140248	Fred Merrick White	The Better Way	http://gutenberg.net.au/ebooks14/1402481h.html
140247	Fred Merrick White	Moray the Traitor	http://gutenberg.net.au/ebooks14/1402471h.html
140246	Fred Merrick White	Aunt Mary	http://gutenberg.net.au/ebooks14/1402461h.html
140245	M P Shiel	The Rajah's Sapphire	http://gutenberg.net.au/ebooks14/1402451h.html
140244	               Marjorie Bowen	Nightcap and Plume	http://gutenberg.net.au/ebooks14/1402441h.html
140243	Fred Merrick White	The Wings of Victory	http://gutenberg.net.au/ebooks14/1402431.txt http://gutenberg.net.au/ebooks14/1402431h.html
140242	Marjorie Bowen	Boundless Water	http://gutenberg.net.au/ebooks14/1402421h.html
140241	Mary Gaunt	The Uncounted Cost	http://gutenberg.net.au/ebooks14/1402411.txt http://gutenberg.net.au/ebooks14/1402411h.html
140240	G H Purves	The Squatter King and other Stories	http://gutenberg.net.au/ebooks14/1402401.txt http://gutenberg.net.au/ebooks14/1402401h.html
140239	Marjorie Bowen	No Way Home	http://gutenberg.net.au/ebooks14/1402391h.html
140238	Mary Gaunt	A Wind from the Wilderness	http://gutenberg.net.au/ebooks14/1402381.txt http://gutenberg.net.au/ebooks14/1402381h.html
140237	Mary Gaunt	Mistress Betty Carew	http://gutenberg.net.au/ebooks14/1402371.txt http://gutenberg.net.au/ebooks14/1402371h.html
140236	Olive Schreiner	From Man to Man	http://gutenberg.net.au/ebooks14/1402361h.html
140235	Marjorie Bowen	The Two Carnations	http://gutenberg.net.au/ebooks14/1402351h.html
140234	Marjorie Bowen	Lovers' Knots	http://gutenberg.net.au/ebooks14/1402341h.html
140233	Le Compte de Janzé	Tarred with the Same Brush	http://gutenberg.net.au/ebooks14/1402331.txt http://gutenberg.net.au/ebooks14/1402331h.html
140232	C E Dempster	Exploring Expedition East of Northam	http://gutenberg.net.au/ebooks14/1402321h.html
140231	Marjorie Bowen	Mr. Misfortunate	http://gutenberg.net.au/ebooks14/1402311h.html
140230	Marjorie Bowen	Some Famous Love Letters	http://gutenberg.net.au/ebooks14/1402301h.html
140229	Exploration of the N-W Coast of Australia,C C Hunt		http://gutenberg.net.au/ebooks14/1402291h.html
140228	Expeditions to the Eastern Interior of WA,C C Hunt		http://gutenberg.net.au/ebooks14/1402281h.html
140227	Ambrose Pratt	The Ouulaws of Weddin Range	http://gutenberg.net.au/ebooks14/1402271.txt http://gutenberg.net.au/ebooks14/1402271h.html
140226	H M Lefroy	Journal of an Expedition East of York	http://gutenberg.net.au/ebooks14/1402261h.html
140225	Mary Gaunt	The Other Man	http://gutenberg.net.au/ebooks14/1402251.txt http://gutenberg.net.au/ebooks14/1402251h.html
140224	Marjorie Bowen	Crowns And Sceptres	http://gutenberg.net.au/ebooks14/1402241h.html
140223	Mary Gaunt	Down in the World	http://gutenberg.net.au/ebooks14/1402231.txt http://gutenberg.net.au/ebooks14/1402231h.html
140222	Randolph Bedford	The Man Who Held the Wires	http://gutenberg.net.au/ebooks14/1402221h.html
140221	R J Sholl	An Eventful Year: Sholl's Dispatches	http://gutenberg.net.au/ebooks14/1402211h.html
140220	Exploration in North-Western Australia,Jas. Martin		http://gutenberg.net.au/ebooks14/1402201h.html
140219	Ethel Lina White	Wax	http://gutenberg.net.au/ebooks14/1402191h.html
140218	Ethel Lina White	Cheese	http://gutenberg.net.au/ebooks14/1402181h.html
140217	Frederick C Irwin	The State and Position of W.A.	http://gutenberg.net.au/ebooks14/1402171h.html
140216	Willam Breton	Excursions in New South Wales, etc.	http://gutenberg.net.au/ebooks14/1402161h.html
140215	Fred Merrick White	In The Mine	http://gutenberg.net.au/ebooks14/1402151.txt http://gutenberg.net.au/ebooks14/1402151h.html
140214	Fred Merrick White	In The Dark	http://gutenberg.net.au/ebooks14/1402141.txt http://gutenberg.net.au/ebooks14/1402141h.html
140213	Marjorie Bowen	The Sword Decides	http://gutenberg.net.au/ebooks14/1402131h.html
140212	J H M Abbott	Red O'Shaughnessy	http://gutenberg.net.au/ebooks14/1402121.txt http://gutenberg.net.au/ebooks14/1402121h.html
140211	The Love Letters of Dorothy Osborne,Edward A Parry		http://gutenberg.net.au/ebooks14/1402111h.html
140210	Ethel Lina White	Fear Stalks the Village	http://gutenberg.net.au/ebooks14/1402101h.html
140209	Robert George Curtis	Edgar WallaceEach Way	http://gutenberg.net.au/ebooks14/1402091h.html
140208	Edward S Sorenson	The Squatter King	http://gutenberg.net.au/ebooks14/1402081.txt http://gutenberg.net.au/ebooks14/1402081h.html
140207	E P Oppenheim	The Salving of Mr. Stanley Witt	http://gutenberg.net.au/ebooks14/1402071h.html
140206	Fred Merrick White	Sinister House	http://gutenberg.net.au/ebooks14/1402061.txt http://gutenberg.net.au/ebooks14/1402061h.html
140205	Max Brand	Honor Bright	http://gutenberg.net.au/ebooks14/1402051h.html
140204	Ethel Lina White	Step in the Dark	http://gutenberg.net.au/ebooks14/1402041h.html
140203	Ethel Lina White	While She Sleeps	http://gutenberg.net.au/ebooks14/1402031h.html
140202	Ethel Lina White	The Wheel Spins	http://gutenberg.net.au/ebooks14/1402021h.html
140201	Edgar Wallace	The Price a Woman Pays	http://gutenberg.net.au/ebooks14/1402011h.html
140200	Marjorie Bowen	The Rake's Progress	http://gutenberg.net.au/ebooks14/1402001h.html
140199	Robert Franklin Pennell	Ancient Rome	http://gutenberg.net.au/ebooks14/1401991h.html
140198	E M Delafield	The Provincial Lady in Wartime	http://gutenberg.net.au/ebooks14/1401981h.html
140197	E M Delafield	The Provincial Lady in America	http://gutenberg.net.au/ebooks14/1401971h.html
140196	A Conan Doyle	The German War	http://gutenberg.net.au/ebooks14/1401961h.html
140195	E Phillips Oppenheim	The Tiger on the Mountains	http://gutenberg.net.au/ebooks14/1401951h.html
140194	Rafael Sabatini	Scaramouche (UK edition)	http://gutenberg.net.au/ebooks14/1401941h.html
140193	Stanley G Weinbaum	The Red Peri	http://gutenberg.net.au/ebooks14/1401931.html
140192	Stanley G Weinbaum	The Planet of Doubt	http://gutenberg.net.au/ebooks14/1401921.html
140191	Stanley G Weinbaum	The New Adam	http://gutenberg.net.au/ebooks14/1401911.html
140190	Stanley G Weinbaum	The Dark Other	http://gutenberg.net.au/ebooks14/1401901.html
140189	Stanley G Weinbaum	The Black Flame	http://gutenberg.net.au/ebooks14/1401891.html
140188	Stanley G Weinbaum	Smothered Seas	http://gutenberg.net.au/ebooks14/1401881.html
140187	Stanley G Weinbaum	Graph	http://gutenberg.net.au/ebooks14/1401871.html
140186	Stanley G Weinbaum	Flight on Titan	http://gutenberg.net.au/ebooks14/1401861.html
140185	Stanley G Weinbaum	Collected Short Fiction	http://gutenberg.net.au/ebooks14/1401851.html
140184	Edward S Beesly	Catiline Clodius and Tiberius	http://gutenberg.net.au/ebooks14/1401841h.html
140183	Edgar Wallace	The Chobham Affair	http://gutenberg.net.au/ebooks14/1401831h.html
140182	Criminal Statistics of Norfolk Island,A Maconochie		http://gutenberg.net.au/ebooks14/1401821h.html
140181	Max Brand	The King	http://gutenberg.net.au/ebooks14/1401811h.html
140180	Max Brand	The Black Rider	http://gutenberg.net.au/ebooks14/1401801h.html
140179	Edgar Wallace	When the Tsar Came	http://gutenberg.net.au/ebooks14/1401791h.html
140178	Edgar Wallace	The Speed Test	http://gutenberg.net.au/ebooks14/1401781h.html
140177	Thorne Smith	Yonder's Henry	http://gutenberg.net.au/ebooks14/1401771h.html
140176	Thorne Smith	Did She Fall	http://gutenberg.net.au/ebooks14/1401761h.html
140175	Thorne Smith	Birthday Present	http://gutenberg.net.au/ebooks14/1401751h.html
140174	Thorne Smith	Biltmore Oswald	http://gutenberg.net.au/ebooks14/1401741h.html
140173	Sallust	Bellum Catilinae (Catiline's War)	http://gutenberg.net.au/ebooks14/1401731h.html
140172	James Hilton	The Girl Who Got There	http://gutenberg.net.au/ebooks14/1401721h.html
140171	Emily Beesly	Stories from the History of Rome	http://gutenberg.net.au/ebooks14/1401711h.html
140170	Ambrose Pratt	The Emperor and his Double	http://gutenberg.net.au/ebooks14/1401701.txt http://gutenberg.net.au/ebooks14/1401701h.html
140169	Max Brand	Valley of Vanishing Men	http://gutenberg.net.au/ebooks14/1401691h.html
140168	Agnes G Murphy	Melba: A Biography	http://gutenberg.net.au/ebooks14/1401681h.html
140167	Henry William Herbert	The Roman Traitor	http://gutenberg.net.au/ebooks14/1401671h.html
140166	Max Brand	John Ovington Returns	http://gutenberg.net.au/ebooks14/1401661h.html
140165	Jacob Abbott	Margaret of Anjou	http://gutenberg.net.au/ebooks14/1401651h.html
140164	Edward S Sorenson	A Backblocker's Pleasure Trip	http://gutenberg.net.au/ebooks14/1401641.txt http://gutenberg.net.au/ebooks14/1401641h.html
140163	Edgar Wallace	Phalaenopsis Gloriosa	http://gutenberg.net.au/ebooks14/1401631h.html
140162	Max Afford	The Vanishing Trick	http://gutenberg.net.au/ebooks14/1401621h.html
140161	Marjorie Bowen	Mignonette	http://gutenberg.net.au/ebooks14/1401611h.html
140160	James Hilton	The Bat King	http://gutenberg.net.au/ebooks14/1401601h.html
140159	Jacob Abbott	Genghis Khan	http://gutenberg.net.au/ebooks14/1401591h.html
140158	Jacob Abbott	Peter the Great	http://gutenberg.net.au/ebooks14/1401581h.html
140157	George Vancouver	A Voyage of Discovery (Extract)	http://gutenberg.net.au/ebooks14/1401571h.html
140156	Rafael Sabatini	The Lost King	http://gutenberg.net.au/ebooks14/1401561h.html
140155	Robert Ervin Howard	The Dragon of Kao Tsu	http://gutenberg.net.au/ebooks14/1401551h.html
140154	Jacob Abbott	Richard the Third	http://gutenberg.net.au/ebooks14/1401541h.html
140153	Jacob Abbott	Richard the Second	http://gutenberg.net.au/ebooks14/1401531h.html
140152	Jacob Abbott	Richard the First	http://gutenberg.net.au/ebooks14/1401521h.html
140151	John Gibson Lockhart	Valerius - A Roman Story	http://gutenberg.net.au/ebooks14/1401511h.html
140150	E Phillips Oppenheim	Mademoiselle Anna Disappears	http://gutenberg.net.au/ebooks14/1401501h.html
140149	Marjorie Bowen	The Soldier from Virginia	http://gutenberg.net.au/ebooks14/1401491h.html
140148	Talbot Mundy	The Iblis at Ludd	http://gutenberg.net.au/ebooks14/1401481h.html
140147	Titus Petronius Arbiter	The Satyricon	http://gutenberg.net.au/ebooks14/1401471h.html
140146	Gustave Flaubert	Salammbo	http://gutenberg.net.au/ebooks14/1401461h.html
140145	Henryk Sienkiewicz	Quo Vadis	http://gutenberg.net.au/ebooks14/1401451h.html
140144	Ernst Eckstein	Quintus Claudius Vol II	http://gutenberg.net.au/ebooks14/1401441h.html
140143	Ernst Eckstein	Quintus Claudius Vol I	http://gutenberg.net.au/ebooks14/1401431h.html
140142	E Phillips Oppenheim	The Luckiest Young Man	http://gutenberg.net.au/ebooks14/1401421h.html
140141	Edwin A Abbott	Silanus the Christian	http://gutenberg.net.au/ebooks14/1401411h.html
140140	Edwin A Abbott	Philochristus	http://gutenberg.net.au/ebooks14/1401401h.html
140139	Edwin A Abbott	Onesimus	http://gutenberg.net.au/ebooks14/1401391h.html
140138	John W Graham	NeaeraA Tale of Ancient Rome	http://gutenberg.net.au/ebooks14/1401381h.html
140137	E Phillips Oppenheim	The Battling Pacifist	http://gutenberg.net.au/ebooks14/1401371h.html
140136	E Phillips Oppenheim	The Actor's Romance	http://gutenberg.net.au/ebooks14/1401361h.html
140135	Marjorie Bowen	So Evil My Love	http://gutenberg.net.au/ebooks14/1401351h.html
140134	E Phillips Oppenheim	The Coroner's Dilemma	http://gutenberg.net.au/ebooks14/1401341h.html
140133	E Phillips Oppenheim	The Chateau of Phantasies	http://gutenberg.net.au/ebooks14/1401331h.html
140132	James de Mille	The Martyr of the Catacombs	http://gutenberg.net.au/ebooks14/1401321h.html
140131	E Phillips Oppenheim	With a Dash	http://gutenberg.net.au/ebooks14/1401311h.html
140130	Walter Horatio Pater	Marius the Epicurean Vol II	http://gutenberg.net.au/ebooks14/1401301h.html
140129	Walter Horatio Pater	Marius the Epicurean Vol I	http://gutenberg.net.au/ebooks14/1401291h.html
140128	E Phillips Oppenheim	The Dancing Gentleman	http://gutenberg.net.au/ebooks14/1401281h.html
140127	Rafael Sabatini	The Tyrant	http://gutenberg.net.au/ebooks14/1401271h.html
140126	Duffield Osborne	The Lion's Brood	http://gutenberg.net.au/ebooks14/1401261h.html
140125	E Phillips Oppenheim	The Siren of the Madrid	http://gutenberg.net.au/ebooks14/1401251h.html
140124	Edward Bulwer-Lytton	The Last Days of Pompeii	http://gutenberg.net.au/ebooks14/1401241h.html
140123	E Phillips Oppenheim	The Ninety-Ninth Thread	http://gutenberg.net.au/ebooks14/1401231h.html
140122	Historical Nights' Entertainment 3,Rafael Sabatini		http://gutenberg.net.au/ebooks14/1401221.txt http://gutenberg.net.au/ebooks14/1401221h.html
140121	E Phillips Oppenheim	The Dumb Gods Speak	http://gutenberg.net.au/ebooks14/1401211h.html
140120	E Phillips Oppenheim	No Questions Asked	http://gutenberg.net.au/ebooks14/1401201h.html
140119	Charles Kingsley	Hypatia	http://gutenberg.net.au/ebooks14/1401191h.html
140118	James Hilton	The Failure	http://gutenberg.net.au/ebooks14/1401181h.html
140117	E Phillips Oppenheim	Going, Going, Gone!	http://gutenberg.net.au/ebooks14/1401171h.html
140116	Rafael Sabatini	The Reaping	http://gutenberg.net.au/ebooks14/1401161h.html
140115	E Phillips Oppenheim	Sir Adam Disappeared	http://gutenberg.net.au/ebooks14/1401151h.html
140114	Marjorie Bowen	Album Leaf	http://gutenberg.net.au/ebooks14/1401141h.html
140113	M A McCarter	Looranna	http://gutenberg.net.au/ebooks14/1401131.txt http://gutenberg.net.au/ebooks14/1401131h.html
140112	James Hilton	It's a Crazy World	http://gutenberg.net.au/ebooks14/1401121h.html
140111	Edgar Wallace	The Crook in Crimson	http://gutenberg.net.au/ebooks14/1401111h.html
140110	Edgar Wallace	The Guv'nor and Other Stories	http://gutenberg.net.au/ebooks14/1401101h.html
140109	Sketch of History of Van Diemen's Land,J Bischoff		http://gutenberg.net.au/ebooks14/1401091h.html
140108	E Phillips Oppenheim	The Inmperfect Crime	http://gutenberg.net.au/ebooks14/1401081h.html
140107	E Phillips Oppenheim	The Lost Ambassador	http://gutenberg.net.au/ebooks14/1401071h.html
140106	Lloyd C Douglas	Doctor Hudson's Secret Journal	http://gutenberg.net.au/ebooks14/1401061h.html
140105	E Phillips Oppenheim	In the Strongroom	http://gutenberg.net.au/ebooks14/1401051h.html
140104	Arthur Leo Zagat	Drink We Deep	http://gutenberg.net.au/ebooks14/1401041h.html
140103	Edgar Wallace	Her Birthday	http://gutenberg.net.au/ebooks14/1401031h.html
140102	Edgar Wallace	When the Armanic Sank	http://gutenberg.net.au/ebooks14/1401021h.html
140101	Edgar Wallace	The Vampire of Wembley	http://gutenberg.net.au/ebooks14/1401011h.html
140100	Edgar Wallace	The Suburban Lothario	http://gutenberg.net.au/ebooks14/1401001h.html
140099	Rafael Sabatini	In The Shadow of the Guillotine	http://gutenberg.net.au/ebooks14/1400991.txt http://gutenberg.net.au/ebooks14/1400991h.html
140098	Arthur Leo Zagat	The Spy Who Sold Death	http://gutenberg.net.au/ebooks14/1400981.html
140097	Arthur Leo Zagat	Second Hand Death	http://gutenberg.net.au/ebooks14/1400971.html
140096	Arthur Leo Zagat	Red Finger Spy Poison	http://gutenberg.net.au/ebooks14/1400961.html
140095	Arthur Leo Zagat	Red Finger's Murder Messenger	http://gutenberg.net.au/ebooks14/1400951h.html
140094	Arthur Leo Zagat	Red Finger Meets His Match	http://gutenberg.net.au/ebooks14/1400941.html
140093	Arthur Leo Zagat	Red Finger Death Dealer	http://gutenberg.net.au/ebooks14/1400931.html
140092	Arthur Leo Zagat	Locked in with Death	http://gutenberg.net.au/ebooks14/1400921.html
140091	Arthur Leo Zagat	Envoy of Doom	http://gutenberg.net.au/ebooks14/1400911.html
140090	Arthur Leo Zagat	Death's Toy Shop	http://gutenberg.net.au/ebooks14/1400901.html
140089	Arthur Leo Zagat	Death's Red Finger	http://gutenberg.net.au/ebooks14/1400891.html
140088	Arthur Leo Zagat	Death Rides the Sound	http://gutenberg.net.au/ebooks14/1400881.html
140087	Arthur Leo Zagat	Caged Horror	http://gutenberg.net.au/ebooks14/1400871.html
140086	Arthur Leo Zagat	Venus Mines Incorporated	http://gutenberg.net.au/ebooks14/1400861h.html
140085	Arthur Leo Zagat	The Two Moons of Tranquillia	http://gutenberg.net.au/ebooks14/1400851h.html
140084	Edgar Wallace	Good-bye	http://gutenberg.net.au/ebooks14/1400841h.html
140083	Edgar Wallace	Richard BruceBurglar	http://gutenberg.net.au/ebooks14/1400831h.html
140082	Edgar Wallace	My Hollywood Diary	http://gutenberg.net.au/ebooks14/1400821h.html
140081	Arthur Leo Zagat	Lost in Time	http://gutenberg.net.au/ebooks14/1400811h.html
140080	Arthur Leo Zagat	No Escape from Destiny	http://gutenberg.net.au/ebooks14/1400801h.html
140079	Jacob Abbott	Pyrrhus	http://gutenberg.net.au/ebooks14/1400791h.html
140078	Arthur Leo Zagat	The Cavern of the Shining Pool	http://gutenberg.net.au/ebooks14/1400781h.html
140077	Thomas John Buckton	Western Australia	http://gutenberg.net.au/ebooks14/1400771h.html
140076	A G Stephens	The Bulletin Story Book	http://gutenberg.net.au/ebooks14/1400761.txt http://gutenberg.net.au/ebooks14/1400761h.html
140075	Edgar Wallace	The Man Who Shot the Favourite	http://gutenberg.net.au/ebooks14/1400751h.html
140074	Edgar Wallace	The Girl who Won at Epsom	http://gutenberg.net.au/ebooks14/1400741h.html
140073	Edgar Wallace	The Derby Favourite	http://gutenberg.net.au/ebooks14/1400731h.html
140072	Edward S Sorenson	On The Wallaby	http://gutenberg.net.au/ebooks14/1400721.txt http://gutenberg.net.au/ebooks14/1400721h.html
140071	Edgar Wallace	The Caretaker in Charge	http://gutenberg.net.au/ebooks14/1400711h.html
140070	Edgar Wallace	Blooming Aloes	http://gutenberg.net.au/ebooks14/1400701h.html
140069	Edgar Wallace	A Raid on a Gambling Hell	http://gutenberg.net.au/ebooks14/1400691h.html
140068	A Conan Doyle	Memories and Adventures	http://gutenberg.net.au/ebooks14/1400681h.html
140067	Edgar Wallace	The House of the Candles	http://gutenberg.net.au/ebooks14/1400671h.html
140066	Edgar Wallace	The Get-Back	http://gutenberg.net.au/ebooks14/1400661h.html
140065	Edgar Wallace	The Little Dragon of Jade	http://gutenberg.net.au/ebooks14/1400651h.html
140064	Edgar Wallace	Sentry No. 1	http://gutenberg.net.au/ebooks14/1400641h.html
140063	Charles Lyne	New Guinea	http://gutenberg.net.au/ebooks14/1400631h.html
140062	Edgar Wallace	A Case for Angel Esquire	http://gutenberg.net.au/ebooks14/1400621h.html
140061	Jacob Abbott	Nero	http://gutenberg.net.au/ebooks14/1400611h.html
140060	Jacob Abbott	Romulus	http://gutenberg.net.au/ebooks14/1400601h.html
140059	Jacob Abbott	Cleopatra	http://gutenberg.net.au/ebooks14/1400591h.html
140058	Jacob Abbott	Darius the Great	http://gutenberg.net.au/ebooks14/1400581h.html
140057	Jacob Abbott	Cyrus the Great	http://gutenberg.net.au/ebooks14/1400571h.html
140056	Emile Zola	The Ladies' Paradise	http://gutenberg.net.au/ebooks14/1400561.txt http://gutenberg.net.au/ebooks14/1400561h.html
140055	Jacob Abbott	Xerxes	http://gutenberg.net.au/ebooks14/1400551h.html
140054	Jacob Abbott	William the Conqueror	http://gutenberg.net.au/ebooks14/1400541h.html
140053	Jacob Abbott	Queen Elizabeth	http://gutenberg.net.au/ebooks14/1400531h.html
140052	Jacob Abbott	King Alfred of England	http://gutenberg.net.au/ebooks14/1400521h.html
140051	Jacob Abbott	Charles the Second	http://gutenberg.net.au/ebooks14/1400511h.html
140050	Jacob Abbott	Mary Queen of Scots	http://gutenberg.net.au/ebooks14/1400501h.html
140049	Jacob Abbott	Julius Caesar	http://gutenberg.net.au/ebooks14/1400491h.html
140048	Jacob Abbott	Hannibal the Carthaginian	http://gutenberg.net.au/ebooks14/1400481h.html
140047	Jacob Abbott	Charles the First	http://gutenberg.net.au/ebooks14/1400471h.html
140046	Jacob Abbott	Alexander the Great	http://gutenberg.net.au/ebooks14/1400461h.html
140045	Ernest Dimnet	The Art of Thinking	http://gutenberg.net.au/ebooks14/1400451h.html
140044	Samuel Sidney	The Three Colonies of Australia	http://gutenberg.net.au/ebooks14/1400441h.html
140043	George John Whyte-Melville	The Interpreter	http://gutenberg.net.au/ebooks14/1400431h.html
140042	George John Whyte-Melville	The Gladiators	http://gutenberg.net.au/ebooks14/1400421.html
140041	George John Whyte-Melville	Sarchedon	http://gutenberg.net.au/ebooks14/1400411.html
140040	George John Whyte-Melville	Riding Recollections	http://gutenberg.net.au/ebooks14/1400401.html
140039	George John Whyte-Melville	M or N	http://gutenberg.net.au/ebooks14/1400391.html
140038	George John Whyte-Melville	Katerfelto	http://gutenberg.net.au/ebooks14/1400381.html
140037	George John Whyte-Melville	Kate Coventry	http://gutenberg.net.au/ebooks14/1400371.html
140036	George John Whyte-Melville	General Bounce	http://gutenberg.net.au/ebooks14/1400361.html
140035	George John Whyte-Melville	Contraband	http://gutenberg.net.au/ebooks14/1400351.html
140034	Rafael Sabatini	The Pretender	http://gutenberg.net.au/ebooks14/1400341.txt http://gutenberg.net.au/ebooks14/1400341h.html
140033	Rafael Sabatini	Dagger and Sword	http://gutenberg.net.au/ebooks14/1400331.txt http://gutenberg.net.au/ebooks14/1400331h.html
140032	Rafael Sabatini	The Word of Borgia	http://gutenberg.net.au/ebooks14/1400321.txt http://gutenberg.net.au/ebooks14/1400321h.html
140031	Ambrose Pratt	Franks: Duellist	http://gutenberg.net.au/ebooks14/1400311.txt http://gutenberg.net.au/ebooks14/1400311h.html
140030	Rafael Sabatini	Fortune's Fool	http://gutenberg.net.au/ebooks14/1400301.txt http://gutenberg.net.au/ebooks14/1400301h.html
140029	Edgar Wallace	The Yellow Box	http://gutenberg.net.au/ebooks14/1400291h.html
140028	Ernest Bramah	The Bravo of London	http://gutenberg.net.au/ebooks14/1400281h.html
140027	Marjorie Bowen	William by the Grace of God	http://gutenberg.net.au/ebooks14/1400271h.html
140026	Otis Adelbert Kline	Writing the Fantastic Story	http://gutenberg.net.au/ebooks14/1400261h.html
140025	Otis Adelbert Kline	Stranger from Smallness	http://gutenberg.net.au/ebooks14/1400251h.html
140024	William Coote	History of Queensland Vol 1	http://gutenberg.net.au/ebooks14/1400241h.html
140023	William Stearns Davis	The Beauty of the Purple	http://gutenberg.net.au/ebooks14/1400231h.html
140022	William Stearns Davis	God Wills It	http://gutenberg.net.au/ebooks14/1400221h.html
140021	William Stearns Davis	A Victor of Salamis	http://gutenberg.net.au/ebooks14/1400211h.html
140020	William Stearns Davis	A Friend of Caesar	http://gutenberg.net.au/ebooks14/1400201h.html
140019	Ambrose Pratt	A Daughter of the Bush	http://gutenberg.net.au/ebooks14/1400191.txt http://gutenberg.net.au/ebooks14/1400191h.html
140018	John Buchan	Scholar Gispies	http://gutenberg.net.au/ebooks14/1400181h.html
140017	Edgar Wallace	Kitchener's Army	http://gutenberg.net.au/ebooks14/1400171h.html
140016	John Buchan	Grey Weather	http://gutenberg.net.au/ebooks14/1400161h.html
140015	Edgar Wallace	The Trial of the Seddons	http://gutenberg.net.au/ebooks14/1400151h.html
140014	Edgar Wallace	The Secret of the Moat Farm	http://gutenberg.net.au/ebooks14/1400141h.html
140013	Edgar Wallace	The Murder on Yarmouth Sands	http://gutenberg.net.au/ebooks14/1400131h.html
140012	Edgar Wallace	Herbert Armstrong Poisoner	http://gutenberg.net.au/ebooks14/1400121h.html
140011	Edgar Wallace	The Great Bank of England Frauds	http://gutenberg.net.au/ebooks14/1400111h.html
140010	Richard C Mills	The Colonization of Australia	http://gutenberg.net.au/ebooks14/1400101h.html
140009	The Standard History of the War Vol4,Edgar Wallace		http://gutenberg.net.au/ebooks14/1400091h.html
140008	The Standard History of the War Vol3,Edgar Wallace		http://gutenberg.net.au/ebooks14/1400081h.html
140007	The Standard History of the War Vol2,Edgar Wallace		http://gutenberg.net.au/ebooks14/1400071h.html
140006	The Standard History of the War Vol1,Edgar Wallace		http://gutenberg.net.au/ebooks14/1400061h.html
140005	Ambrose Pratt	The Counterstroke	http://gutenberg.net.au/ebooks14/1400051.txt http://gutenberg.net.au/ebooks14/1400051h.html
140004	Marjorie Bowen	The Lady and the Arsenic	http://gutenberg.net.au/ebooks14/1400041h.html
140003	E F Benson	Charlotte Bronte	http://gutenberg.net.au/ebooks14/1400031h.html
140002	Sapper	John Walters	http://gutenberg.net.au/ebooks14/1400021h.html
140001	Sapper	Jim Brent	http://gutenberg.net.au/ebooks14/1400011h.html
130701	Arthur Conan Doyle	Through the Magic Door	http://gutenberg.net.au/ebooks13/1307011h.html
130700	Arthur C Doyle	The Wanderings of a Spiritualist	http://gutenberg.net.au/ebooks13/1307001h.html
130699	Arthur Conan Doyle	The Duello in France	http://gutenberg.net.au/ebooks13/1306991h.html
130698	A C Doyle	My Favourite Novelist and His Best Book	http://gutenberg.net.au/ebooks13/1306981h.html
130697	Arthur Conan Doyle	Life on a Greenland Whaler	http://gutenberg.net.au/ebooks13/1306971h.html
130696	Arthur Conan Doyle	Juvenilia	http://gutenberg.net.au/ebooks13/1306961h.html
130695	Arthur Conan Doyle	Crossing an Alpine Pass on Ski	http://gutenberg.net.au/ebooks13/1306951h.html
130694	Arthur C Doyle	The Future of Canadian Literature	http://gutenberg.net.au/ebooks13/1306941h.html
130693	John Buchan	A Lodge in the Wilderness	http://gutenberg.net.au/ebooks13/1306931h.html
130692	Edward S Sorenson	The Squatter's Ward	http://gutenberg.net.au/ebooks13/1306921.txt http://gutenberg.net.au/ebooks13/1306921h.html
130691	Wilhelm Walloth	Empress Octavia	http://gutenberg.net.au/ebooks13/1306911h.html
130690	Sabine Baring-Gould	The Broom-Squire	http://gutenberg.net.au/ebooks13/1306901h.html
130689	Sabine Baring-Gould	The Book of Were-Wolves	http://gutenberg.net.au/ebooks13/1306891h.html
130688	Sabine Baring-Gould	Perpetua	http://gutenberg.net.au/ebooks13/1306881h.html
130687	Sabine Baring-Gould	Pabo the Priest	http://gutenberg.net.au/ebooks13/1306871h.html
130686	Noemi-A Story of Rock-Dwellers,Sabine Baring-Gould		http://gutenberg.net.au/ebooks13/1306861h.html
130685	Mehalah-A Story of the Salt Marshes,S Baring-Gould		http://gutenberg.net.au/ebooks13/1306851h.html
130684	Sabine Baring-Gould	In the Roar of the Sea	http://gutenberg.net.au/ebooks13/1306841h.html
130683	Sabine Baring-Gould	Historic Oddities--Series 2	http://gutenberg.net.au/ebooks13/1306831h.html
130682	Sabine Baring-Gould	Historic Oddities--Series 1	http://gutenberg.net.au/ebooks13/1306821h.html
130681	Sabine Baring-Gould	Domitia	http://gutenberg.net.au/ebooks13/1306811h.html
130680	S Baring-Gould	Curious Myths of the Middle Ages	http://gutenberg.net.au/ebooks13/1306801h.html
130679	Sabine Baring-Gould	Curiosities of Olden Times	http://gutenberg.net.au/ebooks13/1306791h.html
130678	Sabine Baring-Gould	A Book of Ghosts	http://gutenberg.net.au/ebooks13/1306781h.html
130677	Edgar Wallace	One Night in Somerset	http://gutenberg.net.au/ebooks13/1306771h.html
130676	Edgar Wallace	Lord Exenham Creates a Sensation	http://gutenberg.net.au/ebooks13/1306761h.html
130675	Edgar Wallace	Halley's Comet	http://gutenberg.net.au/ebooks13/1306751h.html
130674	Edgar Wallace	Before Witnesses	http://gutenberg.net.au/ebooks13/1306741h.html
130673	Edgar Wallace	The Death Room	http://gutenberg.net.au/ebooks13/1306731h.html
130672	Edgar Wallace	The Mouthpiece	http://gutenberg.net.au/ebooks13/1306721h.html
130671	Edgar Wallace	The Table	http://gutenberg.net.au/ebooks13/1306711h.html
130670	Edgar Wallace	The Man who Changed his Name	http://gutenberg.net.au/ebooks13/1306701h.html
130669	F W Farrar	St. Winifred's-or The World of School	http://gutenberg.net.au/ebooks13/1306691h.html
130668	F W Farrar	Julian Home - A Tale of College Life	http://gutenberg.net.au/ebooks13/1306681h.html
130667	Frederic W Farrar	Gathering Clouds	http://gutenberg.net.au/ebooks13/1306671h.html
130666	Frederic W Farrar	Eric, or Little by Little	http://gutenberg.net.au/ebooks13/1306661h.html
130665	Frederic W Farrar	Darkness and Dawn	http://gutenberg.net.au/ebooks13/1306651h.html
130664	Edward G Wakefield	Eleven Letters on the Colonies	http://gutenberg.net.au/ebooks13/1306641h.html
130663	Robert Gouger	Letter From Sydney	http://gutenberg.net.au/ebooks13/1306631h.html
130662	Edgar Wallace	The Strange Lapses of Larry Loman	http://gutenberg.net.au/ebooks13/1306621h.html
130661	Edgar Wallace	Army Reform	http://gutenberg.net.au/ebooks13/1306611h.html
130660	Ambrose Pratt	King of The Rocks	http://gutenberg.net.au/ebooks13/1306601.txt http://gutenberg.net.au/ebooks13/1306601h.html
130659	Edgar Wallace	Sanctuary Island	http://gutenberg.net.au/ebooks13/1306591h.html
130658	Edgar Wallace	Smoky Cell	http://gutenberg.net.au/ebooks13/1306581h.html
130657	Edwin Hodder	The Founding of South Australia	http://gutenberg.net.au/ebooks13/1306571h.html
130656	Edgar Wallace	The Green Pack	http://gutenberg.net.au/ebooks13/1306561h.html
130655	Edgar Wallace	The Earl of Nowhere	http://gutenberg.net.au/ebooks13/1306551h.html
130654	Ambrose Pratt	The Veiled Man	http://gutenberg.net.au/ebooks13/1306541.txt http://gutenberg.net.au/ebooks13/1306541h.html
130653	John Sandes	Gentleman Jack Bushranger	http://gutenberg.net.au/ebooks13/1306531.txt http://gutenberg.net.au/ebooks13/1306531h.html
130652	H Rider Haggard	Cleopatra	http://gutenberg.net.au/ebooks13/1306521h.html
130651	Georg Ebers	Serapis	http://gutenberg.net.au/ebooks13/1306511h.html
130650	Georg Ebers	Homo Sum	http://gutenberg.net.au/ebooks13/1306501h.html
130649	Georg Ebers	Cleopatra	http://gutenberg.net.au/ebooks13/1306491h.html
130648	Georg Ebers	A Thorny Path	http://gutenberg.net.au/ebooks13/1306481h.html
130647	Edgar Wallace	Mr. Miller and the Kaiser	http://gutenberg.net.au/ebooks13/1306471h.html
130646	Edward S Sorenson	The Mystery of Murrawang	http://gutenberg.net.au/ebooks13/1306461.txt http://gutenberg.net.au/ebooks13/1306461h.html
130645	W C Gosse	W C Gosse's Explorations, 1873	http://gutenberg.net.au/ebooks13/1306451h.html
130644	Tobias Furneaux	Captain Furneaux's Narrative	http://gutenberg.net.au/ebooks13/1306441h.html
130643	Henry Ling Roth Roth	Crozet's Voyage in 1771-2	http://gutenberg.net.au/ebooks13/1306431h.html
130642	John Henry Newman	Callista	http://gutenberg.net.au/ebooks13/1306421h.html
130641	Edgar Wallace	The Magnificent Ensign Smith	http://gutenberg.net.au/ebooks13/1306411h.html
130640	G A Henty	The Young Carthaginian	http://gutenberg.net.au/ebooks13/1306401h.html
130639	G A Henty	For the Temple	http://gutenberg.net.au/ebooks13/1306391h.html
130638	G A Henty	Beric the Briton	http://gutenberg.net.au/ebooks13/1306381h.html
130637	William Ware	Zenobia	http://gutenberg.net.au/ebooks13/1306371h.html
130636	William Ware	Aurelian	http://gutenberg.net.au/ebooks13/1306361h.html
130635	Lew Wallace	The Prince Of India	http://gutenberg.net.au/ebooks13/1306351h.html
130634	Lew Wallace	The Fair God	http://gutenberg.net.au/ebooks13/1306341h.html
130633	Lew Wallace	Ben-Hur	http://gutenberg.net.au/ebooks13/1306331h.html
130632	Alfred John Church	To The Lions	http://gutenberg.net.au/ebooks13/1306321h.html
130631	Alfred John Church	The Last Days of Jerusalem	http://gutenberg.net.au/ebooks13/1306311h.html
130630	Alfred John Church	The Count of the Saxon Shore	http://gutenberg.net.au/ebooks13/1306301h.html
130629	Alfred John Church	The Burning of Rome	http://gutenberg.net.au/ebooks13/1306291h.html
130628	Alfred John Church	Stories from Livy	http://gutenberg.net.au/ebooks13/1306281h.html
130627	Alfred J Church	Roman Life in the Days of Cicero	http://gutenberg.net.au/ebooks13/1306271h.html
130626	Alfred J Church	Lucius--Adventures of a Roman Boy	http://gutenberg.net.au/ebooks13/1306261h.html
130625	Alfred John Church	Lords of the World	http://gutenberg.net.au/ebooks13/1306251h.html
130624	Edgar Wallace	The Man Who Came Back	http://gutenberg.net.au/ebooks13/1306241h.html
130623	Edgar Wallace	The Education of King Peter	http://gutenberg.net.au/ebooks13/1306231h.html
130622	Edgar Wallace	A Dream	http://gutenberg.net.au/ebooks13/1306221h.html
130621	Edgar Wallace	The Forest of Happy Thoughts	http://gutenberg.net.au/ebooks13/1306211h.html
130620	Edgar Wallace	The Poisoners	http://gutenberg.net.au/ebooks13/1306201h.html
130619	Marjorie Bowen	Moss Rose	http://gutenberg.net.au/ebooks13/1306191h.html
130618	Edgar Wallace	The Black Avons 3	http://gutenberg.net.au/ebooks13/1306181h.html
130617	Edgar Wallace	The Black Avons 2	http://gutenberg.net.au/ebooks13/1306171h.html
130616	Edgar Wallace	The Black Avons 1	http://gutenberg.net.au/ebooks13/1306161h.html
130615	Castle Vane: A Romance of Bushranging,J H M Abbott		http://gutenberg.net.au/ebooks13/1306151.txt http://gutenberg.net.au/ebooks13/1306151h.html
130614	Edgar Wallace	The Woman from the East	http://gutenberg.net.au/ebooks13/1306141h.html
130613	Edgar Wallace	The Day of Uniting	http://gutenberg.net.au/ebooks13/1306131h.html
130612	Edgar Wallace	The Big Four	http://gutenberg.net.au/ebooks13/1306121h.html
130611	Edgar Wallace	1925 - The Story of a Fatal Peace	http://gutenberg.net.au/ebooks13/1306111h.html
130610	Edgar Wallace	The Road to London	http://gutenberg.net.au/ebooks13/1306101h.html
130609	Edward S Sorenson	The Shepherds' Dance	http://gutenberg.net.au/ebooks13/1306091.txt http://gutenberg.net.au/ebooks13/1306091h.html
130608	Edgar Wallace	Smithy Abroad	http://gutenberg.net.au/ebooks13/1306081h.html
130607	Edward S Sorenson	Spotty the Bower-Bird	http://gutenberg.net.au/ebooks13/1306071.txt. http://gutenberg.net.au/ebooks13/1306071h.html
130606	Edgar Wallace	The Black Avons 4	http://gutenberg.net.au/ebooks13/1306061h.html
130605	Edgar Wallace	The Sodium Lines	http://gutenberg.net.au/ebooks13/1306051h.html
130604	Wilkie Collins	Antonina	http://gutenberg.net.au/ebooks13/1306041h.html
130603	J H M Abbott	Sally: The Tale of a Currency Lass	http://gutenberg.net.au/ebooks13/1306031.txt http://gutenberg.net.au/ebooks13/1306031h.html
130602	Edgar Wallace	The Terror and Other Stories	http://gutenberg.net.au/ebooks13/1306021h.html
130601	Edgar Wallace	The Slip	http://gutenberg.net.au/ebooks13/1306011h.html
130600	Edgar Wallace	The Hand of Power	http://gutenberg.net.au/ebooks13/1306001h.html
130599	Edward Lucas White	Andivius Hedulio	http://gutenberg.net.au/ebooks13/1305991h.html
130598	Edward Lucas White	The Unwilling Vestal	http://gutenberg.net.au/ebooks13/1305981h.html
130597	Tacitus	The Histories	http://gutenberg.net.au/ebooks13/1305971h.html
130596	Tacitus	The Annals	http://gutenberg.net.au/ebooks13/1305961h.html
130595	John Arthur Barry	A Son of the Sea	http://gutenberg.net.au/ebooks13/1305951.txt http://gutenberg.net.au/ebooks13/1305951h.html
130594	Fred Merrick White	The Green Bungalow	http://gutenberg.net.au/ebooks13/1305941.txt http://gutenberg.net.au/ebooks13/1305941h.html
130593	Julius Caesar	The Works of Julius Caesar	http://gutenberg.net.au/ebooks13/1305931h.html
130592	Edgar Wallace	The Fourth Plague	http://gutenberg.net.au/ebooks13/1305921h.html
130591	Suetonius	The Twelve Caesars	http://gutenberg.net.au/ebooks13/1305911h.html
130590	Virgil	The Aeneid	http://gutenberg.net.au/ebooks13/1305901h.html
130589	Edgar Wallace	The Murder at the 'Port Helm'	http://gutenberg.net.au/ebooks13/1305891h.html
130588	Edgar Wallace	Smithy and the Hun	http://gutenberg.net.au/ebooks13/1305881h.html
130587	Edgar Wallace	The Limp of the Clan Chen	http://gutenberg.net.au/ebooks13/1305871h.html
130586	Edgar Wallace	The House Surgeon	http://gutenberg.net.au/ebooks13/1305861h.html
130585	Edgar Wallace	If--?	http://gutenberg.net.au/ebooks13/1305851h.html
130584	Edwin James Welch	Dinky Darbison	http://gutenberg.net.au/ebooks13/1305841.txt http://gutenberg.net.au/ebooks13/1305841h.html
130583	Edgar Wallace	Number Six	http://gutenberg.net.au/ebooks13/1305831h.html
130582	Edgar Wallace	The Terror	http://gutenberg.net.au/ebooks13/1305821h.html
130581	Marjorie Bowen	Sundry Great Gentlemen	http://gutenberg.net.au/ebooks13/1305811h.html
130580	Ambrose Pratt	Three Years with Thunderbolt	http://gutenberg.net.au/ebooks13/1305801.txt http://gutenberg.net.au/ebooks13/1305801h.html
130579	Edgar Wallace	The Million-Dollar Story	http://gutenberg.net.au/ebooks13/1305791h.html
130578	Edgar Wallace	Penelope of the Polyantha	http://gutenberg.net.au/ebooks13/1305781h.html
130577	Edgar Wallace	The Great Reward	http://gutenberg.net.au/ebooks13/1305771h.html
130576	Edgar Wallace	Eve's Island	http://gutenberg.net.au/ebooks13/1305761h.html
130575	Edward Sorenson	Life In The Australian Backblocks	http://gutenberg.net.au/ebooks13/1305751.txt http://gutenberg.net.au/ebooks13/1305751h.html
130574	Edgar Wallace	The Three Oak Mystery	http://gutenberg.net.au/ebooks13/1305741h.html
130573	Edgar Wallace	Gospel-Truth Mortimer	http://gutenberg.net.au/ebooks13/1305731h.html
130572	Edgar Wallace	The Companions of the Ace High	http://gutenberg.net.au/ebooks13/1305721h.html
130571	Edgar Wallace	Down Under Donovan	http://gutenberg.net.au/ebooks13/1305711h.html
130570	Rafael Sabatini	The Nuptials of Corbigny	http://gutenberg.net.au/ebooks13/1305701h.html
130569	Carolyn Wells	Face Cards	http://gutenberg.net.au/ebooks13/1305691h.html
130568	Edgar Wallace	While the Passengers Slept	http://gutenberg.net.au/ebooks13/1305681h.html
130567	Edgar Wallace	The Barford 'Snake'	http://gutenberg.net.au/ebooks13/1305671h.html
130566	Edgar Wallace	The Despatch Rider	http://gutenberg.net.au/ebooks13/1305661h.html
130565	Edgar Wallace	We Shall See	http://gutenberg.net.au/ebooks13/1305651h.html
130564	A J Richardson	An Expedition from Port Denison	http://gutenberg.net.au/ebooks13/1305641h.html
130563	Edgar Wallace	The Last Adventure	http://gutenberg.net.au/ebooks13/1305631h.html
130562	Edgar Wallace	The Orator	http://gutenberg.net.au/ebooks13/1305621h.html
130561	Edgar Wallace	The Books of Bart	http://gutenberg.net.au/ebooks13/1305611h.html
130560	J G Hay	Visit of Charles Fraser to the Swan River	http://gutenberg.net.au/ebooks13/1305601h.html
130559	Emile C Tepperman	Sleuth of the Air Waves	http://gutenberg.net.au/ebooks13/1305591h.html
130558	A History of Geographical Discovery,Edward Heawood		http://gutenberg.net.au/ebooks13/1305581h.html
130557	John Arthur Barry	Short Stories Volume 2	http://gutenberg.net.au/ebooks13/1305571.txt http://gutenberg.net.au/ebooks13/1305571h.html
130555	Arthur Leo Zagat	Flight of the Silver Eagle	http://gutenberg.net.au/ebooks13/1305551h.html
130554	John Buchan	The Magic Walking-Stick	http://gutenberg.net.au/ebooks13/1305541h.html
130553	Edgar Wallace	The Man Called McGinnice	http://gutenberg.net.au/ebooks13/1305531h.html
130552	Edgar Wallace	Christmas Eve at the China Dog	http://gutenberg.net.au/ebooks13/1305521h.html
130551	Edgar Wallace	A Day with von Tirpitz	http://gutenberg.net.au/ebooks13/1305511h.html
130550	Fred Merrick White	The Secret of the Sands	http://gutenberg.net.au/ebooks13/1305501.txt http://gutenberg.net.au/ebooks13/1305501h.html
130549	Edgar Wallace	The Steward	http://gutenberg.net.au/ebooks13/1305491h.html
130548	Ambrose Pratt	Dan Kelly Outlaw	http://gutenberg.net.au/ebooks13/1305481.txt http://gutenberg.net.au/ebooks13/1305481h.html
130547	Edward S Sorenson	The Kookaburra	http://gutenberg.net.au/ebooks13/1305471.txt http://gutenberg.net.au/ebooks13/1305471h.html
130546	 Sapper	Shorty Bill	http://gutenberg.net.au/ebooks13/1305461h.html
130545	Rafael Sabatini	Forbidden Lover	http://gutenberg.net.au/ebooks13/1305451h.html
130544	Edgar Wallace	The River of Stars	http://gutenberg.net.au/ebooks13/1305441h.html
130543	Looking for Leichhardt: the 19th Century,N Overton		http://gutenberg.net.au/ebooks13/1305431h.html
130542	Fred Merrick White	The Supreme Test	http://gutenberg.net.au/ebooks13/1305421.txt http://gutenberg.net.au/ebooks13/1305421h.html
130541	Fred Merrick White	Blackmail	http://gutenberg.net.au/ebooks13/1305411.txt http://gutenberg.net.au/ebooks13/1305411h.html
130540	Edgar Wallace	The Thief in the Night	http://gutenberg.net.au/ebooks13/1305401h.html
130539	Edgar Wallace	The Mixer	http://gutenberg.net.au/ebooks13/1305391h.html
130538	Arthur J Rees	The Mystery of the Downs	http://gutenberg.net.au/ebooks13/1305381h.html
130537	Rafael Sabatini	The Duel on the Beach	http://gutenberg.net.au/ebooks13/1305371h.html
130536	Edgar Wallace	Elegant Edward	http://gutenberg.net.au/ebooks13/1305361h.html
130535	 Sapper	Out of the Blue	http://gutenberg.net.au/ebooks13/1305351h.html
130534	Fred Merrick White	The Cardinal Moth	http://gutenberg.net.au/ebooks13/1305341h.html
130533	Sapper	Michael Cassidy, Sergeant (US Edition)	http://gutenberg.net.au/ebooks13/1305331h.html
130532	R.E. (UK Edition),Sapper	Sergeant Michael Cassidy	http://gutenberg.net.au/ebooks13/1305321h.html
130531	Sapper	The Dinner Club	http://gutenberg.net.au/ebooks13/1305311h.html
130530	J G Hill	Calvert Scientific Exploring Expedition	http://gutenberg.net.au/ebooks13/1305301h.html
130529	Sapper	The Man in Ratcatcher and Other Stories	http://gutenberg.net.au/ebooks13/1305291h.html
130528	Leichhardt	Journal of Leichhardt's 3rd Expedition	http://gutenberg.net.au/ebooks13/1305281h.html
130527	Daniel Bunce	Australasiatic Reminiscences	http://gutenberg.net.au/ebooks13/1305271h.html
130526	Fred Merrick White	The House of Mammon	http://gutenberg.net.au/ebooks13/1305261.txt http://gutenberg.net.au/ebooks13/1305261h.html
130525	Edgar Wallace	Good Evans	http://gutenberg.net.au/ebooks13/1305251h.html
130524	Edgar Wallace	More Educated Evans	http://gutenberg.net.au/ebooks13/1305241h.html
130523	Edgar Wallace	Educated Evans	http://gutenberg.net.au/ebooks13/1305231h.html
130522	Sapper	The Human Touch	http://gutenberg.net.au/ebooks13/1305221h.html
130521	John Arthur Barry	Short Stories Volume 3	http://gutenberg.net.au/ebooks13/1305211.txt http://gutenberg.net.au/ebooks13/1305211h.html
130520	Federal Capital--Preliminary Plan,Walter B Griffin		http://gutenberg.net.au/ebooks13/1305201h.html
130519	Expedition ascertain course River Victoria,Kennedy		http://gutenberg.net.au/ebooks13/1305191h.html
130518	Henry Stuart Russell	The Genesis of Queensland	http://gutenberg.net.au/ebooks13/1305181h.html
130517	Edgar Wallace	Barbara on her Own	http://gutenberg.net.au/ebooks13/1305171h.html
130516	Edgar Wallace	A Debt Discharged	http://gutenberg.net.au/ebooks13/1305161h.html
130515	Edgar Wallace	The Lady of Little Hell	http://gutenberg.net.au/ebooks13/1305151h.html
130514	Edgar Wallace	The Lady Called Nita	http://gutenberg.net.au/ebooks13/1305141h.html
130513	Edgar Wallace	The Black and Other Stories	http://gutenberg.net.au/ebooks13/1305131h.html
130512	Edgar Wallace	Four-Square Jane	http://gutenberg.net.au/ebooks13/1305121h.html
130511	 Sapper	The Lieutenant and Others	http://gutenberg.net.au/ebooks13/1305111h.html
130510	Gerald Biss	Branded (The Daughters of a Convict)	http://gutenberg.net.au/ebooks13/1305101.txt http://gutenberg.net.au/ebooks13/1305101h.html
130509	Edgar Wallace	Mrs. William Jonesand Bill	http://gutenberg.net.au/ebooks13/1305091h.html
130508	Sapper	Men Women and Guns	http://gutenberg.net.au/ebooks13/1305081h.html
130507	Edgar Wallace	Tam's Air Taxi	http://gutenberg.net.au/ebooks13/1305071h.html
130506	Edgar Wallace	Killer Kay and Other Stories	http://gutenberg.net.au/ebooks13/1305061h.html
130505	Sapper	The Island of Terror	http://gutenberg.net.au/ebooks13/1305051h.html
130504	Edgar Wallace	The Fighting Scouts	http://gutenberg.net.au/ebooks13/1305041h.html
130503	An Expedition to the South-Eastward of Perth,J Roe		http://gutenberg.net.au/ebooks13/1305031h.html
130502	Enrico Fermi	Thermodynamics	http://gutenberg.net.au/ebooks13/1305021p.pdf
130501	Fred Merrick White	Secret of the River	http://gutenberg.net.au/ebooks13/1305011.txt http://gutenberg.net.au/ebooks13/1305011h.html
130500	Edgar Wallace	Smithy, Nobby & Co	http://gutenberg.net.au/ebooks13/1305001h.html
130499	Edgar Wallace	Smithy	http://gutenberg.net.au/ebooks13/1304991h.html
130498	Edgar Wallace	Nobby	http://gutenberg.net.au/ebooks13/1304981h.html
130497	William Bramwell Withers	The History of Ballarat	http://gutenberg.net.au/ebooks13/1304971h.html
130496	Edgar Wallace	The Missing Million	http://gutenberg.net.au/ebooks13/1304961h.html
130495	Edgar Wallace	The Melody of Death	http://gutenberg.net.au/ebooks13/1304951h.html
130494	Edgar Wallace	The Green Ribbon	http://gutenberg.net.au/ebooks13/1304941h.html
130493	Sylvanus Cobb	Orion the Gold Beater	http://gutenberg.net.au/ebooks13/1304931.txt http://gutenberg.net.au/ebooks13/1304931h.html
130492	Fred Merrick White	The Edge of the Sword	http://gutenberg.net.au/ebooks13/1304921.txt http://gutenberg.net.au/ebooks13/1304921h.html
130491	Edgar Wallace	The Black Abbot	http://gutenberg.net.au/ebooks13/1304911h.html
130490	Edgar Wallace	The Golden Hades	http://gutenberg.net.au/ebooks13/1304901h.html
130489	Edgar Wallace	For Information Received	http://gutenberg.net.au/ebooks13/1304891h.html
130488	Edgar Wallace	Circumstantial Evidence (1934)	http://gutenberg.net.au/ebooks13/1304881h.html
130487	Edgar Wallace	The Undisclosed Client	http://gutenberg.net.au/ebooks13/1304871h.html
130486	Edgar Wallace	The Flying Fifty-Five	http://gutenberg.net.au/ebooks13/1304861h.html
130485	The Collected Ghost Stories of M R James,M R James		http://gutenberg.net.au/ebooks13/1304851.txt
130484	Robert Ervin Howard	Vultures' Sanctuary	http://gutenberg.net.au/ebooks13/1304841h.html
130482	Robert Ervin Howard	Golden Hope Christmas	http://gutenberg.net.au/ebooks13/1304821h.html
130481	Robert Ervin Howard	Drums of the Sunset	http://gutenberg.net.au/ebooks13/1304811h.html
130480	Marjorie Bowen	The Rocklitz	http://gutenberg.net.au/ebooks13/1304801h.html
130479	Edgar Wallace	Sergeant Sir Peter	http://gutenberg.net.au/ebooks13/1304791h.html
130478	John Arthur Barry	Shearers and Some Sheds	http://gutenberg.net.au/ebooks13/1304781.txt http://gutenberg.net.au/ebooks13/1304781h.html
130477	Arthur Leo Zagat	They Dine in Darkness	http://gutenberg.net.au/ebooks13/1304771h.html
130476	Arthur Leo Zagat	The Little Walking Corpses	http://gutenberg.net.au/ebooks13/1304761h.html
130475	Arthur Leo Zagat	The Hound of Hell	http://gutenberg.net.au/ebooks13/1304751h.html
130474	Arthur Leo Zagat	The Corpse Factory	http://gutenberg.net.au/ebooks13/1304741h.html
130473	Arthur Leo Zagat	Terror Beneath the Streets	http://gutenberg.net.au/ebooks13/1304731h.html
130472	Arthur Leo Zagat	Soft Blows the Breeze from Hell	http://gutenberg.net.au/ebooks13/1304721h.html
130471	Arthur Leo Zagat	Satan's Handmaiden	http://gutenberg.net.au/ebooks13/1304711h.html
130470	Arthur Leo Zagat	Satan's Bedchamber	http://gutenberg.net.au/ebooks13/1304701h.html
130469	Arthur Leo Zagat	One Night of Terror	http://gutenberg.net.au/ebooks13/1304691h.html
130468	Arthur Leo Zagat	Monster at Play	http://gutenberg.net.au/ebooks13/1304681h.html
130467	Arthur Leo Zagat	Midnight Fangs	http://gutenberg.net.au/ebooks13/1304671h.html
130466	Arthur Leo Zagat	Madman's Bride	http://gutenberg.net.au/ebooks13/1304661h.html
130465	Arthur Leo Zagat	Girl of the Goat God	http://gutenberg.net.au/ebooks13/1304651h.html
130464	Arthur Leo Zagat	Death's Mistress	http://gutenberg.net.au/ebooks13/1304641h.html
130463	Arthur Leo Zagat	Death Lands a Cargo	http://gutenberg.net.au/ebooks13/1304631h.html
130462	Arthur Leo Zagat	Death Dance of the Broken Dolls	http://gutenberg.net.au/ebooks13/1304621h.html
130461	Arthur Leo Zagat	Bride of the Winged Terror	http://gutenberg.net.au/ebooks13/1304611h.html
130460	Arthur Leo Zagat	The Green Ray	http://gutenberg.net.au/ebooks13/1304601h.html
130459	Edgar Wallace	The Strange Countess	http://gutenberg.net.au/ebooks13/1304591h.html
130458	Zane Grey	The Vanishing American	http://gutenberg.net.au/ebooks13/1304581h.html
130457	Arthur Leo Zagat	Revels for the Lusting Dead	http://gutenberg.net.au/ebooks13/1304571h.html
130456	Arthur Leo Zagat	Priestess of Murder	http://gutenberg.net.au/ebooks13/1304561h.html
130455	Arthur Leo Zagat	Lair of the Snake Girl	http://gutenberg.net.au/ebooks13/1304551h.html
130454	Arthur Leo Zagat	Death's Cold Arms	http://gutenberg.net.au/ebooks13/1304541h.html
130453	Arthur Leo Zagat	Death Lives in Our House	http://gutenberg.net.au/ebooks13/1304531h.html
130452	Ernest Shackleton	The Antarctic Book: 1907-1909	http://gutenberg.net.au/ebooks13/1304521h.html
130451	Harry and Edward Paulton	Niobe, All Smiles	http://gutenberg.net.au/ebooks13/1304511.txt
130450	Robert Ervin Howard	The Dead Remember	http://gutenberg.net.au/ebooks13/1304501h.html
130448	Arthur Leo Zagat	Thirst of the Damned	http://gutenberg.net.au/ebooks13/1304481h.html
130447	Arthur Leo Zagat	Satan's Scalpel	http://gutenberg.net.au/ebooks13/1304471h.html
130446	Arthur Leo Zagat	Riverfront Horror	http://gutenberg.net.au/ebooks13/1304461h.html
130445	Arthur Leo Zagat	Crawling Madness	http://gutenberg.net.au/ebooks13/1304451h.html
130444	Arthur Leo Zagat	Chains of the Living Dead	http://gutenberg.net.au/ebooks13/1304441h.html
130443	Progress of Interior Discovery in NSW,A Cunningham		http://gutenberg.net.au/ebooks13/1304431h.html
130442	Barron Field	Geographical Memoirs on NSW	http://gutenberg.net.au/ebooks13/1304421h.html
130441	Marjorie Bowen	The Carnival of Florence	http://gutenberg.net.au/ebooks13/1304411h.html
130440	Rafael Sabatini	The Black Swan	http://gutenberg.net.au/ebooks13/1304401h.html
130439	Arthur Gask	Marauders by Night	http://gutenberg.net.au/ebooks13/1304391.txt http://gutenberg.net.au/ebooks13/1304391h.html
130438	Marjorie Bowen	William Prince of Orange 1650-1673	http://gutenberg.net.au/ebooks13/1304381h.html
130437	Willa Cather	The Enchanted Bluff	http://gutenberg.net.au/ebooks13/1304371h.html
130436	Arthur Leo Zagat	When Love Went Mad!	http://gutenberg.net.au/ebooks13/1304361h.html
130435	Arthur Leo Zagat	The Man Who Would Not Die	http://gutenberg.net.au/ebooks13/1304351h.html
130434	Arthur Leo Zagat	Thirst of the Living Dead	http://gutenberg.net.au/ebooks13/1304341h.html
130433	Joseph Cross	Journals of Expeditions made in W.A.	http://gutenberg.net.au/ebooks13/1304331h.html
130431	Robert Ervin Howard	Collected Juvenilia	http://gutenberg.net.au/ebooks13/1304311h.html
130430	Arthur Leo Zagat	House of Living Death	http://gutenberg.net.au/ebooks13/1304301h.html
130428	Expedition to Explore Interior W.A.,Robert Austin		http://gutenberg.net.au/ebooks13/1304281h.html
130427	Robert Ervin Howard	Red Blades of Black Cathay	http://gutenberg.net.au/ebooks13/1304271h.html
130424	Arthur Leo Zagat	The Land Where Time Stood Still	http://gutenberg.net.au/ebooks13/1304241h.html
130422	Robert Ervin Howard	Knife-River Prodigal	http://gutenberg.net.au/ebooks13/1304221h.html
130421	Robert Ervin Howard	A Ring-Tailed Tornado	http://gutenberg.net.au/ebooks13/1304211h.html
130420	Robert Ervin Howard	A Man-Eating Jeopard	http://gutenberg.net.au/ebooks13/1304201h.html
130418	Fred Merrick White	A Queen of the Stage	http://gutenberg.net.au/ebooks13/1304181.txt http://gutenberg.net.au/ebooks13/1304181h.html
130417	John Arthur Barry	Red Lion and Blue Star	http://gutenberg.net.au/ebooks13/1304171.txt http://gutenberg.net.au/ebooks13/1304171h.html
130415	Robert Ervin Howard	Black Hound of Death	http://gutenberg.net.au/ebooks13/1304151h.html
130414	Marjorie Bowen	The Crime of Laura Sarelle	http://gutenberg.net.au/ebooks13/1304141h.html
130413	Rafael Sabatini	The Stalking-Horse	http://gutenberg.net.au/ebooks13/1304131h.html http://gutenberg.net.au/ebooks13/1304111h.html
130410	Robert Ervin Howard	The Challenge from Beyond	http://gutenberg.net.au/ebooks13/1304101h.html
130408	Historical Records of Port Phillip,J J Shillinglaw		http://gutenberg.net.au/ebooks13/1304081h.html
130406	Fred Merrick White	My Lady Bountiful	http://gutenberg.net.au/ebooks13/1304061.txt http://gutenberg.net.au/ebooks13/1304061h.html
130405	Rafael Sabatini	Bellarion The Fortunate	http://gutenberg.net.au/ebooks13/1304051h.html
130403	Robert Ervin Howard	Dig Me No Grave	http://gutenberg.net.au/ebooks13/1304031h.html
130402	Marjorie Bowen	A Moment's Madness	http://gutenberg.net.au/ebooks13/1304021h.html
130400	Robert Ervin Howard	The Riot of Bucksnort	http://gutenberg.net.au/ebooks13/1304001h.html
130399	Robert Ervin Howard	Gents on the Lynch	http://gutenberg.net.au/ebooks13/1303991h.html
130398	Robert Ervin Howard	A Gent from the Pecos	http://gutenberg.net.au/ebooks13/1303981h.html
130397	Bagatelle and Some Other Diversions,Marjorie Bowen		http://gutenberg.net.au/ebooks13/1303971h.html
130396	Robert Ervin Howard	Three Tales of the Ring	http://gutenberg.net.au/ebooks13/1303961h.html
130395	The History of South Australia Vol II,Edwin Hodder		http://gutenberg.net.au/ebooks13/1303951.html
130393	Robert E Howard	Swords of Shahrazar	http://gutenberg.net.au/ebooks13/1303931h.html
130390	Fred Merrick White	The Phantom Car	http://gutenberg.net.au/ebooks13/1303901.txt http://gutenberg.net.au/ebooks13/1303901h.html
130387	Solomon Kane's Homecoming - A Poem,Robert E Howard		http://gutenberg.net.au/ebooks13/1303871h.html
130386	Charles Hawtry	The Private Secretary	http://gutenberg.net.au/ebooks13/1303861.txt
130384	Rafael Sabatini	Brethren of the Main	http://gutenberg.net.au/ebooks13/1303841h.html
130383	Emile C Tepperman	Five-Star Frameup	http://gutenberg.net.au/ebooks13/1303831h.html
130382	Fred Merrick White	The Lonely Bride	http://gutenberg.net.au/ebooks13/1303821h.html
130380	Robert Ervin Howard	The King and the Oak  A Poem	http://gutenberg.net.au/ebooks13/1303801h.html
130378	H G Wells	The Dream	http://gutenberg.net.au/ebooks13/1303781h.html
130377	Robert Ervin Howard	Cimmeria - A Poem	http://gutenberg.net.au/ebooks13/1303771h.html
130376	James Bonwick	John Batman the Founder of Victoria	http://gutenberg.net.au/ebooks13/1303761h.html
130374	Charles Haddon Chambers	Passers-by	http://gutenberg.net.au/ebooks13/1303741.txt http://gutenberg.net.au/ebooks13/1303741h.html
130373	H G Wells	World Brain	http://gutenberg.net.au/ebooks13/1303731h.html
130372	H G Wells	What is Coming	http://gutenberg.net.au/ebooks13/1303721h.html
130371	H G Wells	Washington and the Hope of Peace	http://gutenberg.net.au/ebooks13/1303711h.html
130370	H G Wells	War and the Future	http://gutenberg.net.au/ebooks13/1303701h.html
130369	H G Wells	Utopias	http://gutenberg.net.au/ebooks13/1303691h.html
130368	H G Wells	This Misery of Boots	http://gutenberg.net.au/ebooks13/1303681h.html
130367	H G Wells	The War That Will End War	http://gutenberg.net.au/ebooks13/1303671h.html
130366	H G Wells	The Open Conspiracy	http://gutenberg.net.au/ebooks13/1303661h.html
130365	H G Wells	The Salvaging of Civilization	http://gutenberg.net.au/ebooks13/1303651h.html
130364	Robert Logan Jack	Northmost Australia, Volume 2	http://gutenberg.net.au/ebooks13/1303641h.html
130363	H G Wells	The Future in America	http://gutenberg.net.au/ebooks13/1303631h.html
130362	H G Wells	The Fate of Man	http://gutenberg.net.au/ebooks13/1303621h.html
130361	H G Wells	The Elements of Reconstruction	http://gutenberg.net.au/ebooks13/1303611h.html
130360	H G Wells	The Discovery of the Future	http://gutenberg.net.au/ebooks13/1303601h.html
130359	H G Wells	The Common Sense of War and Peace	http://gutenberg.net.au/ebooks13/1303591h.html
130358	H G Wells	Socialism and the Family	http://gutenberg.net.au/ebooks13/1303581h.html
130357	H G Wells	New Worlds for Old	http://gutenberg.net.au/ebooks13/1303571h.html
130356	H G Wells	Marxism vs. Liberalism	http://gutenberg.net.au/ebooks13/1303561h.html
130355	H G Wells	Mankind in the Making	http://gutenberg.net.au/ebooks13/1303551.html
130354	H G Wells	In the Fourth Year	http://gutenberg.net.au/ebooks13/1303541.html
130353	H G Wells	God the Invisible King	http://gutenberg.net.au/ebooks13/1303531.html
130352	H G Wells	First and Last Things	http://gutenberg.net.au/ebooks13/1303521.html
130351	H G Wells	Experiment in Autobiography	http://gutenberg.net.au/ebooks13/1303511.html
130350	H G Wells	Crux Ansata	http://gutenberg.net.au/ebooks13/1303501.html
130349	H G Wells	Certain Personal Matters	http://gutenberg.net.au/ebooks13/1303491.html
130348	H G Wells	A Year of Prophesying	http://gutenberg.net.au/ebooks13/1303481.html
130347	H G Wells	Anticipations	http://gutenberg.net.au/ebooks13/1303471.html
130346	H G Wells	An Englishman Looks at the World	http://gutenberg.net.au/ebooks13/1303461.html
130345	H G Wells	The Idea of a League of Nations	http://gutenberg.net.au/ebooks13/1303451.html
130344	H G Wells	The Wheels of Chance	http://gutenberg.net.au/ebooks13/1303441h.html
130343	H G Wells	The Undying Fire	http://gutenberg.net.au/ebooks13/1303431h.html
130342	H G Wells	The Soul of a Bishop	http://gutenberg.net.au/ebooks13/1303421h.html
130341	H G Wells	The Secret Places of the Heart	http://gutenberg.net.au/ebooks13/1303411h.html
130340	H G Wells	The Research Magnificent	http://gutenberg.net.au/ebooks13/1303401h.html
130339	H G Wells	The Passionate Friends	http://gutenberg.net.au/ebooks13/1303391h.html
130338	H G Wells	You Can't Be Too Careful	http://gutenberg.net.au/ebooks13/1303381h.html
130337	H G Wells	The Wife of Sir Isaac Harman	http://gutenberg.net.au/ebooks13/1303371h.html
130336	Fred Merrick White	From Information Received	http://gutenberg.net.au/ebooks13/1303361.txt http://gutenberg.net.au/ebooks13/1303361h.html
130335	Fred Merrick White	A Christmas Bride	http://gutenberg.net.au/ebooks13/1303351.txt http://gutenberg.net.au/ebooks13/1303351h.html
130334	Robert Logan Jack	Northmost Australia, Volume 1	http://gutenberg.net.au/ebooks13/1303341h.html
130333	Stanley Houghton	The Dear Departed	http://gutenberg.net.au/ebooks13/1303331.txt
130332	Fred Merrick White	Her Christmas Dawn	http://gutenberg.net.au/ebooks13/1303321.txt http://gutenberg.net.au/ebooks13/1303321h.html
130331	H G Wells	The New Machiavelli	http://gutenberg.net.au/ebooks13/1303311h.html
130330	H G Wells	The King Who was a King	http://gutenberg.net.au/ebooks13/1303301h.html
130329	H G Wells	The History of Mr Polly	http://gutenberg.net.au/ebooks13/1303291h.html
130328	H G Wells	Mr Britling Sees it Through	http://gutenberg.net.au/ebooks13/1303281h.html
130327	H G Wells	Meanwhile	http://gutenberg.net.au/ebooks13/1303271h.html
130326	H G Wells	Marriage	http://gutenberg.net.au/ebooks13/1303261h.html
130325	H G Wells	Love and Mr Lewisham	http://gutenberg.net.au/ebooks13/1303251h.html
130324	H G Wells	Joan and Peter	http://gutenberg.net.au/ebooks13/1303241h.html
130323	Fred Merrick White	The Missing Blade	http://gutenberg.net.au/ebooks13/1303231.txt http://gutenberg.net.au/ebooks13/1303231h.html
130322	Fred Merrick White	Pictures in the Snow	http://gutenberg.net.au/ebooks13/1303221.txt http://gutenberg.net.au/ebooks13/1303221h.html
130321	Arthur Gask	The Vaults of Blackarden Castle	http://gutenberg.net.au/ebooks13/1303211.txt http://gutenberg.net.au/ebooks13/1303211h.html
130320	H G Wells	The Brothers	http://gutenberg.net.au/ebooks13/1303201h.html
130319	H G Wells	Boon	http://gutenberg.net.au/ebooks13/1303191h.html
130318	H G Wells	Bealby: A Holiday	http://gutenberg.net.au/ebooks13/1303181h.html
130317	H G Wells	Babes in the Darkling Woods	http://gutenberg.net.au/ebooks13/1303171h.html
130316	H G Wells	Ann Veronica: A Modern Love Story	http://gutenberg.net.au/ebooks13/1303161h.html
130315	Rafael Sabatini	King in Prussia	http://gutenberg.net.au/ebooks13/1303151h.html
130314	H G Wells	The World Set Free	http://gutenberg.net.au/ebooks13/1303141h.html
130313	H G Wells	The Wonderful Visit	http://gutenberg.net.au/ebooks13/1303131h.html
130312	H G Wells	The War in the Air	http://gutenberg.net.au/ebooks13/1303121h.html
130311	H G Wells	When the Sleeper Wakes	http://gutenberg.net.au/ebooks13/1303111h.html
130310	H G Wells	The Sleeper Awakes	http://gutenberg.net.au/ebooks13/1303101h.html
130309	Fred Duprez	My Wife's Family	http://gutenberg.net.au/ebooks13/1303091.txt
130308	Edward S Sorenson	Karaway the Cockatoo	http://gutenberg.net.au/ebooks13/1303081.txt http://gutenberg.net.au/ebooks13/1303081h.html
130307	Rafael Sabatini	Chivalry	http://gutenberg.net.au/ebooks13/1303071h.html
130306	H G Wells	A Modern Utopia	http://gutenberg.net.au/ebooks13/1303061h.html
130305	H G Wells	The Sea Lady	http://gutenberg.net.au/ebooks13/1303051h.html
130304	H G Wells	In the Days of the Comet	http://gutenberg.net.au/ebooks13/1303041h.html
130303	John Willard	The Cat and the Canary	http://gutenberg.net.au/ebooks13/1303031.txt
130302	H G Wells	The Food of the Gods	http://gutenberg.net.au/ebooks13/1303021h.html
130301	H G Wells	The First Men in the Moon	http://gutenberg.net.au/ebooks13/1303011h.html
130300	Fred Merrick White	A Shadowed Love	http://gutenberg.net.au/ebooks13/1303001.txt http://gutenberg.net.au/ebooks13/1303001h.html
130299	Sidney Howard	They Knew What They Wanted	http://gutenberg.net.au/ebooks13/1302991.txt
130298	Louis Becke	Admiral Phillip	http://gutenberg.net.au/ebooks13/1302981h.html
130297	Otis Adelbert Kline	Jan in India	http://gutenberg.net.au/ebooks13/1302971h.html
130296	H G Wells	The Time Machine - Abridged Version	http://gutenberg.net.au/ebooks13/1302961h.html
130295	Eugene O'Neill	Ah, Wilderness	http://gutenberg.net.au/ebooks13/1302951.txt
130294	Marjorie Bowen	The Poisoners	http://gutenberg.net.au/ebooks13/1302941h.html
130293	John Arthur Barry	Sea Yarns	http://gutenberg.net.au/ebooks13/1302931.txt http://gutenberg.net.au/ebooks13/1302931h.html
130292	Fred Merrick White	Found Dead	http://gutenberg.net.au/ebooks13/1302921.txt http://gutenberg.net.au/ebooks13/1302921h.html
130291	Max Brand	Sixteen in Nome	http://gutenberg.net.au/ebooks13/1302911h.html
130290	Max Brand	Silvertip's Search	http://gutenberg.net.au/ebooks13/1302901h.html
130289	Edgar Wallace	The Devil Light	http://gutenberg.net.au/ebooks13/1302891h.html
130288	Edgar Wallace	The Black Grippe	http://gutenberg.net.au/ebooks13/1302881h.html
130287	Max Brand	The Whispering Outlaw	http://gutenberg.net.au/ebooks13/1302871h.html
130286	Max Brand	The Mustang Herder	http://gutenberg.net.au/ebooks13/1302861h.html
130285	Max Brand	The Mountain Fugitive	http://gutenberg.net.au/ebooks13/1302851h.html
130284	Max Brand	The Lightning Warrior	http://gutenberg.net.au/ebooks13/1302841h.html
130283	Max Brand	Red Devil of the Range	http://gutenberg.net.au/ebooks13/1302831h.html
130282	Max Brand	Marbleface	http://gutenberg.net.au/ebooks13/1302821h.html
130281	Max Brand	The Quest of Lee Garrison	http://gutenberg.net.au/ebooks13/1302811h.html
130280	Walter J Turner	Smaragda's Lover	http://gutenberg.net.au/ebooks13/1302801h.txt
130279	Edgar Wallace	The Terrible People	http://gutenberg.net.au/ebooks13/1302791h.html
130278	Rafael Sabatini	The Nuptials of Corbal	http://gutenberg.net.au/ebooks13/1302781h.html
130277	Sidney Howard	Ned McCobb's Daughter	http://gutenberg.net.au/ebooks13/1302771.txt
130276	Edgar Wallace	The Tomb of Ts'in	http://gutenberg.net.au/ebooks13/1302761h.html
130275	Max Brand	The Red Bandanna	http://gutenberg.net.au/ebooks13/1302751h.html
130274	Max Brand	Soft Metal	http://gutenberg.net.au/ebooks13/1302741h.html
130273	Max Brand	His Name His Fortune	http://gutenberg.net.au/ebooks13/1302731h.html
130272	Vol I,Edwin Hodder	The History of South Australia	http://gutenberg.net.au/ebooks13/1302721h.html
130271	Edgar Wallace	The Ghost of Down Hill	http://gutenberg.net.au/ebooks13/1302711h.html
130270	Max Brand	The Tenderfoot	http://gutenberg.net.au/ebooks13/1302701h.html
130269	Max Brand	Gunman's Gold	http://gutenberg.net.au/ebooks13/1302691h.html
130268	Marjorie Bowen	Aunt Beardie	http://gutenberg.net.au/ebooks13/1302681h.html
130267	    Talbot Mundy	The Marriage of Meldrum Strange	http://gutenberg.net.au/ebooks13/1302671h.html
130266	Max Brand	Wild Freedom	http://gutenberg.net.au/ebooks13/1302661h.html
130265	Max Brand	Way of the Lawless	http://gutenberg.net.au/ebooks13/1302651h.html
130264	Max Brand	Trailin'	http://gutenberg.net.au/ebooks13/1302641h.html
130263	Max Brand	The Rangeland Avenger	http://gutenberg.net.au/ebooks13/1302631h.html
130262	Max Brand	The Long Long Trail	http://gutenberg.net.au/ebooks13/1302621h.html
130261	Max Brand	Silvertip	http://gutenberg.net.au/ebooks13/1302611h.html
130260	Max Brand	The Garden of Eden	http://gutenberg.net.au/ebooks13/1302601h.html
130259	Max Brand	Riders of the Silences	http://gutenberg.net.au/ebooks13/1302591h.html
130258	Max Brand	Harrigan	http://gutenberg.net.au/ebooks13/1302581h.html
130257	Max Brand	Donnegan	http://gutenberg.net.au/ebooks13/1302571h.html
130256	Max Brand	Bull Hunter	http://gutenberg.net.au/ebooks13/1302561h.html
130255	Max Brand	Black Jack	http://gutenberg.net.au/ebooks13/1302551h.html
130254	Max Brand	Alcatraz	http://gutenberg.net.au/ebooks13/1302541h.html
130253	Max Brand	Acres of Unrest	http://gutenberg.net.au/ebooks13/1302531h.html
130252	Max Brand	Valley Thieves	http://gutenberg.net.au/ebooks13/1302521h.html
130251	Max Brand	The Seventh Man	http://gutenberg.net.au/ebooks13/1302511h.html
130250	Max Brand	The Untamed	http://gutenberg.net.au/ebooks13/1302501h.html
130249	Max Brand	The Ten-Foot Chain	http://gutenberg.net.au/ebooks13/1302491h.html
130248	Walter J Turner	The Man who Ate the Popomack	http://gutenberg.net.au/ebooks13/1302481.txt
130247	In The Steps of Mary Queen of Scots,Marjorie Bowen		http://gutenberg.net.au/ebooks13/1302471h.html
130246	J Barry	With Cobb and Co. in Far Inland Australia	http://gutenberg.net.au/ebooks13/1302461.txt http://gutenberg.net.au/ebooks13/1302461h.html
130245	J A Barry	Norfolk Island: Where Three Cables Meet	http://gutenberg.net.au/ebooks13/1302451.txt http://gutenberg.net.au/ebooks13/1302451h.html
130244	John Arthur Barry	The Passage of the Palmetto	http://gutenberg.net.au/ebooks13/1302441.txt http://gutenberg.net.au/ebooks13/1302441h.html
130243	John Arthur Barry	The League of Ancient Mariners	http://gutenberg.net.au/ebooks13/1302431.txt http://gutenberg.net.au/ebooks13/1302431h.html
130242	John Monash	The Australian Victories in France	http://gutenberg.net.au/ebooks13/1302421h.html
130241	Fred Jackson	The Naughty Wife	http://gutenberg.net.au/ebooks13/1302411.txt
130240	Grant Allen	Jerry Stokes	http://gutenberg.net.au/ebooks13/1302401.txt http://gutenberg.net.au/ebooks13/1302401h.html
130239	Abraham Merritt	The Moon Pool	http://gutenberg.net.au/ebooks13/1302391h.html
130238	Abraham Merritt	The Metal Monster	http://gutenberg.net.au/ebooks13/1302381h.html
130237	Abraham Merritt	When Old Gods Wake	http://gutenberg.net.au/ebooks13/1302371h.html
130236	Abraham Merritt	The White Road	http://gutenberg.net.au/ebooks13/1302361h.html
130235	Abraham Merritt	The Last Poet and the Robots	http://gutenberg.net.au/ebooks13/1302351h.html
130234	Abraham Merritt	Collected Short Stories	http://gutenberg.net.au/ebooks13/1302341h.html
130233	John Arthur Barry	With Young Germany on Shipboard	http://gutenberg.net.au/ebooks13/1302331.txt http://gutenberg.net.au/ebooks13/1302331h.html
130232	John Arthur Barry	The Ship and Her Master	http://gutenberg.net.au/ebooks13/1302321.txt http://gutenberg.net.au/ebooks13/1302321h.htm;
130231	John A Barry	The Pastoral Life, Past and Present	http://gutenberg.net.au/ebooks13/1302311.txt http://gutenberg.net.au/ebooks13/1302311h.html
130230	How They Came Out in the Fifties,John Arthur Barry		http://gutenberg.net.au/ebooks13/1302301.txt http://gutenberg.net.au/ebooks13/1302301h.html
130229	J A Barry	H.M.S. Pylades, The Last of Her Class	http://gutenberg.net.au/ebooks13/1302291.txt http://gutenberg.net.au/ebooks13/1302291h.html
130228	G K Chesterton	The Mask of Midas	http://gutenberg.net.au/ebooks13/1302281h.html
130227	Marjorie Bowen	The Man with the Scales	http://gutenberg.net.au/ebooks13/1302271h.html
130226	Ernest Bramah	The Secret of the League	http://gutenberg.net.au/ebooks13/1302261h.html
130225	Ernest Bramah	Kai Lung Unrolls His Mat	http://gutenberg.net.au/ebooks13/1302251h.html
130224	Early Days of Windsor New South Wales,James Steele		http://gutenberg.net.au/ebooks13/1302241h.html
130223	Grant Allen	Twelve Tales	http://gutenberg.net.au/ebooks13/1302231h.html
130222	Grant Allen	An African Millionaire	http://gutenberg.net.au/ebooks13/1302221h.html
130221	C L Pirkis	The Experiences of Loveday Brooke	http://gutenberg.net.au/ebooks13/1302211h.html
130220	Grant Allen	Hilda Wade	http://gutenberg.net.au/ebooks13/1302201h.html
130219	Grant Allen	Miss Cayley's Adventures	http://gutenberg.net.au/ebooks13/1302191h.html
130218	Caroline Clive	Why Paul Ferroll Killed his Wife	http://gutenberg.net.au/ebooks13/1302181.txt http://gutenberg.net.au/ebooks13/1302181h.html
130217	Caroline Clive	Paul Ferroll	http://gutenberg.net.au/ebooks13/1302171h.html
130216	W J Farrer and the Results of his Work,F B Guthrie		http://gutenberg.net.au/ebooks13/1302161h.html
130215	E M Delafield	The Provincial Lady in Russia	http://gutenberg.net.au/ebooks13/1302151.txt http://gutenberg.net.au/ebooks13/1302151h.html
130214	E M Delafield	The Philistine	http://gutenberg.net.au/ebooks13/1302141.txt http://gutenberg.net.au/ebooks13/1302141h.html
130213	Israel Zangwill	Cheating the Gallows	http://gutenberg.net.au/ebooks13/1302131.txt http://gutenberg.net.au/ebooks13/1302131h.html
130212	Ernest Bramah	The Eyes of Max Carrados	http://gutenberg.net.au/ebooks13/1302121.txt
130211	John A Barry	The Pilot Service of Port Jackson	http://gutenberg.net.au/ebooks13/1302111.txt http://gutenberg.net.au/ebooks13/1302111h.html
130210	John Arthur Barry	On the Fringe of the Harbor	http://gutenberg.net.au/ebooks13/1302101.txt http://gutenberg.net.au/ebooks13/1302101h.html
130209	George Griffith	Five Hundred Carats	http://gutenberg.net.au/ebooks13/1302091h.html
130208	William Harrison Ainsworth	The Star Chamber	http://gutenberg.net.au/ebooks13/1302081h.html
130207	The Old London Merchant,William Harrison Ainsworth		http://gutenberg.net.au/ebooks13/1302071h.html
130206	William Harrison Ainsworth	The Leaguer Of Lathom	http://gutenberg.net.au/ebooks13/1302061h.html
130205	William Harrison Ainsworth	Rookwood	http://gutenberg.net.au/ebooks13/1302051h.html
130204	William Harrison Ainsworth	Preston Fight	http://gutenberg.net.au/ebooks13/1302041h.html
130203	William Harrison Ainsworth	Ovingdean Grange	http://gutenberg.net.au/ebooks13/1302031h.html
130202	William Harrison Ainsworth	Guy Fawkes	http://gutenberg.net.au/ebooks13/1302021h.html
130201	S M Onslow	Records of the Macarthurs of Camden	http://gutenberg.net.au/ebooks13/1302011h.html
130200	Fred Merrick White	The House on the River	http://gutenberg.net.au/ebooks13/1302001.txt http://gutenberg.net.au/ebooks13/1302001h.html
130199	F P Labilliere	Early History of Victoria Vol II	http://gutenberg.net.au/ebooks13/1301991h.html
130198	Otis A Kline	The Thing That Walked in the Rain	http://gutenberg.net.au/ebooks13/1301981h.html
130197	Otis Adelbert Kline	The Revenge of the Robot	http://gutenberg.net.au/ebooks13/1301971h.html
130196	Otis Adelbert Kline	The Metal Monster	http://gutenberg.net.au/ebooks13/1301961h.html
130195	Otis Adelbert Kline	The Malignant Entity	http://gutenberg.net.au/ebooks13/1301951h.html
130194	Otis Adelbert Kline	Spawn of the Comet	http://gutenberg.net.au/ebooks13/1301941h.html
130193	Otis Adelbert Kline	A Vision of Venus	http://gutenberg.net.au/ebooks13/1301931h.html
130192	Henry James Byron	Our Boys	http://gutenberg.net.au/ebooks13/1301921.txt
130191	Earl Derr Biggers	The Ebony Stick	http://gutenberg.net.au/ebooks13/1301911h.html
130190	Marjorie Bowen	General Crack	http://gutenberg.net.au/ebooks13/1301901h.html
130189	Otis Adelbert Kline	The Swordsman of Mars	http://gutenberg.net.au/ebooks13/1301891h.html
130188	Marjorie Bowen	The Harper's Stories	http://gutenberg.net.au/ebooks13/1301881h.html
130187	Earl Derr Biggers Tells Ten Stories,Earl D Biggers		http://gutenberg.net.au/ebooks13/1301871h.html
130186	Earl Derr Biggers	Fifty Candles	http://gutenberg.net.au/ebooks13/1301861h.html
130185	Earl Derr Biggers	Inside the Lines	http://gutenberg.net.au/ebooks13/1301851h.html
130184	Earl Derr Biggers	Love Insurance	http://gutenberg.net.au/ebooks13/1301841h.html
130183	Earl Derr Biggers	Seven Keys to Baldpate	http://gutenberg.net.au/ebooks13/1301831h.html
130182	F P Labilliere	Early History of Victoria Vol I	http://gutenberg.net.au/ebooks13/1301821h.html
130181	John Arthur Barry	How the Wool Went Home Long Ago	http://gutenberg.net.au/ebooks13/1301811.txt http://gutenberg.net.au/ebooks13/1301811h.html
130180	Marjorie Bowen	Nell Gwyn	http://gutenberg.net.au/ebooks13/1301801h.html
130179	Marjorie Bowen	Cambric Tea	http://gutenberg.net.au/ebooks13/1301791h.html
130178	John Arthur Barry	On Ocean Racecourses	http://gutenberg.net.au/ebooks13/1301781.txt http://gutenberg.net.au/ebooks13/1301781h.html
130177	Edgar Wallace	Stuffing	http://gutenberg.net.au/ebooks13/1301771h.html
130176	James Hilton	The Passionate Year	http://gutenberg.net.au/ebooks13/1301761h.html
130175	With Jack Ashore: The Seamen's Institute,J A Barry		http://gutenberg.net.au/ebooks13/1301751h.html
130174	G K Chesterton	The Wild Knight and Other Poems	http://gutenberg.net.au/ebooks13/1301741h.html
130173	G K Chesterton	Magic	http://gutenberg.net.au/ebooks13/1301731h.html
130172	G K Chesterton	The Appetite of Tyranny	http://gutenberg.net.au/ebooks13/1301721h.html
130171	G K Chesterton	The Barbarism of Berlin	http://gutenberg.net.au/ebooks13/1301711h.html
130170	G K Chesterton	The Flying Inn	http://gutenberg.net.au/ebooks13/1301701h.html
130169	Marjorie Bowen	Mary Queen of Scots	http://gutenberg.net.au/ebooks13/1301691h.html
130168	James Hilton	The Dawn of Reckoning	http://gutenberg.net.au/ebooks13/1301681h.html
130167	G K Chesterton	The White Pillars Murder	http://gutenberg.net.au/ebooks13/1301671h.html
130166	G K Chesterton	The Well and the Shallows	http://gutenberg.net.au/ebooks13/1301661h.html
130165	G K Chesterton	The Victorian Age in Literature	http://gutenberg.net.au/ebooks13/1301651h.html
130163	John Arthur Barry	Short Stories Volume 2	http://gutenberg.net.au/ebooks13/1301631.txt http://gutenberg.net.au/ebooks13/1301631h.html
130162	Arthur Leo Zagat	The Song of the Cakes	http://gutenberg.net.au/ebooks13/1301621h.html
130161	Arthur Leo Zagat	The Revolt of the Machines	http://gutenberg.net.au/ebooks13/1301611h.html
130160	Arthur Leo Zagat	The Death-Cloud	http://gutenberg.net.au/ebooks13/1301601h.html
130159	Arthur Leo Zagat	When the Sleepers Woke	http://gutenberg.net.au/ebooks13/1301591h.html
130158	Arthur Leo Zagat	The Great Dome of Mercury	http://gutenberg.net.au/ebooks13/1301581h.html
130157	Rafael Sabatini	Collected Stories Vol. II	http://gutenberg.net.au/ebooks13/1301571h.html
130155	R Sabatini	Torquemada and The Spanish Inquisition	http://gutenberg.net.au/ebooks13/1301551h.html
130154	G K Chesterton	The Donnington Affair	http://gutenberg.net.au/ebooks13/1301541h.html
130153	Talbot Mundy	Payable to Bearer	http://gutenberg.net.au/ebooks13/1301531h.html
130152	Marjorie Bowen	Defender of the Faith	http://gutenberg.net.au/ebooks13/1301521h.html
130151	Emile C Tepperman	Parade of the Wooden Kimonos	http://gutenberg.net.au/ebooks13/1301511h.html
130150	Emile C Tepperman	The Avenger Collection	http://gutenberg.net.au/ebooks13/1301501h.html
130149	G K Chesterton	Twelve Types	http://gutenberg.net.au/ebooks13/1301491h.html
130148	G K Chesterton	Tremendous Trifles	http://gutenberg.net.au/ebooks13/1301481h.html
130147	G K Chesterton	Manalive	http://gutenberg.net.au/ebooks13/1301471h.html
130146	Edgar Wallace	The Reporter and Other Stories	http://gutenberg.net.au/ebooks13/1301461h.html
130145	Edgar Wallace	The Adventures of Heine	http://gutenberg.net.au/ebooks13/1301451h.html
130144	Edgar Wallace	Kate Plus Ten	http://gutenberg.net.au/ebooks13/1301441h.html
130143	Edgar Wallace	The Admirable Carfew	http://gutenberg.net.au/ebooks13/1301431h.html
130142	Eneas Mackenzie	Memoirs of Mrs Caroline Chisholm	http://gutenberg.net.au/ebooks13/1301421h.html
130133	Henry James Tompkins	With Swag and Billy	http://gutenberg.net.au/ebooks13/1301331h.html
130132	Marjorie Bowen	The Angel of the Assassination	http://gutenberg.net.au/ebooks13/1301321h.html
130131	G K Chesterton	The Defendant	http://gutenberg.net.au/ebooks13/1301311h.html
130130	Appreciation & Criticism of Dickens,G K Chesterton		http://gutenberg.net.au/ebooks13/1301301h.html
130129	G K Chesterton	Varied Types	http://gutenberg.net.au/ebooks13/1301291h.html
130128	Sylvanus Cobb	Ben Hamed	http://gutenberg.net.au/ebooks13/1301281h.html
130127	G K Chesterton	Greybeards at Play	http://gutenberg.net.au/ebooks13/1301271h.html
130126	Henry Duff Traill	The Life of Sir John Franklin	http://gutenberg.net.au/ebooks13/1301261h.html
130125	G K Chesterton	What's Wrong with the World	http://gutenberg.net.au/ebooks13/1301251h.html
130124	G K Chesterton	The Ball and the Cross	http://gutenberg.net.au/ebooks13/1301241h.html
130123	G K Chesterton	The Ballad of the White Horse	http://gutenberg.net.au/ebooks13/1301231h.html
130122	G K Chesterton	Orthodoxy	http://gutenberg.net.au/ebooks13/1301221h.html
130121	G K Chesterton	Eugenics and Other Evils	http://gutenberg.net.au/ebooks13/1301211h.html
130120	G K Chesterton	Autobiography	http://gutenberg.net.au/ebooks13/1301201h.html
130119	G K Chesterton	Heretics	http://gutenberg.net.au/ebooks13/1301191h.html
130118	G K Chesterton	A Miscellany of Men	http://gutenberg.net.au/ebooks13/1301181h.html
130117	G K Chesterton	All Things Considered	http://gutenberg.net.au/ebooks13/1301171h.html
130116	G K Chesterton	Alarms and Discursions	http://gutenberg.net.au/ebooks13/1301161h.html
130115	Discoveries and Surveys in New Guinea,John Moresby		http://gutenberg.net.au/ebooks13/1301151h.html
130114	Warwick Deeping	Countess Glika and Other Stories	http://gutenberg.net.au/ebooks13/1301141h.html
130113	A E W Mason	The Turnstile	http://gutenberg.net.au/ebooks13/1301131h.html
130112	A E W Mason	Miranda of the Balcony	http://gutenberg.net.au/ebooks13/1301121h.html
130111	Marjorie Bowen	Ferriby	http://gutenberg.net.au/ebooks13/1301111h.html
130110	Fred M White	Collected Short Stories Vol. XVII	http://gutenberg.net.au/ebooks13/1301101h.html
130109	Fred M White	Collected Short Stories Vol. XVI	http://gutenberg.net.au/ebooks13/1301091h.html
130108	Fred M White	Collected Short Stories Vol. XV	http://gutenberg.net.au/ebooks13/1301081h.html
130107	Fred M White	Collected Short Stories Vol. XIV	http://gutenberg.net.au/ebooks13/1301071h.html
130106	Fred M White	Collected Short Stories Vol. XIII	http://gutenberg.net.au/ebooks13/1301061h.html
130105	Fred M White	Collected Short Stories Vol. XII	http://gutenberg.net.au/ebooks13/1301051h.html
130104	Fred M White	Collected Short Stories Vol. XI	http://gutenberg.net.au/ebooks13/1301041h.html
130103	Fred M White	Collected Short Stories Vol. X	http://gutenberg.net.au/ebooks13/1301031h.html
130102	Fred M White	Collected Short Stories Vol. IX	http://gutenberg.net.au/ebooks13/1301021h.html
130101	Sylvanus Cobb	The Knight of Leon	http://gutenberg.net.au/ebooks13/1301011.txt http://gutenberg.net.au/ebooks13/1301011h.html
130100	Fred M White	Collected Short Stories Vol. VIII	http://gutenberg.net.au/ebooks13/1301001h.html
130099	Fred M White	Collected Short Stories Vol. VII	http://gutenberg.net.au/ebooks13/1300991h.html
130098	Fred M White	Collected Short Stories Vol. VI	http://gutenberg.net.au/ebooks13/1300981h.html
130097	Fred M White	Collected Short Stories Vol. V	http://gutenberg.net.au/ebooks13/1300971h.html
130096	James Backhouse Walker	Early Tasmania	http://gutenberg.net.au/ebooks13/1300961h.html
130095	Fred M White	Collected Short Stories V. IV	http://gutenberg.net.au/ebooks13/1300951h.html
130094	Fred M White	Collected Short Stories V. III	http://gutenberg.net.au/ebooks13/1300941h.html
130093	Fred M White	Collected Short Stories V. II	http://gutenberg.net.au/ebooks13/1300931h.html
130092	Marjorie Bowen	The Golden Violet	http://gutenberg.net.au/ebooks13/1300921h.html
130091	Fred M White	Collected Short Stories V. I	http://gutenberg.net.au/ebooks13/1300911h.html
130090	Fred M White	The Missing Note	http://gutenberg.net.au/ebooks13/1300901h.html
130089	Marjorie Bowen	The Third Estate	http://gutenberg.net.au/ebooks13/1300891h.html
130088	Marjorie Bowen	The Leopard and the Lily	http://gutenberg.net.au/ebooks13/1300881h.html
130087	Marjorie Bowen	The Governor of England	http://gutenberg.net.au/ebooks13/1300871h.html
130086	Edward Shann	An Economic History of Australia	http://gutenberg.net.au/ebooks13/1300861h.html
130085	James Anson Buck	Sword of Gimshai	http://gutenberg.net.au/ebooks13/1300851h.html
130084	James Anson Buck	Sargasso of Lost Safaris	http://gutenberg.net.au/ebooks13/1300841h.html
130083	The Slave Brand of Sleman bin Ali,James Anson Buck		http://gutenberg.net.au/ebooks13/1300831h.html
130082	Sylvanus Cobb	Ivan the Serf	http://gutenberg.net.au/ebooks13/1300821.txt http://gutenberg.net.au/ebooks13/1300821h.html
130081	Rafael Sabatini	Venetian Masque	http://gutenberg.net.au/ebooks13/1300811h.html
130080	Rafael Sabatini	The Gates of Doom	http://gutenberg.net.au/ebooks13/1300801h.html
130079	Rafael Sabatini	The Banner of the Bull	http://gutenberg.net.au/ebooks13/1300791h.html
130078	Rafael Sabatini	The King's Minion	http://gutenberg.net.au/ebooks13/1300781h.html
130077	Rafael Sabatini	The Hounds of God	http://gutenberg.net.au/ebooks13/1300771h.html
130076	John Arthur Barry	Short Stories Volume 1	http://gutenberg.net.au/ebooks13/1300761.txt http://gutenberg.net.au/ebooks13/1300761h.html
130075	Marjorie Bowen	The Debate Continues	http://gutenberg.net.au/ebooks13/1300751h.html
130074	Marjorie Bowen	Kings-at-Arms	http://gutenberg.net.au/ebooks13/1300741h.html
130073	Ned Overton	Mutiny	http://gutenberg.net.au/ebooks13/1300731h.html
130072	James Mudie	The Felonry of New South Wales	http://gutenberg.net.au/ebooks13/1300721.txt http://gutenberg.net.au/ebooks13/1300721h.ttml
130071	Marjorie Bowen	God's Playthings	http://gutenberg.net.au/ebooks13/1300711h.html
130070	M Bowen	Collected Twilight Stories Vol. II	http://gutenberg.net.au/ebooks13/1300701.txt http://gutenberg.net.au/ebooks13/1300701h.html
130069	Marjorie Bowen	Julia Roseingrave	http://gutenberg.net.au/ebooks13/1300691h.html
130068	William Mogford Hamlet	Pictures of Travel	http://gutenberg.net.au/ebooks13/1300681h.html
130067	John Le Gay Brereton	Landlopers	http://gutenberg.net.au/ebooks13/1300671h.html
130066	E Phillips Oppenheim	Master of Men (abridged)	http://gutenberg.net.au/ebooks13/1300661h.html
130065	A E W Mason	The Watchers	http://gutenberg.net.au/ebooks13/1300651h.html
130064	A E W Mason	The Truants	http://gutenberg.net.au/ebooks13/1300641h.html
130063	A E W Mason	The Four Corners of The World	http://gutenberg.net.au/ebooks13/1300631h.html
130062	A E W Mason	The Affair at the Semiramis Hotel	http://gutenberg.net.au/ebooks13/1300621h.html
130061	A E W Mason	Parson Kelly	http://gutenberg.net.au/ebooks13/1300611h.html
130060	A E W Mason	Lawrence Clavering	http://gutenberg.net.au/ebooks13/1300601h.html
130059	A E W Mason	Green Stockings	http://gutenberg.net.au/ebooks13/1300591h.html
130058	A E W Mason	A Romance of Wastdale	http://gutenberg.net.au/ebooks13/1300581h.html
130057	Brandon Thomas	Charley's Aunt	http://gutenberg.net.au/ebooks13/1300571.txt
130056	T B Wilson	Narrative of a Voyage Round the World	http://gutenberg.net.au/ebooks13/1300561h.html
130055	A E W Mason	No Other Tiger	http://gutenberg.net.au/ebooks13/1300551h.html
130054	Anonymous	Wreck of the "Sydney Cove" in 1797	http://gutenberg.net.au/ebooks13/1300541h.html
130053	A E W Mason	The Dean's Elbow	http://gutenberg.net.au/ebooks13/1300531h.html
130052	E Phillips Oppenheim	The Inevitable Millionaires	http://gutenberg.net.au/ebooks13/1300521h.html
130051	E Phillips Oppenheim	Gleanings: 1910-1914	http://gutenberg.net.au/ebooks13/1300511h.html
130050	Talbot Mundy	Purple Pirate	http://gutenberg.net.au/ebooks13/1300501h.html
130049	Edgar Wallace	The Stretelli Case	http://gutenberg.net.au/ebooks13/1300491h.html
130048	Edgar Wallace	The Prison Breakers	http://gutenberg.net.au/ebooks13/1300481h.html
130047	Edgar Wallace	The Governor Of Chi-Foo	http://gutenberg.net.au/ebooks13/1300471h.html
130046	Edgar Wallace	The Edgar Wallace Reader	http://gutenberg.net.au/ebooks13/1300461h.html
130045	Edgar Wallace	The Cat Burglar and Other Stories	http://gutenberg.net.au/ebooks13/1300451h.html
130044	Edgar Wallace	Nig-Nog and Other Humorous Stories	http://gutenberg.net.au/ebooks13/1300441h.html
130043	Edgar Wallace	Fighting Snub Reilly	http://gutenberg.net.au/ebooks13/1300431h.html
130042	Voyage of Discovery to N.S.W. in the Lady Nelson		http://gutenberg.net.au/ebooks13/1300421h.html
130041	Marjorie Bowen	The Burning Glass	http://gutenberg.net.au/ebooks13/1300411h.html
130040	Max Afford	Mischief in the Air	http://gutenberg.net.au/ebooks13/1300401.txt
130039	E Wallace	The Little Green Man and Other Stories	http://gutenberg.net.au/ebooks13/1300391h.html
130038	E Jenks	A History of the Australasian Colonies	http://gutenberg.net.au/ebooks13/1300381h.html
130037	E Phillips Oppenheim	Andrew Tresholm	http://gutenberg.net.au/ebooks13/1300371hy.html
130036	John Arthur Barry	South Sea Shipmates	http://gutenberg.net.au/ebooks13/1300361.txt http://gutenberg.net.au/ebooks13/1300361h.html
130035	Arthur Gask	The Tragedy of the Silver Moon	http://gutenberg.net.au/ebooks13/1300351.txt http://gutenberg.net.au/ebooks13/1300351h.html
130034	E Phillips Oppenheim	Gleanings: 1903-1909	http://gutenberg.net.au/ebooks13/1300341h.html
130033	Talbot Mundy	Full Moon	http://gutenberg.net.au/ebooks13/1300331h.html
130032	Talbot Mundy	The Man from Poonch	http://gutenberg.net.au/ebooks13/1300321h.html
130031	The State and Federal Constitutions of Australia		http://gutenberg.net.au/ebooks13/1300311h.html
130030	G K Chesterton	Tennyson	http://gutenberg.net.au/ebooks13/1300301h.html
130029	Early News from a New Colony:British Museum Papers		http://gutenberg.net.au/ebooks13/1300291h.html
130028	Arthur Gask	The Dark Mill Stream	http://gutenberg.net.au/ebooks13/1300281.txt http://gutenberg.net.au/ebooks13/1300281h.html
130027	George William Evans	Two Journals	http://gutenberg.net.au/ebooks13/1300271h.html
130026	G K Chesterton and Lewis Melville	Thackeray	http://gutenberg.net.au/ebooks13/1300261h.html
130025	Report on the Judicial Establishments		http://gutenberg.net.au/ebooks13/1300251h.html
130024	Report on Agriculture and Trade		http://gutenberg.net.au/ebooks13/1300241h.html
130023	G K Chesterton	Robert Louis Stevenson	http://gutenberg.net.au/ebooks13/1300231h.html
130022	G K Chesterton and F G Kitton	Charles Dickens	http://gutenberg.net.au/ebooks13/1300221h.html
130021	G K Chesterton	Chaucer	http://gutenberg.net.au/ebooks13/1300211h.html
130020	E Phillips Oppenheim	Up the Ladder of Gold	http://gutenberg.net.au/ebooks13/1300201h.html
130019	Frank Fowler	Southern Lights and Shadows	http://gutenberg.net.au/ebooks13/1300191.txt http://gutenberg.net.au/ebooks13/1300191h.html
130018	Report on State of the Colony of New South Wales,		http://gutenberg.net.au/ebooks13/1300181h.html
130017	Mary A McManus	Reminiscences of the Maranoa	http://gutenberg.net.au/ebooks13/1300171h.html
130016	A E W Mason	Witness for the Defence	http://gutenberg.net.au/ebooks13/1300161h.html
130015	A E W Mason	The Summons	http://gutenberg.net.au/ebooks13/1300151h.html
130014	A E W Mason	The Philanderers	http://gutenberg.net.au/ebooks13/1300141h.html
130013	A E W Mason	The Broken Road	http://gutenberg.net.au/ebooks13/1300131h.html
130012	A E W Mason	Running Water	http://gutenberg.net.au/ebooks13/1300121h.html
130011	A E W Mason	Ensign Knightley and Other Stories	http://gutenberg.net.au/ebooks13/1300111h.html
130010	A E W Mason	Clementina	http://gutenberg.net.au/ebooks13/1300101h.html
130009	Charles White	The Story of the Blacks	http://gutenberg.net.au/ebooks13/1300091.txt http://gutenberg.net.au/ebooks13/1300091h.html
130008	Victor L Whitechurch	Selected Short Stories	http://gutenberg.net.au/ebooks13/1300081h.html
130007	V Whitechurch	Thrilling Stories of the Railway	http://gutenberg.net.au/ebooks13/1300071h.html
130006	A E W Mason	They Wouldn't be Chessmen	http://gutenberg.net.au/ebooks13/1300061h.html
130005	George Bass	The Discovery of Bass Strait	http://gutenberg.net.au/ebooks13/1300051h.html
130004	Talbot Mundy	Selected Short Stories	http://gutenberg.net.au/ebooks13/1300041h.HTML
130003	Talbot Mundy	Queen Cleopatra	http://gutenberg.net.au/ebooks13/1300031h.html
130002	John Barry	Steve Brown's Bunyip and Other Stories	http://gutenberg.net.au/ebooks13/1300021.txt http://gutenberg.net.au/ebooks13/1300021h.html
130001	Talbot Mundy	A Soldier and a Gentleman	http://gutenberg.net.au/ebooks13/1300011h.html
120443	G K Chesterton	Thomas Carlyle	http://gutenberg.net.au/ebooks12/1204431h.html
120442	John Buchan	John Burnet of Barns	http://gutenberg.net.au/ebooks12/1204421h.html
120441	Daniel Southwell	Journal and Letters	http://gutenberg.net.au/ebooks12/1204411h.html
120440	G K Chesterton	Robert Browning	http://gutenberg.net.au/ebooks12/1204401h.html
120439	E P Oppenheim	The Treasure House of Martin Hews	http://gutenberg.net.au/ebooks12/1204391h.html
120438	G K Chesterton	George Bernard Shaw	http://gutenberg.net.au/ebooks12/1204381h.html
120437	History of New South Wales From the Records,Vol.II		http://gutenberg.net.au/ebooks12/1204371h.html
120436	Ida Lee	Bligh's Second Voyage to the South Sea	http://gutenberg.net.au/ebooks12/1204361h.html
120435	John Buchan	Montrose : A History	http://gutenberg.net.au/ebooks12/1204351h.html
120434	John Buchan	A Lost Lady of Old Years	http://gutenberg.net.au/ebooks12/1204341h.html
120433	Talbot Mundy	The Soul of a Regiment	http://gutenberg.net.au/ebooks12/1204331h.html
120432	Talbot Mundy	The Pillar Of Light	http://gutenberg.net.au/ebooks12/1204321h.html
120431	Talbot Mundy	Making 10000 Pounds	http://gutenberg.net.au/ebooks12/1204311h.html
120430	Talbot Mundy	Kitty Burns Her Fingers	http://gutenberg.net.au/ebooks12/1204301h.html
120429	Talbot Mundy	MacHassan Ah	http://gutenberg.net.au/ebooks12/1204291h.html
120428	Talbot Mundy	The Middle Way	http://gutenberg.net.au/ebooks12/1204281h.html
120427	Talbot Mundy	Poems and Dicta	http://gutenberg.net.au/ebooks12/1204271h.html
120426	Talbot Mundy	Hookum Hai	http://gutenberg.net.au/ebooks12/1204261h.html
120425	Talbot Mundy	For the Salt he had Eaten	http://gutenberg.net.au/ebooks12/1204251h.html
120424	Talbot Mundy	The Thunder Dragon Gate	http://gutenberg.net.au/ebooks12/1204241h.html
120423	E Phillips Oppenheim	Mr. Mirakel	http://gutenberg.net.au/ebooks12/1204231h.html
120422	Talbot Mundy	Moses and Mrs Aintree	http://gutenberg.net.au/ebooks12/1204221h.html
120421	Talbot Mundy	A Secret Society	http://gutenberg.net.au/ebooks12/1204211h.html
120420	Talbot Mundy	The Lost Trooper	http://gutenberg.net.au/ebooks12/1204201h.html
120419	Talbot Mundy	The Seventeen Thieves of El-Kalil	http://gutenberg.net.au/ebooks12/1204191h.html
120418	E Phillips Oppenheim	A Pulpit in the Grill Room	http://gutenberg.net.au/ebooks12/1204181h.html
120417	History of New South Wales From the Records,Vol. I		http://gutenberg.net.au/ebooks12/1204171h.html
120416	E Phillips Oppenheim	The Interloper	http://gutenberg.net.au/ebooks12/1204161h.html
120415	E P Oppenheim	The Prince of Storytellers Tells	http://gutenberg.net.au/ebooks12/1204151h.html
120414	Victor L Whitechurch	Murder at the Pageant	http://gutenberg.net.au/ebooks12/1204141h.html
120413	Ann Scott Moncrieff	The White Drake	http://gutenberg.net.au/ebooks12/1204131h.html
120412	Lily Adams Beck	The Way of Stars	http://gutenberg.net.au/ebooks12/1204121h.html
120411	G Arnold Wood	The Voyage of the Endeavour	http://gutenberg.net.au/ebooks12/1204111h.html
120410	G Arnold Wood	The Discovery of Australia	http://gutenberg.net.au/ebooks12/1204101h.html
120409	E Phillips Oppenheim	Stolen Idols	http://gutenberg.net.au/ebooks12/1204091h.html
120408	Charles White	Early Australian History	http://gutenberg.net.au/ebooks12/1204081.txt http://gutenberg.net.au/ebooks12/1204081h.html
120407	E Phillips Oppenheim	The Grassleyes Mystery	http://gutenberg.net.au/ebooks12/1204071h.html
120406	E Phillips Oppenheim	Mr. Laxworthy's Adventures	http://gutenberg.net.au/ebooks12/1204061h.html
120405	E Phillips Oppenheim	The Golden Beast	http://gutenberg.net.au/ebooks12/1204051h.html
120404	E Phillips Oppenheim	The Court of St. Simon	http://gutenberg.net.au/ebooks12/1204041h.html
120403	Curious Happenings to the Rooke Legatees,Oppenheim		http://gutenberg.net.au/ebooks12/1204031h.html
120402	E Phillips Oppenheim	The Man Without Nerves	http://gutenberg.net.au/ebooks12/1204021h.html
120401	Arthur Gask	The Fall of a Dictator	http://gutenberg.net.au/ebooks12/1204011.txt http://gutenberg.net.au/ebooks12/1204011h.html
120400	Labillardiere	Voyage in Search of La Perouse V.II	http://gutenberg.net.au/ebooks12/1204001h.html
120399	Max Afford	Lady in Danger	http://gutenberg.net.au/ebooks12/1203991.txt
120398	Frederick Watson	Lachlan Macquarie	http://gutenberg.net.au/ebooks12/1203981h.html
120397	Ernest Scott	Australian Discovery by Land	http://gutenberg.net.au/ebooks12/1203971h.html
120396	        Ernest Scott	Australian Discovery by Sea	http://gutenberg.net.au/ebooks12/1203961h.html
120395	Arthur Gask	The Jest of Life	http://gutenberg.net.au/ebooks12/1203951.txt http://gutenberg.net.au/ebooks12/1203951h.html
120394	Arthur Gask	The Will	http://gutenberg.net.au/ebooks12/1203941.txt http://gutenberg.net.au/ebooks12/1203941h.html
120393	Arthur Gask	The Way of Chance	http://gutenberg.net.au/ebooks12/1203931 http://gutenberg.net.au/ebooks12/1203931h.html
120392	Arthur Gask	Black Market	http://gutenberg.net.au/ebooks12/1203921.txt http://gutenberg.net.au/ebooks12/1203921h.html
120391	John Buchan	Sir Quixote of the Moors	http://gutenberg.net.au/ebooks12/1203911h.html
120390	Max Afford	Consulting Room	http://gutenberg.net.au/ebooks12/1203901.txt
120389	Max Afford	Lazy in the Sun	http://gutenberg.net.au/ebooks12/1203891.txt
120388	Arthur Gask	The House with the High Wall	http://gutenberg.net.au/ebooks12/1203881.txt http://gutenberg.net.au/ebooks12/1203881h.html
120387	Boake	Where The Dead Men Lie And Other Poems	http://gutenberg.net.au/ebooks12/1203871.txt http://gutenberg.net.au/ebooks12/1203871h.html
120386	E Phillips Oppenheim	Simple Peter Cradd	http://gutenberg.net.au/ebooks12/1203861h.html
120385	Labillardiere	Voyage in Search of La Perouse V.I	http://gutenberg.net.au/ebooks12/1203851h.html
120384	Arthur Gask	The Man of Death	http://gutenberg.net.au/ebooks12/120384.txt http://gutenberg.net.au/ebooks12/1203841h.html
120383	Frederick Lonsdale	The Last of Mrs Cheney	http://gutenberg.net.au/ebooks12/1203831.txt
120382	Woolf	The Haunted House and Other Short Stories	http://gutenberg.net.au/ebooks12/1203821h.html
120381	Woolf	The Death of the Moth and Other Essays	http://gutenberg.net.au/ebooks12/1203811h.html
120380	Virginia Woolf	Walter Sickert: A Conversation	http://gutenberg.net.au/ebooks12/1203801h.html
120379	Stephen Benet	Johnny Pye and the Fool-killer	http://gutenberg.net.au/ebooks12/1203791h.html
120378	Arthur Gask	His Prey was Man	http://gutenberg.net.au/ebooks12/1203781.txt http://gutenberg.net.au/ebooks12/1203781h.html
120377	Edgar Rice Burroughs	The Cave Girl	http://gutenberg.net.au/ebooks12/1203771h.html
120376	Fred Merrick White	The Evidence for the Prisoner	http://gutenberg.net.au/ebooks12/1203761h.html
120375	Edward Bellamy	Looking Backward	http://gutenberg.net.au/ebooks12/1203751h.html
120374	E Phillips Oppenheim	Slane's Long Shots	http://gutenberg.net.au/ebooks12/1203741h.html
120373	Francis Barrallier	Journal of the Expedition	http://gutenberg.net.au/ebooks12/1203731h.html
120372	Arthur Gask	The Beachy Head Murder	http://gutenberg.net.au/ebooks12/1203721.txt http://gutenberg.net.au/ebooks12/1203721h.html
120371	Peter Warburton	Reports on Exploration	http://gutenberg.net.au/ebooks12/1203711h.html
120370	Letter From Warburton re Lake Torrens,P Warburton		http://gutenberg.net.au/ebooks12/1203701h.html
120369	Francois Peron	A Voyage of Discovery	http://gutenberg.net.au/ebooks12/1203691h.html
120368	E Phillips Oppenheim	Who Travels Alone	http://gutenberg.net.au/ebooks12/1203681h.html
120367	Charles Curtz Hahn	The Wreck of the South Pole	http://gutenberg.net.au/ebooks12/1203671.txt http://gutenberg.net.au/ebooks12/1203671h.html
120366	E Phillips Oppenheim	False Evidence	http://gutenberg.net.au/ebooks12/1203661h.html
120365	E Phillips Oppenheim	The World's Great Snare	http://gutenberg.net.au/ebooks12/1203651h.html
120364	Fred Merrick White	The Grey Raider	http://gutenberg.net.au/ebooks12/1203641.txt http://gutenberg.net.au/ebooks12/1203641h.html http://gutenberg.net.au/ebooks12/1203641h.html
120363	E Phillips Oppenheim	The Glenlitten Murder	http://gutenberg.net.au/ebooks12/1203631h.html
120362	Edgar Wallace	The Lady of Ascot	http://gutenberg.net.au/ebooks12/1203621h.html
120361	Edgar Wallace	Those Folk of Bulboro'	http://gutenberg.net.au/ebooks12/1203611h.html
120360	Edgar Wallace	The Feathered Serpent	http://gutenberg.net.au/ebooks12/1203601h.html
120359	Edgar Wallace	The Double	http://gutenberg.net.au/ebooks12/1203591h.html
120358	Arthur Gask	The Grave-digger of Monks Arden	http://gutenberg.net.au/ebooks12/1203581.txt http://gutenberg.net.au/ebooks12/1203581h.html
120357	E Phillips Oppenheim	The Kingdom of Earth	http://gutenberg.net.au/ebooks12/1203571h.html
120356	Edgar Wallace	Private Selby	http://gutenberg.net.au/ebooks12/1203561h.html
120355	Edgar Wallace	The Squeaker	http://gutenberg.net.au/ebooks12/1203551h.html
120354	Edgar Wallace	SilinskiMaster Criminal	http://gutenberg.net.au/ebooks12/1203541h.html
120353	Edgar Wallace	The Nine Bears	http://gutenberg.net.au/ebooks12/1203531h.html
120352	Edgar Wallace	Double Dan	http://gutenberg.net.au/ebooks12/1203521h.html
120351	H G Wells	Seventy-three Short Stories	http://gutenberg.net.au/ebooks12/1203511h.html
120350	H P Lovecraft	Earliest Writings	http://gutenberg.net.au/ebooks12/1203501h.html
120349	E Phillips Oppenheim	Passers-by	http://gutenberg.net.au/ebooks12/1203491h.html
120348	E Phillips Oppenheim	The Seven Conundrums	http://gutenberg.net.au/ebooks12/1203481h.html
120347	E Phillips Oppenheim	Crooks in the Sunshine	http://gutenberg.net.au/ebooks12/1203471h.html
120346	E Phillips Oppenheim	The Way of These Women	http://gutenberg.net.au/ebooks12/1203461h.html
120345	E Phillips Oppenheim	The Man Who Changed His Plea	http://gutenberg.net.au/ebooks12/1203451h.html
120344	E Phillips Oppenheim	For the Queen	http://gutenberg.net.au/ebooks12/1203441h.html
120343	David Lindsay	Elder Exploring Expedition 1891	http://gutenberg.net.au/ebooks12/1203431h.html
120342	Warburton	Major Warburton's Explorations in 1866	http://gutenberg.net.au/ebooks12/1203421h.html
120341	Flinders	An Expedition through Bass's Strait	http://gutenberg.net.au/ebooks12/1203411h.html
120340	Arthur Gask	The Night of the Storm	http://gutenberg.net.au/ebooks12/1203401.txt http://gutenberg.net.au/ebooks12/1203401h.html
120339	George Barrington	The History of New South Wales	http://gutenberg.net.au/ebooks12/1203391h.html
120338	E Phillips Oppenheim	The Million-Pound Deposit	http://gutenberg.net.au/ebooks12/1203381h.html
120337	E Phillips Oppenheim	The Passionate Quest	http://gutenberg.net.au/ebooks12/1203371h.html
120336	E Phillips Oppenheim	The Deliberate Detective	http://gutenberg.net.au/ebooks12/1203361h.html
120335	E Phillips Oppenheim	Those Other Days	http://gutenberg.net.au/ebooks12/1203351h.html
120334	E Phillips Oppenheim	The Lion and the Lamb	http://gutenberg.net.au/ebooks12/1203341h.html
120333	         Arthur Gask	The Secret of the Sandhills	http://gutenberg.net.au/ebooks12/1203331.txt http://gutenberg.net.au/ebooks12/1203331h.html
120332	Arthur Gask	The Master Spy	http://gutenberg.net.au/ebooks12/1203321.txt http://gutenberg.net.au/ebooks12/1203321h.html
120331	E Phillips Oppenheim	A Daughter of Astrea	http://gutenberg.net.au/ebooks12/1203311h.html
120330	E Phillips Oppenheim	The Pool of Memory	http://gutenberg.net.au/ebooks12/1203301h.html
120329	the Marquis and Madelon,Oppenheim	Mr. Billingham	http://gutenberg.net.au/ebooks12/1203291h.html
120328	E Phillips Oppenheim	Jennerton and Co	http://gutenberg.net.au/ebooks12/1203281h.html
120327	E Phillips Oppenheim	Clowns and Criminals	http://gutenberg.net.au/ebooks12/1203271h.html
120326	E Phillips Oppenheim	Michael's Evil Deeds	http://gutenberg.net.au/ebooks12/1203261h.html
120325	Ford Madox Ford	The English Novel	http://gutenberg.net.au/ebooks12/1203251h.html
120324	E Phillips Oppenheim	A Sleeping Memory	http://gutenberg.net.au/ebooks12/1203241h.html
120323	E Phillips Oppenheim	Advice Ltd	http://gutenberg.net.au/ebooks12/1203231h.html
120322	Fred Merrick White	Billy's Xmas	http://gutenberg.net.au/ebooks12/1203221.txt http://gutenberg.net.au/ebooks12/1203221h.html
120321	Edgar Wallace	Grey Timothy	http://gutenberg.net.au/ebooks12/1203211h.html
120320	E Phillips Oppenheim	To Win the Love He Sought	http://gutenberg.net.au/ebooks12/1203201h.html
120319	E Phillips Oppenheim	The Zeppelin's Passenger	http://gutenberg.net.au/ebooks12/1203191h.html
120318	E Phillips Oppenheim	The Yellow Crayon	http://gutenberg.net.au/ebooks12/1203181h.html
120317	E Phillips Oppenheim	The Wicked Marquis	http://gutenberg.net.au/ebooks12/1203171h.html
120316	E Phillips Oppenheim	The Master Mummer	http://gutenberg.net.au/ebooks12/1203161h.html
120315	E Phillips Oppenheim	The Malefactor	http://gutenberg.net.au/ebooks12/1203151h.html
120314	E Phillips Oppenheim	The Betrayal	http://gutenberg.net.au/ebooks12/1203141h.html
120313	Arthur Gask	The Storm Breaks	http://gutenberg.net.au/ebooks12/1203131.txt http://gutenberg.net.au/ebooks12/1203131h.html
120312	E Phillips Oppenheim	A Monk of Cruta	http://gutenberg.net.au/ebooks12/1203121h.html
120311	E Phillips Oppenheim	Anna the Adventuress	http://gutenberg.net.au/ebooks12/1203111h.html
120310	E Phillips Oppenheim	The Vanished Messenger	http://gutenberg.net.au/ebooks12/1203101h.html
120309	E Phillips Oppenheim	A Maker of History	http://gutenberg.net.au/ebooks12/1203091h.html
120308	Arthur Gask	The Silent Dead	http://gutenberg.net.au/ebooks12/1203081.txt http://gutenberg.net.au/ebooks12/1203081h.html
120307	E Phillips Oppenheim	The Traitors	http://gutenberg.net.au/ebooks12/1203071h.html
120306	E Phillips Oppenheim	The Tempting of Tavernake	http://gutenberg.net.au/ebooks12/1203061h.html
120305	E Phillips Oppenheim	The Profiteers	http://gutenberg.net.au/ebooks12/1203051h.html
120304	E Phillips Oppenheim	The New Tenant	http://gutenberg.net.au/ebooks12/1203041h.html
120303	E Phillips Oppenheim	The Moving Finger	http://gutenberg.net.au/ebooks12/1203031h.html
120302	E Phillips Oppenheim	The Missioner	http://gutenberg.net.au/ebooks12/1203021.html
120301	E Phillips Oppenheim	The Mischief-Maker	http://gutenberg.net.au/ebooks12/1203011.html
120300	   E Phillips Oppenheim	The Kingdom of the Blind	http://gutenberg.net.au/ebooks12/1203001h.html
120299	E Phillips Oppenheim	The Lighted Way	http://gutenberg.net.au/ebooks12/1202991h.html
120298	Arthur Gask	The Hangman's Knot	http://gutenberg.net.au/ebooks12/1202981.txt http://gutenberg.net.au/ebooks12/1202981h.html
120297	E Phillips Oppenheim	The Hillman	http://gutenberg.net.au/ebooks12/1202971h.html
120296	E Phillips Oppenheim	The Illustrious Prince	http://gutenberg.net.au/ebooks12/1202961h.html
120295	E Phillips Oppenheim	The Long Arm of Mannister	http://gutenberg.net.au/ebooks12/1202951.txt http://gutenberg.net.au/ebooks12/1202951h.html
120294	           E Phillips Oppenheim	The Great Secret	http://gutenberg.net.au/ebooks12/1202941h.html
120293	      E Phillips Oppenheim	The Great Prince Shan	http://gutenberg.net.au/ebooks12/1202931h.html
120292	E Phillips Oppenheim	The Governors	http://gutenberg.net.au/ebooks12/1202921h.html
120291	E Phillips Oppenheim	The Evil Shepherd	http://gutenberg.net.au/ebooks12/1202911h.html
120290	E Phillips Oppenheim	The Double Traitor	http://gutenberg.net.au/ebooks12/1202901h.html
120289	Oppenheim	The Double Life of Mr Alfred Burton	http://gutenberg.net.au/ebooks12/1202891h.html
120288	Phillips Oppenheim	Peter Ruff and the Double Four	http://gutenberg.net.au/ebooks12/1202881h.html
120287	E Phillips Oppenheim	Peter Ruff	http://gutenberg.net.au/ebooks12/1202871h.html
120286	E Phillips Oppenheim	The Double Four	http://gutenberg.net.au/ebooks12/1202861h.html
120285	E Phillips Oppenheim	The Box with Broken Seals	http://gutenberg.net.au/ebooks12/1202851h.html
120284	E Phillips Oppenheim	The Cinema Murder	http://gutenberg.net.au/ebooks12/1202841h.html
120283	E Phillips Oppenheim	The Devil's Paw	http://gutenberg.net.au/ebooks12/1202831h.html
120282	P Warburton	Journey Across the Western Interior	http://gutenberg.net.au/ebooks12/1202821h.html
120281	E Phillips Oppenheim	The Man and his Kingdom	http://gutenberg.net.au/ebooks12/1202811.txt http://gutenberg.net.au/ebooks12/1202811h.html
120280	E Phillips Oppenheim	The Black Box	http://gutenberg.net.au/ebooks12/1202801h.html
120279	 E P Oppenheim	The Postmaster of Market Deignton	http://gutenberg.net.au/ebooks12/1202791.txt http://gutenberg.net.au/ebooks12/1202791h.html
120278	Arthur Conan Doyle	The Lost World	http://gutenberg.net.au/ebooks12/1202781h.html
120277	John Buchan	Sir Walter Scott	http://gutenberg.net.au/ebooks12/1202771h.html
120276	The Heart of the Antarctic Vol 2,Ernest Shackleton		http://gutenberg.net.au/ebooks12/1202761h.html
120275	E Phillips Oppenheim	The Peer and the Woman	http://gutenberg.net.au/ebooks12/1202751.txt http://gutenberg.net.au/ebooks12/1202751h.html
120274	Fred Merrick White	Tregarthen's Wife	http://gutenberg.net.au/ebooks12/1202741.txt http://gutenberg.net.au/ebooks12/1202741h.html
120273	Arthur Conan Doyle	The War in South Africa	http://gutenberg.net.au/ebooks12/1202731h.html
120272	Arthur Conan Doyle	The Great Boer War	http://gutenberg.net.au/ebooks12/1202721h.html
120271	Arthur Conan Doyle	The Crime of the Congo	http://gutenberg.net.au/ebooks12/1202711h.html
120270	Arthur Conan Doyle	Great Britain and the Next War	http://gutenberg.net.au/ebooks12/1202701h.html
120269	Arthur Conan Doyle	A Visit to Three Fronts	http://gutenberg.net.au/ebooks12/1202691h.html
120268	Arthur Conan Doyle	A Glimpse of the Army	http://gutenberg.net.au/ebooks12/1202681h.html
120267	Arthur Conan Doyle	The Case of Mr. George Edalji	http://gutenberg.net.au/ebooks12/1202671h.html
120266	Arthur Conan Doyle	The Bravoes of Market Drayton	http://gutenberg.net.au/ebooks12/1202661h.html
120265	Arthur Conan Doyle	The Case of Oscar Slater	http://gutenberg.net.au/ebooks12/1202651h.html
120264	E Phillips Oppenheim	The Curious Quest	http://gutenberg.net.au/ebooks12/1202641.txt http://gutenberg.net.au/ebooks12/1202641h.html
120263	William Roughead	The Trial of Oscar Slater	http://gutenberg.net.au/ebooks12/1202631h.html
120262	H M Dauncey	Papuan Pictures	http://gutenberg.net.au/ebooks12/1202621h.html
120261	Arthur Gask	The Judgment of Larose	http://gutenberg.net.au/ebooks12/1202611.txt http://gutenberg.net.au/ebooks12/1202611h.html
120260	A C Doyle	The British Campaign in France V6	http://gutenberg.net.au/ebooks12/1202601h.html
120259	A C Doyle	The British Campaign in France V5	http://gutenberg.net.au/ebooks12/1202591h.html
120258	A C Doyle	The British Campaign in France V4	http://gutenberg.net.au/ebooks12/1202581h.html
120257	A C Doyle	The British Campaign in France V3	http://gutenberg.net.au/ebooks12/1202571h.html
120256	A C Doyle	The British Campaign in France V2	http://gutenberg.net.au/ebooks12/1202561h.html
120255	A C Doyle	The British Campaign in France V1	http://gutenberg.net.au/ebooks12/1202551h.html
120254	John William Lindt	Picturesque New Guinea	http://gutenberg.net.au/ebooks12/1202541h.html
120253	J H P Murray	Papua or British New Guinea	http://gutenberg.net.au/ebooks12/1202531h.html
120252	E Phillips Oppenheim	Mr. Marx's Secret	http://gutenberg.net.au/ebooks12/1202521h.html
120251	E Phillips Oppenheim	Mysterious Mr. Sabin	http://gutenberg.net.au/ebooks12/1202511h.html
120250	E Phillips Oppenheim	Nobody's Man	http://gutenberg.net.au/ebooks12/1202501h.html
120249	E Phillips Oppenheim	The Golden Web	http://gutenberg.net.au/ebooks12/1202491h.html
120248	E Phillips Oppenheim	The Pawns Count	http://gutenberg.net.au/ebooks12/1202481h.html
120247	E Phillips Oppenheim	As A Man Lives	http://gutenberg.net.au/ebooks12/1202471.txt http://gutenberg.net.au/ebooks12/1202471h.html
120246	Arthur Gask	The Passion Years	http://gutenberg.net.au/ebooks12/1202461.txt http://gutenberg.net.au/ebooks12/1202461h.html
120245	Arthur Gask	The Martyr on the Land	http://gutenberg.net.au/ebooks12/1202451.txt http://gutenberg.net.au/ebooks12/1202451h.html
120244	Arthur Gask	The Mark of Honor	http://gutenberg.net.au/ebooks12/1202441 http://gutenberg.net.au/ebooks12/1202441h.html
120243	Arthur Gask	The Lottery Ticket	http://gutenberg.net.au/ebooks12/1202431 http://gutenberg.net.au/ebooks12/1202431h.html
120242	Arthur Gask	The Hatton Garden Crime	http://gutenberg.net.au/ebooks12/1202421 http://gutenberg.net.au/ebooks12/1202421h.html
120241	Arthur Gask	The Bishop's Dilemma	http://gutenberg.net.au/ebooks12/1202411 http://gutenberg.net.au/ebooks12/1202411h.html
120240	Arthur Gask	The Amazing Adventure of Marmaduke	http://gutenberg.net.au/ebooks12/1202401 http://gutenberg.net.au/ebooks12/1202401h.html
120239	Arthur Gask	Seedtime and Harvest	http://gutenberg.net.au/ebooks12/1202391 http://gutenberg.net.au/ebooks12/1202391h.html
120238	Arthur Gask	Ghosts	http://gutenberg.net.au/ebooks12/1202381 http://gutenberg.net.au/ebooks12/1202381h.html
120237	Arthur Gask	Buggy's Babies	http://gutenberg.net.au/ebooks12/1202371 http://gutenberg.net.au/ebooks12/1202371h.html
120236	The Heart of the Antarctic Vol 1,Ernest Shackleton		http://gutenberg.net.au/ebooks12/1202361h.html
120235	Arthur Gask	Gentlemen of Crime	http://gutenberg.net.au/ebooks12/1202351.txt http://gutenberg.net.au/ebooks12/1202351h.html
120234	E Phillips Oppenheim	Ethan Strone	http://gutenberg.net.au/ebooks12/1202341.txt http://gutenberg.net.au/ebooks12/1202341h.html
120233	Arthur J Rees	The Hand in the Dark	http://gutenberg.net.au/ebooks12/1202331.txt http://gutenberg.net.au/ebooks12/1202331h.html
120232	Arthur J Rees	The Shrieking Pit	http://gutenberg.net.au/ebooks12/1202321.txt http://gutenberg.net.au/ebooks12/1202321h.html
120231	Arthur J Rees	The Moon Rock	http://gutenberg.net.au/ebooks12/1202311.txt http://gutenberg.net.au/ebooks12/1202311h.html
120230	Arthur J Rees	The Hampstead Mystery	http://gutenberg.net.au/ebooks12/1202301.txt http://gutenberg.net.au/ebooks12/1202301h.html
120229	Arthur Gask	The Dark Highway	http://gutenberg.net.au/ebooks12/1202291.txt http://gutenberg.net.au/ebooks12/1202291h.html
120228	E Phillips Oppenheim	The Wrath to Come	http://gutenberg.net.au/ebooks12/1202281.txt http://gutenberg.net.au/ebooks12/1202281h.html
120227	E Phillips Oppenheim	Mr. Grex of Monte Carlo	http://gutenberg.net.au/ebooks12/1202271h.html
120226	Oppenheim	General Besserley's Puzzle Box	http://gutenberg.net.au/ebooks12/1202261.txt http://gutenberg.net.au/ebooks12/1202261h.html
120225	Bart.,	The Terrible Hobby of Sir Joseph Londe	http://gutenberg.net.au/ebooks12/1202251.txt http://gutenberg.net.au/ebooks12/1202251h.html
120224	E Phillips Oppenheim	Ask Miss Mott (Short Story)	http://gutenberg.net.au/ebooks12/1202241h.html
120223	E Phillips Oppenheim	The Strangers' Gate	http://gutenberg.net.au/ebooks12/1202231.txt http://gutenberg.net.au/ebooks12/1202231h.html
120222	Fred Merrick White	Powers of Darkness	http://gutenberg.net.au/ebooks12/1202221.txt http://gutenberg.net.au/ebooks12/1202221h.html
120221	Fred Merrick White	Karma	http://gutenberg.net.au/ebooks12/1202211h.html
120220	Oppenheim	The Strange Boarders of Palace Crescent	http://gutenberg.net.au/ebooks12/1202201.txt http://gutenberg.net.au/ebooks12/1202201h.html
120219	E Phillips Oppenheim	Ask Miss Mott (Ten Stories)	http://gutenberg.net.au/ebooks12/1202191.txt http://gutenberg.net.au/ebooks12/1202191h.html
120218	E Phillips Oppenheim	Jeanne of the Marshes	http://gutenberg.net.au/ebooks12/1202181h.html
120217	E Phillips Oppenheim	Jacob's Ladder	http://gutenberg.net.au/ebooks12/1202171h.html
120216	Charles E Lyne	Life of Sir Henry Parkes	http://gutenberg.net.au/ebooks12/1202161.txt http://gutenberg.net.au/ebooks12/1202161h.html
120215	Fred Merrick White	The Yellow Face	http://gutenberg.net.au/ebooks12/1202151.txt http://gutenberg.net.au/ebooks12/1202151h.html
120214	E Phillips Oppenheim	Last Train Out	http://gutenberg.net.au/ebooks12/1202141.txt http://gutenberg.net.au/ebooks12/1202141h.html
120213	Arthur Gask	The Secret of the Garden	http://gutenberg.net.au/ebooks12/1202131.txt http://gutenberg.net.au/ebooks12/1202131h.html
120212	E Phillips Oppenheim	Berenice	http://gutenberg.net.au/ebooks12/1202121.txt http://gutenberg.net.au/ebooks12/1202121h.html
120211	E Phillips Oppenheim	Havoc	http://gutenberg.net.au/ebooks12/1202111.txt http://gutenberg.net.au/ebooks12/1202111h.html
120210	E Phillips Oppenheim	A People's Man	http://gutenberg.net.au/ebooks12/1202101.txt http://gutenberg.net.au/ebooks12/1202101h.html
120209	E Phillips Oppenheim	A Prince Of Sinners	http://gutenberg.net.au/ebooks12/1202091.txt http://gutenberg.net.au/ebooks12/1202091h.html
120208	E Phillips Oppenheim	The Avenger	http://gutenberg.net.au/ebooks12/1202081.txt http://gutenberg.net.au/ebooks12/1202081h.html
120207	E Phillips Oppenheim	An Amiable Charlatan	http://gutenberg.net.au/ebooks12/1202071 http://gutenberg.net.au/ebooks12/1202071h.html
120206	E Phillips Oppenheim	A Millionaire of Yesterday	http://gutenberg.net.au/ebooks12/1202061 http://gutenberg.net.au/ebooks12/1202061h.html
120205	E Phillips Oppenheim	A Lost Leader	http://gutenberg.net.au/ebooks12/1202051 http://gutenberg.net.au/ebooks12/1202051h.html
120204	E Phillips Oppenheim	The Bird of Paradise	http://gutenberg.net.au/ebooks12/1202041.txt http://gutenberg.net.au/ebooks12/1202041h.html
120203	Percy Andreae	The Case of Mrs. Ruhmkorff's Will	http://gutenberg.net.au/ebooks12/1202031.txt http://gutenberg.net.au/ebooks12/1202031h.html
120202	E Phillips Oppenheim	The Light Beyond	http://gutenberg.net.au/ebooks12/1202021h.html
120201	 Sapper	Word of Honour	http://gutenberg.net.au/ebooks12/1202011.txt http://gutenberg.net.au/ebooks12/1202011h.html
120200	E Phillips Oppenheim	The Ostrekoff Jewels	http://gutenberg.net.au/ebooks12/1202001.txt http://gutenberg.net.au/ebooks12/1202001h.html
120199	Arthur Gask	The Vengeance of Larose	http://gutenberg.net.au/ebooks12/1201991.txt http://gutenberg.net.au/ebooks12/1201991h.html
120198	Fred Merrick White	Crossed Swords	http://gutenberg.net.au/ebooks12/1201981h.html
120197	History of Australian Bushranging V2,Charles White		http://gutenberg.net.au/ebooks12/1201971.txt http://gutenberg.net.au/ebooks12/1201971h.html
120196	History of Australian Bushranging V1,Charles White		http://gutenberg.net.au/ebooks12/1201961.txt http://gutenberg.net.au/ebooks12/1201961h.html
120195	Fred Merrick White	Art Critics	http://gutenberg.net.au/ebooks12/1201951h.html
120194	E Phillips Oppenheim	Expiation	http://gutenberg.net.au/ebooks12/1201941.txt http://gutenberg.net.au/ebooks12/1201941h.html
120193	Fred Merrick White	Sister Louise	http://gutenberg.net.au/ebooks12/1201931.txt http://gutenberg.net.au/ebooks12/1201931h.html
120192	Fred Merrick White	Gentlemen of the Jury	http://gutenberg.net.au/ebooks12/1201921.txt http://gutenberg.net.au/ebooks12/1201921h.html
120191	Fred Merrick White	A Derelict in Clover	http://gutenberg.net.au/ebooks12/1201911.txt http://gutenberg.net.au/ebooks12/1201911h.html
120190	Fred Merrick White	The Holy Rose	http://gutenberg.net.au/ebooks12/1201901h.html
120189	E Phillips Oppenheim	The Spy Paramount	http://gutenberg.net.au/ebooks12/1201891.txt http://gutenberg.net.au/ebooks12/1201891h.html
120188	The Battle of Basinghall Street,Phillips Oppenheim		http://gutenberg.net.au/ebooks12/1201881.txt http://gutenberg.net.au/ebooks12/1201881h.html
120187	Fred Merrick White	The Turn of the Tide	http://gutenberg.net.au/ebooks12/1201871.txt http://gutenberg.net.au/ebooks12/1201871h.html
120186	Arthur Gask	The Hidden Door	http://gutenberg.net.au/ebooks12/1201861.txt http://gutenberg.net.au/ebooks12/1201861h.html
120185	G K Chesterton	G F Watts	http://gutenberg.net.au/ebooks12/1201851.txt http://gutenberg.net.au/ebooks12/1201851h.html
120184	G K Chesterton	William Blake	http://gutenberg.net.au/ebooks12/1201841.txt http://gutenberg.net.au/ebooks12/1201841h.html
120183	Zane Grey	Tappan's Burro and Other Stories	http://gutenberg.net.au/ebooks12/1201831.txt http://gutenberg.net.au/ebooks12/1201831h.html
120182	Fred Merrick White	The Sundial	http://gutenberg.net.au/ebooks12/1201821.txt http://gutenberg.net.au/ebooks12/1201821h.html
120181	Arthur Gask	The Poisoned Goblet	http://gutenberg.net.au/ebooks12/1201811.txt http://gutenberg.net.au/ebooks12/1201811h.html
120180	E Phillips Oppenheim	Envoy Extraordinary	http://gutenberg.net.au/ebooks12/1201801.txt http://gutenberg.net.au/ebooks12/1201801h.html
120179	E Phillips Oppenheim	Exit a Dictator	http://gutenberg.net.au/ebooks12/1201791.txt http://gutenberg.net.au/ebooks12/1201791h.html
120178	Sapper	Challenge	http://gutenberg.net.au/ebooks12/1201781h.html
120177	Sapper	Knock-out	http://gutenberg.net.au/ebooks12/1201771h.html
120176	John Buchan	Memory Hold-the-door	http://gutenberg.net.au/ebooks12/1201761.txt http://gutenberg.net.au/ebooks12/1201761h.html
120175	John Buchan	The Watcher by the Threshold	http://gutenberg.net.au/ebooks12/1201751h.html
120174	Fred Merrick White	Lady Mary's Bulldog	http://gutenberg.net.au/ebooks12/1201741.txt http://gutenberg.net.au/ebooks12/1201741h.html
120173	Fred Merrick White	The Sixteenth Chapter	http://gutenberg.net.au/ebooks12/1201731.txt http://gutenberg.net.au/ebooks12/1201731h.html
120172	Fred Merrick White	The Western Way	http://gutenberg.net.au/ebooks12/1201721.txt http://gutenberg.net.au/ebooks12/1201721h.html
120171	Fred Merrick White	Queen of Hearts	http://gutenberg.net.au/ebooks12/1201711.txt http://gutenberg.net.au/ebooks12/1201711h.html
120170	Fred Merrick White	The Yellow Moth	http://gutenberg.net.au/ebooks12/1201701h.html
120169	Arthur Gask	The House on the Fens	http://gutenberg.net.au/ebooks12/1201691.txt http://gutenberg.net.au/ebooks12/1201691h.html
120168	Fred Merrick White	The Azoff Diamonds	http://gutenberg.net.au/ebooks12/1201681.txt http://gutenberg.net.au/ebooks12/1201681h.html
120167	Fred Merrick White	The Arms Of Chance	http://gutenberg.net.au/ebooks12/1201671.txt http://gutenberg.net.au/ebooks12/1201671h.html
120166	Fred Merrick White	An Eastern Princess	http://gutenberg.net.au/ebooks12/1201661.txt http://gutenberg.net.au/ebooks12/1201661h.html
120165	Fred Merrick White	A Satisfactory Reference	http://gutenberg.net.au/ebooks12/1201651.txt http://gutenberg.net.au/ebooks12/1201651h.html
120164	G Firth Scott	The Romance of Polar Exploration	http://gutenberg.net.au/ebooks12/1201641.txt
120163	George Firth Scott	The Rider of Waroona	http://gutenberg.net.au/ebooks12/1201631.txt
120162	George Firth Scott	Colonial Born	http://gutenberg.net.au/ebooks12/1201621.txt
120161	Arthur Gask	Cloud The Smiter	http://gutenberg.net.au/ebooks12/1201611.txt http://gutenberg.net.au/ebooks12/1201611h.html
120160	Zane Grey	The Shepherd of Guadaloupe	http://gutenberg.net.au/ebooks12/1201601.txt http://gutenberg.net.au/ebooks12/1201601h.html
120159	Fred Merrick White	Icky of Oluk Lake	http://gutenberg.net.au/ebooks12/1201591h.html
120158	Fred Merrick White	The Dragon Fly Part 1	http://gutenberg.net.au/ebooks12/1201581.txt http://gutenberg.net.au/ebooks12/1201581h.html
120157	Fred Merrick White	A Deal in Diamonds	http://gutenberg.net.au/ebooks12/1201571.txt http://gutenberg.net.au/ebooks12/1201571h.html
120156	William Le Queux	Of Royal Blood	http://gutenberg.net.au/ebooks12/1201561.txt http://gutenberg.net.au/ebooks12/1201561h.html
120155	G Boxall	History of the Australian Bushrangers	http://gutenberg.net.au/ebooks12/1201551h.html
120154	John David Hennessey	Temptation on a Tower	http://gutenberg.net.au/ebooks12/1201541.txt http://gutenberg.net.au/ebooks12/1201541h.html
120153	John David Hennessey	The Bells of Sydney	http://gutenberg.net.au/ebooks12/1201531.txt http://gutenberg.net.au/ebooks12/1201531h.html
120152	Fred Merrick White	The World Next Door	http://gutenberg.net.au/ebooks12/1201521h.html
120151	Fred Merrick White	The Witness	http://gutenberg.net.au/ebooks12/1201511h.html
120150	Fred Merrick White	The Waterwitch	http://gutenberg.net.au/ebooks12/1201501h.html
120149	Fred Merrick White	The Vital Spot	http://gutenberg.net.au/ebooks12/1201491h.html
120148	Fred Merrick White	The Unexpected	http://gutenberg.net.au/ebooks12/1201481h.html
120147	Fred Merrick White	The Throat of the Wolf	http://gutenberg.net.au/ebooks12/1201471h.html
120146	Fred Merrick White	The Sword of Justice	http://gutenberg.net.au/ebooks12/1201461h.html
120145	Fred Merrick White	The Superman	http://gutenberg.net.au/ebooks12/1201451h.html
120144	Fred Merrick White	The Real Dramatic Touch	http://gutenberg.net.au/ebooks12/1201441h.html
120143	Fred Merrick White	The Northern Light	http://gutenberg.net.au/ebooks12/1201431h.html
120142	Fred Merrick White	A Captious Critic	http://gutenberg.net.au/ebooks12/1201421h.html
120141	Fred Merrick White	The Lady in Blue	http://gutenberg.net.au/ebooks12/1201411.txt http://gutenberg.net.au/ebooks12/1201411h.html
120140	Fred Merrick White	The Midnight Call	http://gutenberg.net.au/ebooks12/1201401h.html
120139	Fred Merrick White	The Man Who Got Through	http://gutenberg.net.au/ebooks12/1201391h.html
120138	Fred Merrick White	The Luck of the Game	http://gutenberg.net.au/ebooks12/1201381h.html
120137	Fred Merrick White	The Emsdam Dispatches	http://gutenberg.net.au/ebooks12/1201371h.html
120136	Fred Merrick White	A Masked Battery	http://gutenberg.net.au/ebooks12/1201361h.html
120135	Fred Merrick White	The Lonely Furrow	http://gutenberg.net.au/ebooks12/1201351h.html
120134	Fred Merrick White	The Language of Flowers	http://gutenberg.net.au/ebooks12/1201341h.html
120133	Fred Merrick White	The Heart of an Anarchist	http://gutenberg.net.au/ebooks12/1201331h.html
120132	Fred Merrick White	The Fourth Man	http://gutenberg.net.au/ebooks12/1201321h.html
120131	Fred Merrick White	The Eye of the Camera	http://gutenberg.net.au/ebooks12/1201311h.html
120130	Fred Merrick White	Free Labour	http://gutenberg.net.au/ebooks12/1201301.txt http://gutenberg.net.au/ebooks12/1201301h.html
120129	Fred Merrick White	For Love's Sake	http://gutenberg.net.au/ebooks12/1201291.txt http://gutenberg.net.au/ebooks12/1201291h.html
120128	Fred Merrick White	Brayton's Secret	http://gutenberg.net.au/ebooks12/1201281.txt http://gutenberg.net.au/ebooks12/1201281h.html
120127	Fred Merrick White	The Lesson The Ants Taught	http://gutenberg.net.au/ebooks12/1201271h.html
120126	Fred Merrick White	The Desert Ship	http://gutenberg.net.au/ebooks12/1201261h.html
120125	Fred Merrick White	The Dawnstar	http://gutenberg.net.au/ebooks12/1201251h.html
120124	Fred Merrick White	The Charlatan	http://gutenberg.net.au/ebooks12/1201241h.html
120123	Fred Merrick White	The Buff Gauntlet	http://gutenberg.net.au/ebooks12/1201231.txt http://gutenberg.net.au/ebooks12/1201231h.html
120122	Fred Merrick White	The Broken Trail	http://gutenberg.net.au/ebooks12/1201221h.html
120121	Fred Merrick White	The Broken Lute	http://gutenberg.net.au/ebooks12/1201211h.html
120120	Fred Merrick White	The Balance Of Nature	http://gutenberg.net.au/ebooks12/1201201h.html
120119	Fred Merrick White	The Apple-Green Plate	http://gutenberg.net.au/ebooks12/1201191h.html
120118	Fred Merrick White	The Thirty-Seventh Month	http://gutenberg.net.au/ebooks12/1201181h.html
120117	Fred Merrick White	Sub Rosa	http://gutenberg.net.au/ebooks12/1201171h.html
120116	Fred Merrick White	Second In The Field	http://gutenberg.net.au/ebooks12/1201161h.html
120115	Fred Merrick White	Photo By Lesterre	http://gutenberg.net.au/ebooks12/1201151h.html
120114	Fred Merrick White	Pearls of Price	http://gutenberg.net.au/ebooks12/1201141h.html
120113	Fred Merrick White	Forget-Me-Not	http://gutenberg.net.au/ebooks12/1201131h.html
120112	Fred Merrick White	One Foggy Night	http://gutenberg.net.au/ebooks12/1201121h.html
120111	Fred Merrick White	Not on the Records	http://gutenberg.net.au/ebooks12/1201111h.html
120110	Fred Merrick White	Nerves	http://gutenberg.net.au/ebooks12/1201101h.html
120109	Fred Merrick White	Made in England	http://gutenberg.net.au/ebooks12/1201091h.html
120108	Fred Merrick White	Love in Aether	http://gutenberg.net.au/ebooks12/1201081h.html
120107	Fred Merrick White	Full Fathoms Deep	http://gutenberg.net.au/ebooks12/1201071h.html
120106	Fred Merrick White	Below Zero	http://gutenberg.net.au/ebooks12/1201061h.html
120105	Fred Merrick White	A Single Hair	http://gutenberg.net.au/ebooks12/1201051h.html
120104	Fred Merrick White	The Salmon Poachers	http://gutenberg.net.au/ebooks12/1201041h.html
120103	Sapper	Temple Tower	http://gutenberg.net.au/ebooks12/1201031h.html
120102	Fred Merrick White	A Record Round	http://gutenberg.net.au/ebooks12/1201021h.html
120101	Fred Merrick White	Applied Mechanics	http://gutenberg.net.au/ebooks12/1201011h.html
120100	Fred Merrick White	A Place in the Sun	http://gutenberg.net.au/ebooks12/1201001h.html
120099	Fred Merrick White	A Parrot Cry	http://gutenberg.net.au/ebooks12/1200991h.html
120098	Fred Merrick White	An Ally	http://gutenberg.net.au/ebooks12/1200981h.html
120097	Fred Merrick White	A Matter Of Habit	http://gutenberg.net.au/ebooks12/1200971h.html
120096	Fred Merrick White	A Question Of Money	http://gutenberg.net.au/ebooks12/1200961h.html
120095	Fred Merrick White	A Garden Of Pearls	http://gutenberg.net.au/ebooks12/1200951h.html
120094	Fred Merrick White	One Of The Old Guard	http://gutenberg.net.au/ebooks12/1200941h.html
120093	Fred Merrick White	A Draught Of Life	http://gutenberg.net.au/ebooks12/1200931h.html
120092	Fred Merrick White	After Reynolds	http://gutenberg.net.au/ebooks12/1200921h.html
120091	Fred Merrick White	A Dose Of Quinine	http://gutenberg.net.au/ebooks12/1200911h.html
120090	Fred Merrick White	A Corner In Elephants	http://gutenberg.net.au/ebooks12/1200901h.html
120089	Fred Merrick White	According To The Statute	http://gutenberg.net.au/ebooks12/1200891h.html
120088	Fred Merrick White	A Bit Of Egypt	http://gutenberg.net.au/ebooks12/1200881h.html
120087	Fred Merrick White	Craven Fortune	http://gutenberg.net.au/ebooks12/1200871.txt http://gutenberg.net.au/ebooks12/1200871h.html
120086	Fred Merrick White	A Daughter of Israel	http://gutenberg.net.au/ebooks12/1200861.txt http://gutenberg.net.au/ebooks12/1200861h.html
120085	Fred Merrick White	Burglar Bill's Pupil	http://gutenberg.net.au/ebooks12/1200851.txt http://gutenberg.net.au/ebooks12/1200851h.html
120084	Fred Merrick White	Out of Season	http://gutenberg.net.au/ebooks12/1200841h.html
120083	Fred Merrick White	Mere Details	http://gutenberg.net.au/ebooks12/1200831h.html
120082	Fred Merrick White	The Unpremeditated Curtain	http://gutenberg.net.au/ebooks12/1200821h.html
120081	Fred Merrick White	Drops of Water	http://gutenberg.net.au/ebooks12/1200811h.html
120080	Fred Merrick White	A Stranger in Bohemia	http://gutenberg.net.au/ebooks12/1200801h.html
120079	Fred Merrick White	A Liberal Education	http://gutenberg.net.au/ebooks12/1200791h.html
120078	Fred Merrick White	A Matter of Kindness	http://gutenberg.net.au/ebooks12/1200781h.html
120077	Doyle	Collected Stories of Arthur Conan Doyle	http://gutenberg.net.au/ebooks12/1200771h.html
120076	Fred Merrick White	Compounding a Felony	http://gutenberg.net.au/ebooks12/1200761.txt http://gutenberg.net.au/ebooks12/1200761h.html
120075	Fred Merrick White	A Pair of Handcuffs	http://gutenberg.net.au/ebooks12/1200751.txt http://gutenberg.net.au/ebooks12/1200751h.html
120074	Fred Merrick White	Not in Possession	http://gutenberg.net.au/ebooks12/1200741.txt http://gutenberg.net.au/ebooks12/1200741h.html
120073	Fred Merrick White	The Plagiarist	http://gutenberg.net.au/ebooks12/1200731.txt http://gutenberg.net.au/ebooks12/1200731h.html
120072	Fred Merrick White	Not in the Bill	http://gutenberg.net.au/ebooks12/1200721.txt http://gutenberg.net.au/ebooks12/1200721h.html
120071	Fred Merrick White	An Extra Turn	http://gutenberg.net.au/ebooks12/1200711.txt http://gutenberg.net.au/ebooks12/1200711h.html
120070	Fred Merrick White	His Second Self	http://gutenberg.net.au/ebooks12/1200701.txt http://gutenberg.net.au/ebooks12/1200701h.html
120069	Fred Merrick White	The Riddle of the Rail	http://gutenberg.net.au/ebooks12/1200691.txt http://gutenberg.net.au/ebooks12/1200691h.html
120068	Fred Merrick White	The Two Bon-Bons	http://gutenberg.net.au/ebooks12/1200681h.html
120067	Fred Merrick White	The Long Arm of Bronze	http://gutenberg.net.au/ebooks12/1200671h.html
120066	Fred Merrick White	The First Stone	http://gutenberg.net.au/ebooks12/1200661h.html
120065	Fred Merrick White	Blind Chance	http://gutenberg.net.au/ebooks12/1200651h.html
120064	Fred Merrick White	A Thrilling Exit	http://gutenberg.net.au/ebooks12/1200641h.html
120063	Fred Merrick White	The Onus Of The Charge	http://gutenberg.net.au/ebooks12/1200631h.html
120062	Fred Merrick White	The Night Express	http://gutenberg.net.au/ebooks12/1200621h.html
120061	Fred Merrick White	The Great White Moth	http://gutenberg.net.au/ebooks12/1200611h.html
120060	Fred Merrick White	The Fire Bugs	http://gutenberg.net.au/ebooks12/1200601h.html
120059	Fred Merrick White	The King Diamond	http://gutenberg.net.au/ebooks12/1200591.txt http://gutenberg.net.au/ebooks12/1200591h.html
120058	Fred Merrick White	General Marcos	http://gutenberg.net.au/ebooks12/1200581h.html
120057	Fred M White	The Loss Of The "Eastern Empress"	http://gutenberg.net.au/ebooks12/1200571h.html
120056	Fred Merrick White	Crysoline Limited	http://gutenberg.net.au/ebooks12/1200561h.html
120055	Fred Merrick White	Redburn Castle	http://gutenberg.net.au/ebooks12/1200551h.html
120054	Fred Merrick White	The Cradlestone Oil Mills	http://gutenberg.net.au/ebooks12/1200541h.html
120053	Fred Merrick White	The Death Of The President	http://gutenberg.net.au/ebooks12/1200531h.html
120052	Fred Merrick White	The Rosy Cross	http://gutenberg.net.au/ebooks12/1200521h.html
120051	Fred Merrick White	Cleopatra's Robe	http://gutenberg.net.au/ebooks12/1200511h.html
120050	Fred Merrick White	The "Morrison Raid" Indemnity	http://gutenberg.net.au/ebooks12/1200501h.html
120049	Fred Merrick White	The Silverpool Cup	http://gutenberg.net.au/ebooks12/1200491h.html
120048	Fred Merrick White	At Windsor	http://gutenberg.net.au/ebooks12/1200481h.html
120047	Fred Merrick White	The Head Of The Caesars	http://gutenberg.net.au/ebooks12/1200471h.html
120046	Fred Merrick White	A Broken Memory	http://gutenberg.net.au/ebooks12/1200461.txt
120045	Fred Merrick White	Treasures Three	http://gutenberg.net.au/ebooks12/1200451.txt http://gutenberg.net.au/ebooks12/1200451h.html
120044	Fred Merrick White	The Shebeeners	http://gutenberg.net.au/ebooks12/1200441.txt http://gutenberg.net.au/ebooks12/1200441h.html
120043	Fred Merrick White	The Other Man's Story	http://gutenberg.net.au/ebooks12/1200431.txt http://gutenberg.net.au/ebooks12/1200431h.html
120042	Fred Merrick White	The Hand Invisible	http://gutenberg.net.au/ebooks12/1200421.txt http://gutenberg.net.au/ebooks12/1200421h.html
120041	Fred Merrick White	The Dormer Window	http://gutenberg.net.au/ebooks12/1200411.txt http://gutenberg.net.au/ebooks12/1200411h.html
120040	Fred Merrick White	The Black Prince	http://gutenberg.net.au/ebooks12/1200401.txt http://gutenberg.net.au/ebooks12/1200401h.html
120039	Fred Merrick White	The Black Narcissus	http://gutenberg.net.au/ebooks12/1200391.txt
120038	Fred Merrick White	The Big Thing	http://gutenberg.net.au/ebooks12/1200381.txt http://gutenberg.net.au/ebooks12/1200381h.html
120037	Fred Merrick White	The Ace of Hearts	http://gutenberg.net.au/ebooks12/1200371.txt http://gutenberg.net.au/ebooks12/1200371h.html
120036	Fred Merrick White	Red Petals	http://gutenberg.net.au/ebooks12/1200361.txt http://gutenberg.net.au/ebooks12/1200361h.html
120035	Fred Merrick White	Kindergarten	http://gutenberg.net.au/ebooks12/1200351.txt http://gutenberg.net.au/ebooks12/1200351h.html
120034	Fred Merrick White	Blind	http://gutenberg.net.au/ebooks12/1200341.txt http://gutenberg.net.au/ebooks12/1200341h.html
120033	Fred Merrick White	Autumn Manoeuvres	http://gutenberg.net.au/ebooks12/1200331.txt http://gutenberg.net.au/ebooks12/1200331h.html
120032	Fred Merrick White	A Game of Draughts	http://gutenberg.net.au/ebooks12/1200321.txt http://gutenberg.net.au/ebooks12/1200321h.html
120031	Fred Merrick White	A Gamble in Love	http://gutenberg.net.au/ebooks12/1200311.txt http://gutenberg.net.au/ebooks12/1200311h.html
120030	Fred Merrick White	Three of Them	http://gutenberg.net.au/ebooks12/1200301h.html
120029	Fred Merrick White	The Courage of Despair	http://gutenberg.net.au/ebooks12/1200291h.html
120028	Fred Merrick White	The Almedi Concession	http://gutenberg.net.au/ebooks12/1200281h.html
120027	Fred Merrick White	In The Express	http://gutenberg.net.au/ebooks12/1200271h.html
120026	Fred M White	The Other Side of the Chess Board	http://gutenberg.net.au/ebooks12/1200261h.html
120025	Fred Merrick White	By Woman's Wit	http://gutenberg.net.au/ebooks12/1200251h.html
060048	Fred M White	The Mazaroff Rifle	http://gutenberg.net.au/ebooks06/0600481h.html
120024	Fred Merrick White	Found	http://gutenberg.net.au/ebooks12/1200241h.html
120023	Fred Merrick White	The Shadow of the Dead Hand	http://gutenberg.net.au/ebooks12/1200231.txt http://gutenberg.net.au/ebooks12/1200231h.html
120022	Fred Merrick White	The Mystery of Room 75	http://gutenberg.net.au/ebooks12/1200221.txt http://gutenberg.net.au/ebooks12/1200221h.html
120021	Fred Merrick White	Paul Quentin	http://gutenberg.net.au/ebooks12/1200211.txt http://gutenberg.net.au/ebooks12/1200211h.html
120020	Fred Merrick White	The Price Of Silence	http://gutenberg.net.au/ebooks12/1200201h.html
120019	Fred Merrick White	The Nether Millstone	http://gutenberg.net.au/ebooks12/1200191.txt http://gutenberg.net.au/ebooks12/1200191h.html
120018	Fred Merrick White	The Midnight Guest	http://gutenberg.net.au/ebooks12/1200181h.html
120017	Fred Merrick White	The Golden Bat	http://gutenberg.net.au/ebooks12/1200171.txt http://gutenberg.net.au/ebooks12/1200171h.html
120016	Fred Merrick White	A Golden Argosy	http://gutenberg.net.au/ebooks12/1200161.txt http://gutenberg.net.au/ebooks12/1200161h.html
120015	Edgar Wallace	This England: Studies of Today	http://gutenberg.net.au/ebooks12/1200151h.html
120013	Edgar Wallace	Red Pages from Tsardom	http://gutenberg.net.au/ebooks12/1200131h.html
120012	Edgar Wallace	Reports From the Boer War	http://gutenberg.net.au/ebooks12/1200121h.html
120011	Edgar Wallace	A King by Night	http://gutenberg.net.au/ebooks12/1200111h.html
120010	Fred Merrick White	The Mystery of Crocksands	http://gutenberg.net.au/ebooks12/1200101.txt http://gutenberg.net.au/ebooks12/1200101h.html
120009	Fred Merrick White	A Fatal Dose	http://gutenberg.net.au/ebooks12/1200091.txt http://gutenberg.net.au/ebooks12/1200091h.html
120008	Fred Merrick White	A Crime on Canvas	http://gutenberg.net.au/ebooks12/1200081.txt http://gutenberg.net.au/ebooks12/1200081h.html
120007	Fred Merrick White	The Wings of Chance	http://gutenberg.net.au/ebooks12/1200071.txt http://gutenberg.net.au/ebooks12/1200071h.html
120006	Fred Merrick White	The Doll's House	http://gutenberg.net.au/ebooks12/1200061.txt http://gutenberg.net.au/ebooks12/1200061h.html
120005	Fred Merrick White	The Barrister at Bay	http://gutenberg.net.au/ebooks12/1200051.txt http://gutenberg.net.au/ebooks12/1200051h.html
120004	Fred Merrick White	At Short Notice	http://gutenberg.net.au/ebooks12/1200041.txt http://gutenberg.net.au/ebooks12/1200041h.html
120003	Fred Merrick White	A Sound in the Night	http://gutenberg.net.au/ebooks12/1200031.txt http://gutenberg.net.au/ebooks12/1200031h.html
120002	Fred Merrick White	A Queen in Hiding	http://gutenberg.net.au/ebooks12/1200021.txt http://gutenberg.net.au/ebooks12/1200021h.html
120001	Fred Merrick White	A Daughter of Nature	http://gutenberg.net.au/ebooks12/1200011.txt http://gutenberg.net.au/ebooks12/1200011h.html
110092	Fred Merrick White	The Seed Of Empire	http://gutenberg.net.au/ebooks11/1100921.txt http://gutenberg.net.au/ebooks11/1100921h.html
110091	Fred Merrick White	The Man with the Eye Glass	http://gutenberg.net.au/ebooks11/1100911.txt http://gutenberg.net.au/ebooks11/1100911h.html
110090	Fred Merrick White	The Left Hand	http://gutenberg.net.au/ebooks11/1100901.txt http://gutenberg.net.au/ebooks11/1100901h.html
110089	Fred Merrick White	The Last Drive	http://gutenberg.net.au/ebooks11/1100891.txt http://gutenberg.net.au/ebooks11/1100891h.html
110088	Fred Merrick White	The Heels of the Dawn	http://gutenberg.net.au/ebooks11/1100881.txt http://gutenberg.net.au/ebooks11/1100881h.html
110087	Fred Merrick White	The Colonel's Xmas Pudding	http://gutenberg.net.au/ebooks11/1100871.txt http://gutenberg.net.au/ebooks11/1100871h.html
110086	Fred Merrick White	Anonymous	http://gutenberg.net.au/ebooks11/1100861.txt http://gutenberg.net.au/ebooks11/1100861h.html
110085	Fred Merrick White	An Error of Judgment	http://gutenberg.net.au/ebooks11/1100851.txt http://gutenberg.net.au/ebooks11/1100851h.html
110084	Edgar Wallace	Captains of Souls	http://gutenberg.net.au/ebooks11/1100841h.html
110083	Jacques Futrelle	Tales of the Thinking Machine	http://gutenberg.net.au/ebooks11/1100831h.html
110082	Fred Merrick White	Unbidden Guests	http://gutenberg.net.au/ebooks11/1100821.txt http://gutenberg.net.au/ebooks11/1100821h.html
110081	Fred Merrick White	This Little World	http://gutenberg.net.au/ebooks11/1100811.txt http://gutenberg.net.au/ebooks11/1100811h.html
110080	Fred M White	The Day, or The Passing of a Throne	http://gutenberg.net.au/ebooks11/1100801.txt http://gutenberg.net.au/ebooks11/1100801h.html
110079	Fred Merrick White	Hardy's Big Coup	http://gutenberg.net.au/ebooks11/1100791.txt http://gutenberg.net.au/ebooks11/1100791h.html
110078	Fred Merrick White	The Purple Terror	http://gutenberg.net.au/ebooks11/1100781.txt http://gutenberg.net.au/ebooks11/1100781h.html
110077	Fred Merrick White	A Stolen Interview	http://gutenberg.net.au/ebooks11/1100771.txt http://gutenberg.net.au/ebooks11/1100771h.html
110076	Arthur Gask	The Red Paste Murders	http://gutenberg.net.au/ebooks11/1100761.txt http://gutenberg.net.au/ebooks11/1100761h.html
110075	Arthur Gask	The House on the Island	http://gutenberg.net.au/ebooks11/1100751.txt http://gutenberg.net.au/ebooks11/1100751h.html
110074	Fred Merrick White	A Popular Novelist	http://gutenberg.net.au/ebooks11/1100741.txt http://gutenberg.net.au/ebooks11/1100741h.html
110073	W. Wise	Pictorial History of the Second World War	http://gutenberg.net.au/ebooks11/1100731h/v1_5/1100731h.html (Volumes 1-5) http://gutenberg.net.au/ebooks11/1100731h/v6/V6P.html (Volume 6)
110072	Fred Merrick White	The Man Who Knew	http://gutenberg.net.au/ebooks11/1100721.txt http://gutenberg.net.au/ebooks11/1100721h.html
110071	Arthur Gask	The Shadow of Larose	http://gutenberg.net.au/ebooks11/1100711.txt http://gutenberg.net.au/ebooks11/1100711h.html
110070	Fred Merrick White	The Mystery Of The Ravenspurs	http://gutenberg.net.au/ebooks11/1100701.txt http://gutenberg.net.au/ebooks11/1100701h.html
110069	Fred Merrick White	The Devil's Advocate	http://gutenberg.net.au/ebooks11/1100691.txt http://gutenberg.net.au/ebooks11/1100691h.html
110068	Fergus Hume	The Caravan Crime	http://gutenberg.net.au/ebooks11/1100681.txt http://gutenberg.net.au/ebooks11/1100681h.html
110067	Fred Merrick White	The Salt Of The Earth	http://gutenberg.net.au/ebooks11/1100671.txt http://gutenberg.net.au/ebooks11/1100671h.html
110066	Edgar Wallace	The Daughters of the Night	http://gutenberg.net.au/ebooks11/1100661.txt http://gutenberg.net.au/ebooks11/1100661h.html
110065	Damon Runyon	Damon Runyon Omnibus	http://gutenberg.net.au/ebooks11/1100651h.html
110064	Fred Merrick White	The Clock Struck Twelve	http://gutenberg.net.au/ebooks11/1100641.txt http://gutenberg.net.au/ebooks11/1100641h.html
110063	Fred Merrick White	Adventure	http://gutenberg.net.au/ebooks11/1100631.txt http://gutenberg.net.au/ebooks11/1100631h.html
100062	George Firth Scott	The Last Lemurian	http://gutenberg.net.au/ebooks11/1000621.txt http://gutenberg.net.au/ebooks11/1000621h.html
110061	Fred Merrick White	The White Glove	http://gutenberg.net.au/ebooks11/1100611.txt http://gutenberg.net.au/ebooks11/1100611h.html
110060	John David Hennessey	An Australian Bush Track	http://gutenberg.net.au/ebooks11/1100601.txt http://gutenberg.net.au/ebooks11/1100601h.html
110059	A E W Mason	Dilemmas	http://gutenberg.net.au/ebooks11/1100591.txt http://gutenberg.net.au/ebooks11/1100591h.html
110058	Edgar Wallace	The Man who was Nobody	http://gutenberg.net.au/ebooks11/1100581.txt http://gutenberg.net.au/ebooks11/1100581h.html
110057	Edgar Wallace	Angel Esquire	http://gutenberg.net.au/ebooks11/1100571.txt http://gutenberg.net.au/ebooks11/1100571h.html
110056	Edgar Wallace	The Northing Tramp	http://gutenberg.net.au/ebooks11/1100561.txt http://gutenberg.net.au/ebooks11/1100561h.html
110055	Edgar Wallace	The Traitor's Gate	http://gutenberg.net.au/ebooks11/1100551.txt http://gutenberg.net.au/ebooks11/1100551h.html
110054	John David Hennessey	A Tail of Gold	http://gutenberg.net.au/ebooks11/1100541.txt http://gutenberg.net.au/ebooks11/1100541h.html
110053	John David Hennessey	Wynnum White's Wickedness	http://gutenberg.net.au/ebooks11/1100531.txt http://gutenberg.net.au/ebooks11/1100531h.html
110052	John David Hennessey	The Dis-Honourable	http://gutenberg.net.au/ebooks11/1100521.txt http://gutenberg.net.au/ebooks11/1100521h.html
110051	John David Hennessey	The Outlaw	http://gutenberg.net.au/ebooks11/1100511.txt http://gutenberg.net.au/ebooks11/1100511h.html
110050	H G Wells	The Story of a Great Schoolmaster	http://gutenberg.net.au/ebooks11/1100501.txt http://gutenberg.net.au/ebooks11/1100501h.html
110049	John David Hennessey	The Caves of Shend	http://gutenberg.net.au/ebooks11/1100491.txt http://gutenberg.net.au/ebooks11/1100491h.html
110048	Herbert Russell	Seamew Cavern	http://gutenberg.net.au/ebooks11/1100481.txt http://gutenberg.net.au/ebooks11/1100481h.html
110047	Fred Merrick White	The Black Cat	http://gutenberg.net.au/ebooks11/1100471.txt http://gutenberg.net.au/ebooks11/1100471h.html
110046	 Anonymous	A Lost Life	http://gutenberg.net.au/ebooks11/1100461.txt http://gutenberg.net.au/ebooks11/1100461h.html
110045	J J Walsh	The World's Debt to the Catholic Church	http://gutenberg.net.au/ebooks11/1100451.txt http://gutenberg.net.au/ebooks11/1100451h.html
110044	Sylvanus Cobb	Collected Stories Series 2	http://gutenberg.net.au/ebooks11/1100441.txt
110043	Warwick Deeping	Slade	http://gutenberg.net.au/ebooks11/1100431h.html
110042	Floyd Gibbons	The Red Knight of Germany	http://gutenberg.net.au/ebooks11/1100421.txt http://gutenberg.net.au/ebooks11/1100421h.html
110041	Fred Merrick White	On The Night Express	http://gutenberg.net.au/ebooks11/1100411.txt http://gutenberg.net.au/ebooks11/1100411h.html
110040	Fred Merrick White	A Royal Wrong	http://gutenberg.net.au/ebooks11/1100401.txt http://gutenberg.net.au/ebooks11/1100401h.html
110039	Robert Byron	All These I Learnt	http://gutenberg.net.au/ebooks11/1100391.txt
110038	A E W Mason	The Right Thing	http://gutenberg.net.au/ebooks11/1100381.txt http://gutenberg.net.au/ebooks11/1100381h.html
110037	Sylvanus Cobb	The Gunmaker of Moscow	http://gutenberg.net.au/ebooks11/1100371.txt
110036	Fred Merrick White	Proof Positive	http://gutenberg.net.au/ebooks11/1100361.txt http://gutenberg.net.au/ebooks11/1100361h.html
110035	Fred Merrick White	The Pawn and the Rook	http://gutenberg.net.au/ebooks11/1100351.txt http://gutenberg.net.au/ebooks11/1100351h.html
110034	Fred Merrick White	The Man who Rang the Bell	http://gutenberg.net.au/ebooks11/1100341.txt http://gutenberg.net.au/ebooks11/1100341h.html
110033	Fred Merrick White	The Foil	http://gutenberg.net.au/ebooks11/1100331.txt http://gutenberg.net.au/ebooks11/1100331h.html
110032	Fred Merrick White	The Convict	http://gutenberg.net.au/ebooks11/1100321.txt http://gutenberg.net.au/ebooks11/1100321h.html
110031	Fred Merrick White	On Peace Night	http://gutenberg.net.au/ebooks11/1100311.txt http://gutenberg.net.au/ebooks11/1100311h.html
110030	Fred Merrick White	His Majesty's Mails	http://gutenberg.net.au/ebooks11/1100301.txt http://gutenberg.net.au/ebooks11/1100301h.html
110029	Fred Merrick White	And This is Fame	http://gutenberg.net.au/ebooks11/1100291.txt http://gutenberg.net.au/ebooks11/1100291h.html
110028	Fred Merrick White	A Dog's Life	http://gutenberg.net.au/ebooks11/1100281.txt http://gutenberg.net.au/ebooks11/1100281h.html
110027	Fred Merrick White	A Bootless Errand	http://gutenberg.net.au/ebooks11/1100271.txt http://gutenberg.net.au/ebooks11/1100271h.html
110026	Fred Merrick White	The Platinum Chain	http://gutenberg.net.au/ebooks11/1100261.txt http://gutenberg.net.au/ebooks11/1100261h.html
110025	Fred Merrick White	The Pardon	http://gutenberg.net.au/ebooks11/1100251.txt http://gutenberg.net.au/ebooks11/1100251h.html
110024	Fred Merrick White	The Grey Bat	http://gutenberg.net.au/ebooks11/1100241.txt http://gutenberg.net.au/ebooks11/1100241h.html
110023	Fred Merrick White	The Blindworm	http://gutenberg.net.au/ebooks11/1100231.txt http://gutenberg.net.au/ebooks11/1100231h.html
110022	Fred Merrick White	Judgment Reserved	http://gutenberg.net.au/ebooks11/1100221.txt http://gutenberg.net.au/ebooks11/1100221h.html
110021	Fred Merrick White	Early Closing Day	http://gutenberg.net.au/ebooks11/1100211.txt http://gutenberg.net.au/ebooks11/1100211h.html
110020	J J Bell	Wee Macgreegor	http://gutenberg.net.au/ebooks11/1100201.txt http://gutenberg.net.au/ebooks11/1100201h.html
110019	Sylvanus Cobb	Atholbane	http://gutenberg.net.au/ebooks11/1100191.txt
110018	Sylvanus Cobb	The Smuggler's Ward	http://gutenberg.net.au/ebooks11/1100181.txt
110017	Sylvanus Cobb	Collected Stories Series 1	http://gutenberg.net.au/ebooks11/1100171.txt
110016	Katharine Tynan	The Ugly Duckling	http://gutenberg.net.au/ebooks11/1100161.txt http://gutenberg.net.au/ebooks11/1100161h.html
110015	Katharine Tynan	The Gentlemen in Possession	http://gutenberg.net.au/ebooks11/1100151.txt http://gutenberg.net.au/ebooks11/1100151h.html
110014	A E W Mason	The Schoolmaster and Felicia	http://gutenberg.net.au/ebooks11/1100141.txt http://gutenberg.net.au/ebooks11/1100141h.html
110013	Fred Merrick White	The Guiding Star	http://gutenberg.net.au/ebooks11/1100131.txt http://gutenberg.net.au/ebooks11/1100131h.html
110012	Fred Merrick White	The Joinville Tunnel	http://gutenberg.net.au/ebooks11/1100121.txt http://gutenberg.net.au/ebooks11/1100121h.html
110011	Fred Merrick White	The Orpheusia	http://gutenberg.net.au/ebooks11/1100111.txt http://gutenberg.net.au/ebooks11/1100111h.html
110010	Fred Merrick White	The Stranger Within the Gate	http://gutenberg.net.au/ebooks11/1100101.txt http://gutenberg.net.au/ebooks11/1100101h.html
110009	Fred Merrick White	The White Spot	http://gutenberg.net.au/ebooks11/1100091.txt http://gutenberg.net.au/ebooks11/1100091h.html
110008	Fred Merrick White	Ice in June	http://gutenberg.net.au/ebooks11/1100081.txt http://gutenberg.net.au/ebooks11/1100081h.html
110007	Fred Merrick White	The Councillors of Falconhoe	http://gutenberg.net.au/ebooks11/1100071.txt http://gutenberg.net.au/ebooks11/1100071h.html
110006	Fred Merrick White	The Ends Of Justice	http://gutenberg.net.au/ebooks11/1100061.txt http://gutenberg.net.au/ebooks11/1100061h.html
110005	Fred Merrick White	The Five Knots	http://gutenberg.net.au/ebooks11/1100051.txt http://gutenberg.net.au/ebooks11/1100051h.html
110004	Fred Merrick White	The Golden Rose	http://gutenberg.net.au/ebooks11/1100041.txt http://gutenberg.net.au/ebooks11/1100041h.html
110003	A Manual of the Pwo Karen Dialect,Charles H Duffin		http://gutenberg.net.au/ebooks11/1100031p.html
110002	Elizabeth Von Arnim	Mr Skeffington	http://gutenberg.net.au/ebooks11/1100021.txt http://gutenberg.net.au/ebooks11/1100021h.html
110001	Grant Allen	Charles Darwin	http://gutenberg.net.au/ebooks11/1100011.txt http://gutenberg.net.au/ebooks11/1100011h.html
100091	Frank L Packard	On the Iron at Big Cloud	http://gutenberg.net.au/ebooks10/1000911h.html
100090	Louis Couperus	Footsteps of Fate	http://gutenberg.net.au/ebooks10/1000901.txt http://gutenberg.net.au/ebooks10/1000901h.html
100089	Bernard Capes	The Will and The Way	http://gutenberg.net.au/ebooks10/1000891.txt
100088	Fred Merrick White	The Weight of the Crown	http://gutenberg.net.au/ebooks10/1000881.txt http://gutenberg.net.au/ebooks10/1000881h.html
100087	Raden A Kartini	Letters of a Javanese Princess	http://gutenberg.net.au/ebooks10/1000871.txt http://gutenberg.net.au/ebooks10/1000871h.html
100086	James Hilton	Nothing So Strange	http://gutenberg.net.au/ebooks10/1000861.txt http://gutenberg.net.au/ebooks10/1000861h.html
100085	Arthur Gask	The Lonely House	http://gutenberg.net.au/ebooks10/1000851.txt http://gutenberg.net.au/ebooks10/1000851h.html
100084	John Trevena	Furze the Cruel	http://gutenberg.net.au/ebooks10/1000841.txt http://gutenberg.net.au/ebooks10/1000841h.html
100083	Ernest Favenc	A Romance of Kangaroo Point	http://gutenberg.net.au/ebooks10/1000831.txt http://gutenberg.net.au/ebooks10/1000831h.html
100082	Frank L Packard	Pawned	http://gutenberg.net.au/ebooks10/1000821h.html
100081	Arthur Morrison	A Burgling Incident	http://gutenberg.net.au/ebooks10/1000811.txt http://gutenberg.net.au/ebooks10/1000811h.html
100080	Fred Merrick White	The Second Chapter	http://gutenberg.net.au/ebooks10/1000801.txt http://gutenberg.net.au/ebooks10/1000801h.html
100079	Fred Merrick White	The Mystery of Room Five	http://gutenberg.net.au/ebooks10/1000791.txt http://gutenberg.net.au/ebooks10/1000791h.html
100078	Fred Merrick White	The Master's Voice	http://gutenberg.net.au/ebooks10/1000781.txt http://gutenberg.net.au/ebooks10/1000781h.html
100077	Fred Merrick White	The Case for the Prisoner	http://gutenberg.net.au/ebooks10/1000771.txt http://gutenberg.net.au/ebooks10/1000771h.html
100076	Fred Merrick White	For Once in a Way	http://gutenberg.net.au/ebooks10/1000761.txt http://gutenberg.net.au/ebooks10/1000761h.html
100075	Fred Merrick White	Coralie and the Pearls	http://gutenberg.net.au/ebooks10/1000751.txt http://gutenberg.net.au/ebooks10/1000751h.html
100074	Fred Merrick White	An Eye for an Eye	http://gutenberg.net.au/ebooks10/1000741.txt http://gutenberg.net.au/ebooks10/1000741h.html
100073	Fred Merrick White	A Call on the Phone	http://gutenberg.net.au/ebooks10/1000731.txt http://gutenberg.net.au/ebooks10/1000731h.html
100072	Percy Andreae	The Vanished Emperor	http://gutenberg.net.au/ebooks10/1000721.txt http://gutenberg.net.au/ebooks10/1000721h.html
100071	Richard Doddridge Blackmore	Christowell	http://gutenberg.net.au/ebooks10/1000711h.html
100070	Richard Doddridge Blackmore	The Maid of Sker	http://gutenberg.net.au/ebooks10/1000701h.html
100069	Frank L Packard	The Night Operator	http://gutenberg.net.au/ebooks10/1000691h.html
100068	Rafael Sabatini	The Romantic Prince	http://gutenberg.net.au/ebooks10/1000681h.html
100067	Theodore Dresiser	Free and Other Stories	http://gutenberg.net.au/ebooks10/1000671h.html
100066	Warwick Deeping	The Impudence of Youth	http://gutenberg.net.au/ebooks10/1000661h.html
100065	Frank L Packard	The Sin that was His	http://gutenberg.net.au/ebooks10/1000651h.html
100064	Fred Merrick White	The Sentence of the Court	http://gutenberg.net.au/ebooks10/1000641.txt http://gutenberg.net.au/ebooks10/1000641h.html
100063	Harold Bindloss	The Honour Of His House	http://gutenberg.net.au/ebooks10/1000631.txt http://gutenberg.net.au/ebooks10/1000631h.html
100062	Fred Merrick White	A Mummer's Throne	http://gutenberg.net.au/ebooks10/1000621.txt http://gutenberg.net.au/ebooks10/1000621h.html
100061	John Trevena	By Violence	http://gutenberg.net.au/ebooks10/1000611.txt http://gutenberg.net.au/ebooks10/1000611h.html
100060	Harold Bindloss	How They Took The Olga Out	http://gutenberg.net.au/ebooks10/1000601.txt http://gutenberg.net.au/ebooks10/1000601h.html
100059	Fred Merrick White	The Scales of Justice	http://gutenberg.net.au/ebooks10/1000591.txt http://gutenberg.net.au/ebooks10/1000591h.html
100058	Fred Merrick White	The Honour of His House	http://gutenberg.net.au/ebooks10/1000581.txt http://gutenberg.net.au/ebooks10/1000581h.html
100057	Katharine Tynan	The Lost Angel	http://gutenberg.net.au/ebooks10/1000571.txt http://gutenberg.net.au/ebooks10/1000571h.html
100056	Katharine Tynan	The Heart of A Grand-father	http://gutenberg.net.au/ebooks10/1000561.txt http://gutenberg.net.au/ebooks10/1000561h.html
100055	Vernon Houseman	An Eye for an Eye	http://gutenberg.net.au/ebooks10/1000551.txt http://gutenberg.net.au/ebooks10/1000551h.html
100054	The Wyvern Mystery (Vol 3),Joseph Sheridan Le Fanu		http://gutenberg.net.au/ebooks10/1000541.txt
100053	Rainer Maria Rilke	Die Sonette an Orpheus	http://gutenberg.net.au/ebooks10/1000531.txt http://gutenberg.net.au/ebooks10/1000531h.html
100052	Fred Merrick White	A Clue in Wax	http://gutenberg.net.au/ebooks10/1000521.txt http://gutenberg.net.au/ebooks10/1000521h.html
100051	John Sandes	The Call of the Southern Cross	http://gutenberg.net.au/ebooks10/1000511.txt http://gutenberg.net.au/ebooks10/1000511.html
100050	Warwick Deeping	Smith	http://gutenberg.net.au/ebooks10/1000501.txt http://gutenberg.net.au/ebooks10/1000501h.html
100049	Fred Merrick White	The Man Called Gilray	http://gutenberg.net.au/ebooks10/1000491.txt http://gutenberg.net.au/ebooks10/1000491h.html
100048	John Sandes	Designing Fate	http://gutenberg.net.au/ebooks10/1000481.txt http://gutenberg.net.au/ebooks10/1000481h.html
100047	John Sandes	A Bush Bayard	http://gutenberg.net.au/ebooks10/1000471.txt http://gutenberg.net.au/ebooks10/1000471h.html
100046	William Harrison Ainsworth	The Miser's Daughter	http://gutenberg.net.au/ebooks10/1000461.txt http://gutenberg.net.au/ebooks10/1000461h.html
100045	Fred Merrick White	Hard Pressed	http://gutenberg.net.au/ebooks10/1000451.txt http://gutenberg.net.au/ebooks10/1000451h.html
100044	The Mystery of the Four Fingers,Fred Merrick White		http://gutenberg.net.au/ebooks10/1000441.txt http://gutenberg.net.au/ebooks10/1000441h.html
100431	Fred Merrick White	The Crimson Blind	http://gutenberg.net.au/ebooks10/1000431.txt http://gutenberg.net.au/ebooks10/1000431h.html
100042	Fred Merrick White	The Slave of Silence	http://gutenberg.net.au/ebooks10/1000421.txt http://gutenberg.net.au/ebooks10/1000421h.html
100041	Fred Merrick White	A Rope of Snow	http://gutenberg.net.au/ebooks10/1000411.txt http://gutenberg.net.au/ebooks10/1000411h.html
100040	Fred Merrick White	The Man who was Two	http://gutenberg.net.au/ebooks10/1000401.txt http://gutenberg.net.au/ebooks10/1000401h.html
100039	William Draper	The Hermit Convict	http://gutenberg.net.au/ebooks10/1000391.txt http://gutenberg.net.au/ebooks10/1000391h.html
100038	Warwick Deeping	Kitty	http://gutenberg.net.au/ebooks10/1000381.txt http://gutenberg.net.au/ebooks10/1000381h.html
100037	Richard Doddridge Blackmore	Lorna Doone	http://gutenberg.net.au/ebooks10/100371.txt http://gutenberg.net.au/ebooks10/100371h.html
100036	Richard Doddridge Blackmore	Cripps the Carrier	http://gutenberg.net.au/ebooks10/1000361.txt http://gutenberg.net.au/ebooks10/1000361h.html
100035	E H Broadbent	The Pilgrim Church	http://gutenberg.net.au/ebooks10/1000351.txt http://gutenberg.net.au/ebooks10/1000351h.html
100034	Fred Merrick White	The Leopard's Spots	http://gutenberg.net.au/ebooks10/1000341.txt http://gutenberg.net.au/ebooks10/1000341h.html
100033	Fred Merrick White	The Empty House	http://gutenberg.net.au/ebooks10/1000331.txt http://gutenberg.net.au/ebooks10/1000331h.html
100032	Fred Merrick White	The Corner House	http://gutenberg.net.au/ebooks10/1000321.txt http://gutenberg.net.au/ebooks10/1000321h.html
100031	Katharine Tynan	The Lost Galleon	http://gutenberg.net.au/ebooks10/1000311.txt http://gutenberg.net.au/ebooks10/1000311h.html
100030	Fred Merrick White	The Case for the Crown	http://gutenberg.net.au/ebooks10/1000301.txt http://gutenberg.net.au/ebooks10/1000301h.html
100029	Warwick Deeping	Mr Gurney and Mr Slade	http://gutenberg.net.au/ebooks10/1000291.txt http://gutenberg.net.au/ebooks10/1000291h.html
100028	E Phillips Oppenheim	Harvey Garrard's Crime	http://gutenberg.net.au/ebooks10/1000281.txt http://gutenberg.net.au/ebooks10/1000281h.html
100027	E Phillips Oppenheim	Gabriel Samara	http://gutenberg.net.au/ebooks10/1000271.txt http://gutenberg.net.au/ebooks10/1000271h.html
100026	Katharine Tynan	The House in the Forest	http://gutenberg.net.au/ebooks10/1000261.txt http://gutenberg.net.au/ebooks10/1000261h.html
100025	Katharine Tynan	Michael Godwin's Xmas Box	http://gutenberg.net.au/ebooks10/1000251.txt http://gutenberg.net.au/ebooks10/1000251h.html
100024	Fred Merrick White	The Law of the Land	http://gutenberg.net.au/ebooks10/1000241.txt http://gutenberg.net.au/ebooks10/1000241h.html
100023	Fred Merrick White	A Front of Brass	http://gutenberg.net.au/ebooks10/1000231.txt http://gutenberg.net.au/ebooks10/1000231h.html
100022	Fred Merrick White	A Secret Service	http://gutenberg.net.au/ebooks10/1000221.txt http://gutenberg.net.au/ebooks10/1000221h.html
100021	Fred Merrick White	The Red Speck	http://gutenberg.net.au/ebooks10/1000211h.html
100020	Edgar Wallace	Bones of the River	http://gutenberg.net.au/ebooks10/1000201.txt http://gutenberg.net.au/ebooks10/1000201h.html
100019	James Hilton	Contango	http://gutenberg.net.au/ebooks10/1000191.txt http://gutenberg.net.au/ebooks10/1000191h.html
100018	R Austin Freeman	Dr Thorndyke Intervenes	http://gutenberg.net.au/ebooks10/1000181.txt http://gutenberg.net.au/ebooks10/1000181h.html
100017	R Austin Freeman	Dr. Thorndyke's Crime File	http://gutenberg.net.au/ebooks10/1000171.txt http://gutenberg.net.au/ebooks10/1000171h.html
100016	R Austin Freeman	The Uttermost Farthing	http://gutenberg.net.au/ebooks10/1000161.txt http://gutenberg.net.au/ebooks10/1000161h.html
100015	R Austin Freeman	Dr Thorndyke Investigates	http://gutenberg.net.au/ebooks10/1000151.txt http://gutenberg.net.au/ebooks10/1000151h.html
100014	Robert Ervin Howard	The Garden of Fear	http://gutenberg.net.au/ebooks10/1000141h.html
100013	Warwick Deeping	The Road	http://gutenberg.net.au/ebooks10/1000131.txt http://gutenberg.net.au/ebooks10/1000131h.html
100012	R Austin Freeman	The Mystery of Angelina Frood	http://gutenberg.net.au/ebooks10/1000121.txt http://gutenberg.net.au/ebooks10/1000121h.html
100011	Rafael Sabatini	The Fortunes of Captain Blood	http://gutenberg.net.au/ebooks10/1000111.txt http://gutenberg.net.au/ebooks10/1000111h.html
100010	Hulbert Footner	Madame Storey Intervenes	http://gutenberg.net.au/ebooks10/1000101.txt http://gutenberg.net.au/ebooks10/1000101h.html
100009	Hulbert Footner	Madame Storey's Way	http://gutenberg.net.au/ebooks10/1000091.txt http://gutenberg.net.au/ebooks10/1000091h.html
100008	Rafael Sabatini	The King's Messenger	http://gutenberg.net.au/ebooks10/1000081.txt
100007	Sinclair Lewis	Main Street	http://gutenberg.net.au/ebooks10/1000071.txt http://gutenberg.net.au/ebooks10/1000071h.html
100006	Sinclair Lewis	Babbitt	http://gutenberg.net.au/ebooks10/1000061.txt http://gutenberg.net.au/ebooks10/1000061h.html
100005	James Hilton	Knight Without Armour	http://gutenberg.net.au/ebooks10/1000051.txt http://gutenberg.net.au/ebooks10/1000051h.html
100004	E Phillips Oppenheim	The Great Impersonation	http://gutenberg.net.au/ebooks10/1000041.txt http://gutenberg.net.au/ebooks10/1000041h.html
100003	James Hilton	To You Mr Chips	http://gutenberg.net.au/ebooks10/1000031.txt http://gutenberg.net.au/ebooks10/1000031h.html
100002	E Phillips Oppenheim	Murder at Monte Carlo	http://gutenberg.net.au/ebooks10/1000021.txt http://gutenberg.net.au/ebooks10/1000021h.html
100001	Arthur Ponsonby	Falsehood in War-time	http://gutenberg.net.au/ebooks10/1000011.txt
090108	James Hilton	And Now Goodbye	http://gutenberg.net.au/ebooks09/0901081.txt http://gutenberg.net.au/ebooks09/0901081h.html
090107	Edward Palmer	Early Days in North Queensland	http://gutenberg.net.au/ebooks09/0901071.txt http://gutenberg.net.au/ebooks09/0901071h.html
090106	Zane Grey	Ken Ward in the Jungle	http://gutenberg.net.au/ebooks09/0901061.txt http://gutenberg.net.au/ebooks09/0901061h.html
090105	Marjorie Bowen	God and the King	http://gutenberg.net.au/ebooks09/0901051.txt http://gutenberg.net.au/ebooks09/0901051h.html
090104	Marjorie Bowen	I Will Maintain	http://gutenberg.net.au/ebooks09/0901041.txt http://gutenberg.net.au/ebooks09/0901041h.html
090103	Sapper	Bulldog Drummond at Bay	http://gutenberg.net.au/ebooks09/0901031h.html
090102	Marjorie Bowen	Prince and Heretic	http://gutenberg.net.au/ebooks09/0901021.txt http://gutenberg.net.au/ebooks09/0901021h.html
090005	J Wade	A Vocabulary of the Sgau Karen Language	http://gutenberg.net.au/ebooks09/0900051p.pdf or .doc
090101	J Wade	A Dictionary of the Sgau Karen Language	http://gutenberg.net.au/ebooks09/0901011p.pdf or .doc
090100	P C Wren	Beau Ideal	http://gutenberg.net.au/ebooks09/0901001.txt http://gutenberg.net.au/ebooks09/0901001h.html
090099	James Hilton	The Story of Dr. Wassell	http://gutenberg.net.au/ebooks09/0900991.txt http://gutenberg.net.au/ebooks09/0900991h.html
090098	Joseph Sheridan Le Fanu	The Wyvern Mystery Vol 2	http://gutenberg.net.au/ebooks09/0900981.txt
090097	Joseph Sheridan Le Fanu	The Wyvern Mystery Vol 1	http://gutenberg.net.au/ebooks09/0900971.txt
090096	Robert Ames Bennet	The Desert Girl	http://gutenberg.net.au/ebooks09/0900961.txt
090095	M R James	Canon Alberic's Scrap-book	http://gutenberg.net.au/ebooks09/0900951.txt
090094	M R James	The Five Jars	http://gutenberg.net.au/ebooks09/0900941.txt
090093	M R James	Lost Hearts	http://gutenberg.net.au/ebooks09/0900931.txt
090092	Frederick Philip Grove	The Yoke of Life	http://gutenberg.net.au/ebooks09/0900921.txt
090091	Flora Jane Thompson	Lark Rise to Candleford	http://gutenberg.net.au/ebooks09/0900911.txt
090090	Flora Jane Thompson	Still Glides the Stream	http://gutenberg.net.au/ebooks09/0900901.txt
090089	Jeffery Farnol	The Loring Mystery	http://gutenberg.net.au/ebooks09/0900891.txt
090088	Jeffery Farnol	The Quest of Youth	http://gutenberg.net.au/ebooks09/0900881.txt
090087	Jeffery Farnol	Adam Penfeather	http://gutenberg.net.au/ebooks09/0900871.txt
090086	R A J Walling	The Corpse in the Crimson Slippers	http://gutenberg.net.au/ebooks09/0900861.txt http://gutenberg.net.au/ebooks09/0900861h.html
090085	Herbert Strang	A Thousand Miles an Hour	http://gutenberg.net.au/ebooks09/0900851.txt http://gutenberg.net.au/ebooks09/0900851h.html
090084	Edgar Wallace	Sandi the King-maker	http://gutenberg.net.au/ebooks09/0900841.txt http://gutenberg.net.au/ebooks09/0900841h.html
090083	Edgar Wallace	The Calendar	http://gutenberg.net.au/ebooks09/0900831.txt http://gutenberg.net.au/ebooks09/0900831h.html
090082	Mark Twain	Mark Twain Newspaper Correspondent	http://gutenberg.net.au/ebooks09/0900821.txt http://gutenberg.net.au/ebooks09/0900821h.html
090081	Josephine Tey	Kif: An Unvarnished History	http://gutenberg.net.au/ebooks09/0900811.txt http://gutenberg.net.au/ebooks09/0900811h.html
090080	Marjorie Bowen	The King's Favourite	http://gutenberg.net.au/ebooks09/0900801.txt http://gutenberg.net.au/ebooks09/0900801h.html
090079	Marjorie Bowen	Forget-Me-Not	http://gutenberg.net.au/ebooks09/0900791.txt http://gutenberg.net.au/ebooks09/0900791h.html
090078	Alonzo King	Memoir of George Dana Boardman	http://gutenberg.net.au/ebooks09/0900781.txt
080135	Alonzo Bunker	Sketches from the Karen Hills	http://gutenberg.net.au/ebooks08/0801351h.html
090077	Francis Mason	The Story of a Working Man's Life	http://gutenberg.net.au/ebooks09/0900771.txt http://gutenberg.net.au/ebooks09/0900771h.html
090076	Josephine Tey	The Man in the Queue	http://gutenberg.net.au/ebooks09/0900761.txt http://gutenberg.net.au/ebooks09/0900761h.html
090075	G K Chesterton	Lord Kitchener	http://gutenberg.net.au/ebooks09/0900751.txt http://gutenberg.net.au/ebooks09/0900751h.html
090074	G K Chesterton	As I Was Saying	http://gutenberg.net.au/ebooks09/0900741.txt http://gutenberg.net.au/ebooks09/0900741h.html
090073	G K Chesterton	The Sword of Wood	http://gutenberg.net.au/ebooks09/0900731.txt http://gutenberg.net.au/ebooks09/0900731h.html
090072	G K Chesterton	Milton: Man and Poet	http://gutenberg.net.au/ebooks09/0900721.txt http://gutenberg.net.au/ebooks09/0900721h.html
090071	G K Chesterton	The Poet and The Lunatics	http://gutenberg.net.au/ebooks09/0900711.txt http://gutenberg.net.au/ebooks09/0900711h.html
090070	Miles Franklin	Cockatoos	http://gutenberg.net.au/ebooks09/0900701.txt http://gutenberg.net.au/ebooks09/0900701h.html
090069	Herbert Strang	Swift and Sure	http://gutenberg.net.au/ebooks09/0900691.txt
060114	Robert Logan Jack	Northmost Australia	http://gutenberg.net.au/ebooks06/0601141h.html
090068	Ethel C Pedley	Dot and the Kangaroo	http://gutenberg.net.au/ebooks09/0900681h.html
090067	Sapper	Tiny Carteret	http://gutenberg.net.au/ebooks09/0900671.txt http://gutenberg.net.au/ebooks09/0900671h.html
090066	Herbert Strang	The Cruise of the Gyro Car	http://gutenberg.net.au/ebooks09/0900661.txt
090065	Wallace	Circumstantial Evidence and Other Stories	http://gutenberg.net.au/ebooks09/0900651.txt http://gutenberg.net.au/ebooks09/0900651h.html
090059	A Lady	The Angel of The Desert and Other Poems	http://gutenberg.net.au/ebooks09/0900591.txt
090064	Talbot Mundy	The Nine Unknown	http://gutenberg.net.au/ebooks09/0900641.txt http://gutenberg.net.au/ebooks09/0900641h.html
090063	G K Chesterton	Robert Louis Stevenson	http://gutenberg.net.au/ebooks09/0900631.txt http://gutenberg.net.au/ebooks09/0900631h.html
090062	G K Chesterton	Leo Tolstoy	http://gutenberg.net.au/ebooks09/0900621.txt http://gutenberg.net.au/ebooks09/0900621h.html
090061	G K Chesterton	St Francis of Assisi	http://gutenberg.net.au/ebooks09/0900611.txt http://gutenberg.net.au/ebooks09/0900611h.html
090060	Allan Macpherson	Mount Abundance	http://gutenberg.net.au/ebooks09/0900601.txt http://gutenberg.net.au/ebooks09/0900601h.html
090059	A Lady	The Angel of The Desert and Other Poems	http://gutenberg.net.au/ebooks09/0900591.txt
090058	M Bowen	The Bishop of Hell and Other Stories	http://gutenberg.net.au/ebooks09/0900581.txt http://gutenberg.net.au/ebooks09/0900581h.html
090057	M Bowen	The Last Bouquet: Some Twilight Tales	http://gutenberg.net.au/ebooks09/0900571.txt http://gutenberg.net.au/ebooks09/0900571h.html
090056	Marjorie Bowen	Collected Twilight Stories Vol. I	http://gutenberg.net.au/ebooks09/0900561.txt http://gutenberg.net.au/ebooks09/0900561h.html
090055	R A J Walling	The Man with the Squeaky Voice	http://gutenberg.net.au/ebooks09/0900551.txt http://gutenberg.net.au/ebooks09/0900551h.html
090054	Robert A Bennet	Thyra: A Romance of the Polar Pit	http://gutenberg.net.au/ebooks09/0900541.txt http://gutenberg.net.au/ebooks09/0900541h.html
090053	Marjorie Bowen	Dickon	http://gutenberg.net.au/ebooks09/0900531.txt http://gutenberg.net.au/ebooks09/0900531h.html
090052	Talbot Mundy	The Mystery of Khufu's Tomb	http://gutenberg.net.au/ebooks09/0900521.txt http://gutenberg.net.au/ebooks09/0900521h.html
090051	H Freeman Wood	The Passenger from Scotland Yard	http://gutenberg.net.au/ebooks09/0900511.txt
090050	Marjorie Bowen	Dark Rosaleen	http://gutenberg.net.au/ebooks09/0900501.txt http://gutenberg.net.au/ebooks09/0900501h.html
090049	C H Carpenter	Self-support	http://gutenberg.net.au/ebooks09/0900491.txt http://gutenberg.net.au/ebooks09/0900491h.html
090048	Edward Norman Harris	A Star in the East	http://gutenberg.net.au/ebooks09/0900481.txt http://gutenberg.net.au/ebooks09/0900481h.html
080006	Harry Ignatius Marshall	The Karen People of Burma	http://gutenberg.net.au/ebooks08/0800061h.html
080005	San C Po	Burma and the Karens	http://gutenberg.net.au/ebooks08/0800051h.html
090047	Mrs Mason	Civilizing Mountain Men	http://gutenberg.net.au/ebooks09/0900471.txt
090046	Marjorie Bowen	Because of These Things	http://gutenberg.net.au/ebooks09/0900461.txt http://gutenberg.net.au/ebooks09/0900461h.html
090045	J S Le Fanu	Madam Crowl's Ghost and Other Tales	http://gutenberg.net.au/ebooks09/0900451.txt http://gutenberg.net.au/ebooks09/0900451h.html
090044	G K Chesterton	William Cobbett	http://gutenberg.net.au/ebooks09/0900441.txt http://gutenberg.net.au/ebooks09/0900441h.html
090043	G K Chesterton	Charles Dickens	http://gutenberg.net.au/ebooks09/0900431.txt http://gutenberg.net.au/ebooks09/0900431h.html
090042	Marjorie Bowen	The Quest of Glory	http://gutenberg.net.au/ebooks09/0900421.txt http://gutenberg.net.au/ebooks09/0900421h.html
090041	Marjorie Bowen	The Master of Stair	http://gutenberg.net.au/ebooks09/0900411.txt http://gutenberg.net.au/ebooks09/0900411h.html
090040	G K Chesterton	The Return of Don Quixote	http://gutenberg.net.au/ebooks09/0900401.txt http://gutenberg.net.au/ebooks09/0900401h.html
090039	D H Lawrence	Mornings in Mexico	http://gutenberg.net.au/ebooks09/0900391.txt http://gutenberg.net.au/ebooks09/0900391h.html
090038	D H Lawrence	Etruscan Places	http://gutenberg.net.au/ebooks09/0900381.txt http://gutenberg.net.au/ebooks09/0900381h.html
090037	Tarzan and the Twins with Jad-bal-ja,E R Burroughs		http://gutenberg.net.au/ebooks09/0900371h.html
090036	Mrs Allan Macpherson	My Experiences in Australia	http://gutenberg.net.au/ebooks09/0900361.txt http://gutenberg.net.au/ebooks09/0900361h.html
090035	Josephine Tey	The Singing Sands	http://gutenberg.net.au/ebooks09/0900351.txt http://gutenberg.net.au/ebooks09/0900351h.html
090034	Gordon Daviot	Richard Of Bordeaux	http://gutenberg.net.au/ebooks09/0900341.txt http://gutenberg.net.au/ebooks09/0900341h.html
090033	Josephine Tey	The Expensive Halo	http://gutenberg.net.au/ebooks09/0900331.txt http://gutenberg.net.au/ebooks09/0900331h.html
090032	D H Lawrence	Birds Beasts and Flowers	http://gutenberg.net.au/ebooks09/0900321.txt
090031	John Buchan	Twelve Short Stories	http://gutenberg.net.au/ebooks09/0900311.txt http://gutenberg.net.au/ebooks09/0900311h.html
090030	Edgar Wallace	The India-rubber Men	http://gutenberg.net.au/ebooks09/0900301.txt http://gutenberg.net.au/ebooks09/0900301h.html
090029	Edgar Wallace	The Frightened Lady	http://gutenberg.net.au/ebooks09/0900291.txt http://gutenberg.net.au/ebooks09/0900291h.html
090028	Miles Franklin	My Career Goes Bung	http://gutenberg.net.au/ebooks09/0900281.txt http://gutenberg.net.au/ebooks09/0900281h.html
090027	Josephine Tey	The Daughter of Time	http://gutenberg.net.au/ebooks09/0900271.txt http://gutenberg.net.au/ebooks09/0900271h.html
090026	Mayne Reid	The Headless Horseman	http://gutenberg.net.au/ebooks09/0900261.txt http://gutenberg.net.au/ebooks09/0900261h.html
090025	Walter N Wyeth	The Wades; a memorial	http://gutenberg.net.au/ebooks09/0900251.txt http://gutenberg.net.au/ebooks09/0900251h.html
090024	Calista V Luther	The Vintons and the Karens	http://gutenberg.net.au/ebooks09/0900241.txt http://gutenberg.net.au/ebooks09/0900241h.html
090023	Edward E Morris	A Dictionary of Austral English	http://gutenberg.net.au/ebooks09/0900231.txt http://gutenberg.net.au/ebooks09/0900231h.html
090022	Alonzo Bunker	Soo Thah	http://gutenberg.net.au/ebooks09/0900221.txt http://gutenberg.net.au/ebooks09/0900221h.html
090021	Ellen B Mason	Tounghoo Women	http://gutenberg.net.au/ebooks09/0900211.txt
090020	A grammar of the Sgaw Karen,David Chandler Gilmore		http://gutenberg.net.au/ebooks09/0900201p.pdf
090019	Spotswood	Voyage of Will Rogers to the South Pole	http://gutenberg.net.au/ebooks09/0900191.txt
090018	Edgar Wallace	The Fellowship of the Frog	http://gutenberg.net.au/ebooks09/0900181.txt http://gutenberg.net.au/ebooks09/0900181h.html
090017	Samuel Mullen	The Battle of Mordialloc	http://gutenberg.net.au/ebooks09/0900171.txt
090016	Historical Sketch of the Two Synagogues,M Brodzky		http://gutenberg.net.au/ebooks09/0900161p.pdf
030081	Katherine Mayo	Mother India	http://gutenberg.net.au/ebooks03/0300811h.html
030061	Birds and Beasts of the Greek Anthology by Douglas		http://gutenberg.net.au/ebooks03/0300611h.html
090015	Herbert Jenkins	Mrs Bindle	http://gutenberg.net.au/ebooks09/0900151.txt
090014	Miles Franklin	Gentlemen at Gyang Gyang	http://gutenberg.net.au/ebooks09/0900141.txt http://gutenberg.net.au/ebooks09/0900141h.html
090013	Hiram Percy Maxim	A Genius in the Family	http://gutenberg.net.au/ebooks09/0900131.txt
090012	Matthew Flinders	Observations on the Coasts	http://gutenberg.net.au/ebooks09/0900121.txt http://gutenberg.net.au/ebooks09/0900121h.html http://gutenberg.net.au/ebooks09/0900121p.pdf
090011	Erle Cox	Fools' Harvest	http://gutenberg.net.au/ebooks09/0900111.txt http://gutenberg.net.au/ebooks09/0900111h.html
090010	Herbert Jenkins	The Bindles on the Rocks	http://gutenberg.net.au/ebooks09/0900101.txt http://gutenberg.net.au/ebooks09/0900101h.html
090009	Ida Lee	The Coming of the British to Australia	http://gutenberg.net.au/ebooks09/0900091.txt http://gutenberg.net.au/ebooks09/0900091h.html
090008	Edgar Wallace	Bosambo of the River	http://gutenberg.net.au/ebooks09/0900081.txt http://gutenberg.net.au/ebooks09/0900081h.html
090007	Edgar Wallace	Lieutenant Bones	http://gutenberg.net.au/ebooks09/0900071.txt http://gutenberg.net.au/ebooks09/0900071h.html
090006	The Karen Apostle or Memoir of Ko Thah-Byu,F Mason		http://gutenberg.net.au/ebooks09/0900061.txt http://gutenberg.net.au/ebooks09/0900061h.html
090005	J Wade	A Vocabulary of the Sgau Karen Language	http://gutenberg.net.au/ebooks09/0900051p.pdf
090004	Rainer Maria Rilke	Letters to a Young Woman	http://gutenberg.net.au/ebooks09/0900041h.html
090003	Edgar Wallace	The Green Archer	http://gutenberg.net.au/ebooks09/0900031h.html
090002	D H Lawrence	Sea and Sardinia	http://gutenberg.net.au/ebooks09/0900021.txt
090001	H Stevens	New Light on the Discovery of Australia	http://gutenberg.net.au/ebooks09/0900011h.html
080141	Hulbert Footner	Thieves' Wit	http://gutenberg.net.au/ebooks08/0801411h.html
080140	Hulbert Footner	Murder Runs in the Family	http://gutenberg.net.au/ebooks08/0801401.txt http://gutenberg.net.au/ebooks08/0801401h.html
080139	Casanova's Alibi and Other Stories,Rafael Sabatini		http://gutenberg.net.au/ebooks08/0801391.txt http://gutenberg.net.au/ebooks08/0801391h.html
080138	Max Brand	The Hair-Trigger Kid	http://gutenberg.net.au/ebooks08/0801381.txt http://gutenberg.net.au/ebooks08/0801381h.html
080137	R Sabatini	The Plague of Ghosts and Other Stories	http://gutenberg.net.au/ebooks08/0801371.txt http://gutenberg.net.au/ebooks08/0801371h.html
080136	John Buchan	The Courts of the Morning	http://gutenberg.net.au/ebooks08/0801361.txt http://gutenberg.net.au/ebooks08/0801361h.html
080135	Alonzo Bunker	Sketches from the Karen Hills	http://gutenberg.net.au/ebooks08/0801351.txt
080134	Jonathan Wade	Anglo-Karen Dictionary	http://gutenberg.net.au/ebooks08/0801341p.pdf
080133	James H Tuckey	A Voyage to Establish a Colony	http://gutenberg.net.au/ebooks08/0801331.txt
080132	Miles Franklin	Prelude to Waking	http://gutenberg.net.au/ebooks08/0801321.txt http://gutenberg.net.au/ebooks08/0801321h.html
080131	Miles Franklin	Old Blastus of Bandicoot	http://gutenberg.net.au/ebooks08/0801311.txt http://gutenberg.net.au/ebooks08/0801311h.html
080130	Miles Franklin	Bring the Monkey	http://gutenberg.net.au/ebooks08/0801301.txt http://gutenberg.net.au/ebooks08/0801301h.html
080129	Hulbert Footner	A Self-Made Thief	http://gutenberg.net.au/ebooks08/0801291.txt http://gutenberg.net.au/ebooks08/0801291h.html
080128	Miles Franklin	Ten Creeks Run	http://gutenberg.net.au/ebooks08/0801281.txt http://gutenberg.net.au/ebooks08/0801281h.html
080127	Miles Franklin	Back to Bool Bool	http://gutenberg.net.au/ebooks08/0801271.txt http://gutenberg.net.au/ebooks08/0801271h.html
080126	Edgar Wallace	The Gunner	http://gutenberg.net.au/ebooks08/0801261.txt http://gutenberg.net.au/ebooks08/0801261h.html
080125	Edgar Wallace	Chick and Other Stories	http://gutenberg.net.au/ebooks08/0801251.txt http://gutenberg.net.au/ebooks08/0801251h.html
080124	Robert Ervin Howard	She Devil	http://gutenberg.net.au/ebooks08/0801241h.html
080123	Robert Ervin Howard	The Man on the Ground	http://gutenberg.net.au/ebooks08/0801231h.html
080122	Robert Ervin Howard	Cupid vs Pollux	http://gutenberg.net.au/ebooks08/0801221.txt http://gutenberg.net.au/ebooks08/0801221h.html
080121	Robert Ervin Howard	Old Garfield's Heart	http://gutenberg.net.au/ebooks08/0801211h.html
080120	Edgar Wallace	Edgar Wallace by Himself	http://gutenberg.net.au/ebooks08/0801201.txt http://gutenberg.net.au/ebooks08/0801201h.html
080119	Helen Simpson	Henry VIII	http://gutenberg.net.au/ebooks08/0801191.txt http://gutenberg.net.au/ebooks08/0801191h.html
080118	Edgar Wallace	The Devil Man	http://gutenberg.net.au/ebooks08/0801181.txt http://gutenberg.net.au/ebooks08/0801181h.html
080117	Edgar Wallace	The Dark Eyes of London	http://gutenberg.net.au/ebooks08/0801171.txt http://gutenberg.net.au/ebooks08/0801171h.html
080116	Sapper	The Finger of Fate	http://gutenberg.net.au/ebooks08/0801161h.html
080115	Sapper	The Saving Clause	http://gutenberg.net.au/ebooks08/0801151.txt http://gutenberg.net.au/ebooks08/0801151h.html
080114	Marjorie Bowen	A Knight of Spain	http://gutenberg.net.au/ebooks08/0801141.txt http://gutenberg.net.au/ebooks08/0801141h.html
080113	Edgar Wallace	Sanders of the River	http://gutenberg.net.au/ebooks08/0801131.txt http://gutenberg.net.au/ebooks08/0801131h.html
080112	Captain Franz von Rintelen	The Dark Invader	http://gutenberg.net.au/ebooks08/0801121.txt http://gutenberg.net.au/ebooks08/0801121h.html
080111	Hulbert Footner	Who Killed the Husband?	http://gutenberg.net.au/ebooks08/0801111.txt http://gutenberg.net.au/ebooks08/0801111h.html
080110	Helen Simpson	Maid No More	http://gutenberg.net.au/ebooks08/0801101.txt http://gutenberg.net.au/ebooks08/0801101h.html
080109	Edgar Wallace	Big Foot	http://gutenberg.net.au/ebooks08/0801091.txt http://gutenberg.net.au/ebooks08/0801091h.html
080108	J U Giesy	Palos of the Dog Star Pack	http://gutenberg.net.au/ebooks08/0801081h.html
080107	J U Giesy	The Mouthpiece of Zitu	http://gutenberg.net.au/ebooks08/0801071h.html
080106	J U Giesy	Jason Son of Jason	http://gutenberg.net.au/ebooks08/0801061h.html
080105	Algernon Blackwood	The Kit-Bag	http://gutenberg.net.au/ebooks08/0801051.txt
080104	Percival Landon	Thurnley Abbey	http://gutenberg.net.au/ebooks08/0801041.txt
080103	R H Benson	Father Macclesfield'S Tale	http://gutenberg.net.au/ebooks08/0801031.txt
080102	Mary Eleanor Wilkins	The Shadows on the Wall	http://gutenberg.net.au/ebooks08/0801021.txt
080101	 Anonymous	Pichon and Sons of the Croix Rousse	http://gutenberg.net.au/ebooks08/0801011.txt
080100	F G Loring	The Tomb of Sarah	http://gutenberg.net.au/ebooks08/0801001.txt
080099	R S Hawker	The Botathen Ghost	http://gutenberg.net.au/ebooks08/0800991.txt
080098	Miles Franklin	Up the Country	http://gutenberg.net.au/ebooks08/0800981.txt http://gutenberg.net.au/ebooks08/0800981h.html
080097	Sapper	The Third Round	http://gutenberg.net.au/ebooks08/0800971h.html
080096	Miles Franklin	All that Swagger	http://gutenberg.net.au/ebooks08/0800961.txt http://gutenberg.net.au/ebooks08/0800961h.html
080095	James Thomson (1700-1748)	Poetical Works	http://gutenberg.net.au/ebooks08/0800951.txt
080094	Edgar Wallace	The Twister	http://gutenberg.net.au/ebooks08/0800941.txt http://gutenberg.net.au/ebooks08/0800941h.html
080093	Arthur Henry Adams	A Man's Life	http://gutenberg.net.au/ebooks08/0800931.txt
080092	Ethel Lina White	She Faded into Air	http://gutenberg.net.au/ebooks08/0800921.txt http://gutenberg.net.au/ebooks08/0800921h.html
080091	M R James	Collected Ghost Stories	http://gutenberg.net.au/ebooks08/0800911h.html http://gutenberg.net.au/ebooks08/0800911.txt
080090	Josephine Tey	A Shilling for Candles	http://gutenberg.net.au/ebooks08/0800901.txt http://gutenberg.net.au/ebooks08/0800901h.html
080089	J H M Abbott	Tommy Cornstalk	http://gutenberg.net.au/ebooks08/0800891.txt http://gutenberg.net.au/ebooks08/0800891h.html
080088	Frederick Sinnett	Fiction Fields of Australia	http://gutenberg.net.au/ebooks08/0800881.txt
080087	Ellis Parker Butler	The Pet	http://gutenberg.net.au/ebooks08/0800871.txt
080086	Edgar Wallace	The Iron Grip and Other Stories	http://gutenberg.net.au/ebooks08/0800861.txt http://gutenberg.net.au/ebooks08/0800861h.html
080085	William Harrison Ainsworth	The Spectre Bride	http://gutenberg.net.au/ebooks08/0800851.txt http://gutenberg.net.au/ebooks08/0800851h.html
080084	Edgar Wallace	Flat 2	http://gutenberg.net.au/ebooks08/0800841.txt http://gutenberg.net.au/ebooks08/0800841h.html
080083	Helen Simpson	Saraband for Dead Lovers	http://gutenberg.net.au/ebooks08/0800831.txt http://gutenberg.net.au/ebooks08/0800831h.html
080082	Charles Williams	Et in Sempiternum Pereant	http://gutenberg.net.au/ebooks08/0800821.txt http://gutenberg.net.au/ebooks08/0800821h.html
080081	The Story of Mary Ancel,Wm Makepeace Thackeray		http://gutenberg.net.au/ebooks08/0800811.txt http://gutenberg.net.au/ebooks08/0800811h.html
080080	Helen Simpson	The Woman on the Beast	http://gutenberg.net.au/ebooks08/0800801.txt http://gutenberg.net.au/ebooks08/0800801h.html
080079	Jerome K Jerome	The Man of Science	http://gutenberg.net.au/ebooks08/0800791.txt
080078	Edgar Wallace	When the Gangs Came to London	http://gutenberg.net.au/ebooks08/0800781.txt http://gutenberg.net.au/ebooks08/0800781h.html
080077	Bram Stoker	The Judge's House	http://gutenberg.net.au/ebooks08/0800771.txt
080076	Edgar Wallace	Again the Ringer	http://gutenberg.net.au/ebooks08/0800761.txt http://gutenberg.net.au/ebooks08/0800761h.html
080075	Charles Dickens	To be Taken with a Grain of Salt	http://gutenberg.net.au/ebooks08/0800751.txt
080074	Zane Grey	The Drift Fence	http://gutenberg.net.au/ebooks08/0800741.txt http://gutenberg.net.au/ebooks08/0800741h.html
080073	Sapper	The Return of Bulldog Drummond	http://gutenberg.net.au/ebooks08/0800731h.html
080072	Rudyard Kipling	At the End of the Passage	http://gutenberg.net.au/ebooks08/0800721.txt
080071	Marjorie Bowen	Patriotic Lady	http://gutenberg.net.au/ebooks08/0800711.txt http://gutenberg.net.au/ebooks08/0800711h.html
080070	E M Delafield	The Provincial Lady Goes Further	http://gutenberg.net.au/ebooks08/0800701.txt http://gutenberg.net.au/ebooks08/0800701h.html
080069	Helen Simpson	Under Capricorn	http://gutenberg.net.au/ebooks08/0800691.txt http://gutenberg.net.au/ebooks08/0800691h.html
080068	Helen Simpson	The Spanish Marriage	http://gutenberg.net.au/ebooks08/0800681.txt http://gutenberg.net.au/ebooks08/0800681h.html
080067	Edgar Wallace	The Ringer	http://gutenberg.net.au/ebooks08/0800671.txt http://gutenberg.net.au/ebooks08/0800671h.html
080066	E M Delafield	The Diary of a Provincial Lady	http://gutenberg.net.au/ebooks08/0800661.txt http://gutenberg.net.au/ebooks08/0800661h.html
080065	Tales of Horror and the Supernatural,Arthur Machen		http://gutenberg.net.au/ebooks08/0800651.txt http://gutenberg.net.au/ebooks08/0800651h.html
080064	Marjorie Bowen	The Queen's Caprice	http://gutenberg.net.au/ebooks08/0800641.txt http://gutenberg.net.au/ebooks08/0800641h.html
080063	J S Fletcher	Perris of the Cherry-trees	http://gutenberg.net.au/ebooks08/0800631.txt
080062	Edgar Wallace	The Clue of the Silver Key	http://gutenberg.net.au/ebooks08/0800621.txt http://gutenberg.net.au/ebooks08/0800621h.html
080061	Helen Simpson	Boomerang	http://gutenberg.net.au/ebooks08/0800611.txt http://gutenberg.net.au/ebooks08/0800611h.html
080060	Frank Pinkerton	Won by Crime	http://gutenberg.net.au/ebooks08/0800601.txt
080059	Thomas Bastard	The Autobiography of Cockney Tom	http://gutenberg.net.au/ebooks08/0800591.txt http://gutenberg.net.au/ebooks08/0800591h.html
080058	Eric Knight	The Flying Yorkshireman	http://gutenberg.net.au/ebooks08/0800581.txt http://gutenberg.net.au/ebooks08/0800581h.html
080057	Hulbert Footner	Easy to Kill	http://gutenberg.net.au/ebooks08/0800571.txt http://gutenberg.net.au/ebooks08/0800571h.html
080056	Arthur Morrison	The Hole in the Wall	http://gutenberg.net.au/ebooks08/0800561.txt http://gutenberg.net.au/ebooks08/0800561h.html
080055	Josephine Tey	To Love and Be Wise	http://gutenberg.net.au/ebooks08/0800551.txt http://gutenberg.net.au/ebooks08/0800551h.html
080054	Gordon Daviot	The Privateer	http://gutenberg.net.au/ebooks08/0800541.txt http://gutenberg.net.au/ebooks08/0800541h.html
080053	 Sapper	Jim Maitland	http://gutenberg.net.au/ebooks08/0800531.txt http://gutenberg.net.au/ebooks08/0800531h.html
080052	 Sapper	When Carruthers Laughed	http://gutenberg.net.au/ebooks08/0800521.txt http://gutenberg.net.au/ebooks08/0800521h.html
080051	 Sapper	The Female of the Species	http://gutenberg.net.au/ebooks08/0800511h.html
080050	 Sapper	The Black Gang	http://gutenberg.net.au/ebooks08/0800501h.html
080049	Allan Sullivan	Three Came to Ville Marie	http://gutenberg.net.au/ebooks08/0800491.txt
080048	Josephine Tey	The Franchise Affair	http://gutenberg.net.au/ebooks08/0800481.txt http://gutenberg.net.au/ebooks08/0800481h.html
080047	Josephine Tey	Brat Farrar	http://gutenberg.net.au/ebooks08/0800471.txt http://gutenberg.net.au/ebooks08/0800471h.html
080046	Hulbert Footner	Sinfully Rich	http://gutenberg.net.au/ebooks08/0800461.txt http://gutenberg.net.au/ebooks08/0800461h.html
080045	Frederick Philip Grove	It Needs to be Said	http://gutenberg.net.au/ebooks08/0800451.txt
080044	Sapper	The Final Count	http://gutenberg.net.au/ebooks08/0800441h.html
080043	Sapper	Bulldog Drummond	http://gutenberg.net.au/ebooks08/0800431h.html
080042	Nordhoff and Hall	Pitcairn's Island	http://gutenberg.net.au/ebooks08/0800421h.html
080041	Nordhoff and Hall	Men Against the Sea	http://gutenberg.net.au/ebooks08/0800411h.html
080040	Nordhoff and Hall	Mutiny on the Bounty	http://gutenberg.net.au/ebooks08/0800401h.html
080038	Max Brand	Hole-in-the-Wall Barrett	http://gutenberg.net.au/ebooks08/0800381.txt http://gutenberg.net.au/ebooks08/0800381h.html
080037	Arthur Morrison	Tales of Mean Streets	http://gutenberg.net.au/ebooks08/0800371h.html
080031	Edgar Wallace	The Just Men Of Cordova	http://gutenberg.net.au/ebooks08/0800311.txt http://gutenberg.net.au/ebooks08/0800311h.html
080030	Edgar Wallace	The Brigand	http://gutenberg.net.au/ebooks08/0800301.txt http://gutenberg.net.au/ebooks08/0800301h.html
080029	Arthur C Doyle	Tales of Twilight and the Unseen	http://gutenberg.net.au/ebooks08/0800291.txt http://gutenberg.net.au/ebooks08/0800291h.html
080028	Gaston Leroux	Balaoo	http://gutenberg.net.au/ebooks08/0800281.txt http://gutenberg.net.au/ebooks08/0800281h.html
080026	Robert Eustace	The Blood-red Cross	http://gutenberg.net.au/ebooks08/0800261.txt
080025	Robert Eustace	The Face of the Abbot	http://gutenberg.net.au/ebooks08/0800251.txt
080024	Katherine Mansfield	In a German Pension	http://gutenberg.net.au/ebooks08/0800241.txt
080023	Katherine Mansfield	The Garden Party	http://gutenberg.net.au/ebooks08/0800231.txt http://gutenberg.net.au/ebooks08/0800231h.html
080022	K Mansfield	Something Childish and Other Stories	http://gutenberg.net.au/ebooks08/0800221.txt http://gutenberg.net.au/ebooks08/0800221h.html
080021	Edgar Wallace	Again the Three	http://gutenberg.net.au/ebooks08/0800211.txt http://gutenberg.net.au/ebooks08/0800211h.html
080020	Edgar Wallace	The Forger	http://gutenberg.net.au/ebooks08/0800201.txt http://gutenberg.net.au/ebooks08/0800201h.html
080019	The Loyal Karens of Burma,Donald Mackenzie Smeaton		http://gutenberg.net.au/ebooks08/0800191.txt
080018	Marjorie Bowen	The Viper of Milan	http://gutenberg.net.au/ebooks08/0800181h.html
080017	Herbert A Giles	Gems of Chinese Literature: Verse	http://gutenberg.net.au/ebooks08/0800171.txt
080016	Herbert A Giles	Gems of Chinese Literature: Prose	http://gutenberg.net.au/ebooks08/0800161.txt
080015	Herbert A Giles	A History of Chinese Literature	http://gutenberg.net.au/ebooks08/0800151.txt
080014	Edgar Wallace	The Man at the Carlton	http://gutenberg.net.au/ebooks08/0800141.txt http://gutenberg.net.au/ebooks08/0800141h.html
080013	Anonymous	Man Abroad	http://gutenberg.net.au/ebooks08/0800131.txt http://gutenberg.net.au/ebooks08/0800131h.html
080012	Chauncey Thomas	The Crystal Button	http://gutenberg.net.au/ebooks08/0800121.txt http://gutenberg.net.au/ebooks08/0800121h.html
080011	Eleanor Hull	A History of Ireland and Her People	http://gutenberg.net.au/ebooks08/0800111h.html
080010	Edgar Wallace	Plantiod 127 & The Sweizer Pump	http://gutenberg.net.au/ebooks08/0800101.txt http://gutenberg.net.au/ebooks08/0800101h.html
080009	Rafael Sabatini	The Carolinian	http://gutenberg.net.au/ebooks08/0800091.txt http://gutenberg.net.au/ebooks08/0800091h.html
080008	Harry Ignatius Marshall	The Karens of Burma	http://gutenberg.net.au/ebooks08/0800081.txt
080007	A R McMahon	The Karens of the Golden Chersonese	http://gutenberg.net.au/ebooks08/0800071.txt
080006	Harry Ignatius Marshall	The Karen People of Burma	http://gutenberg.net.au/ebooks08/0800061.txt http://gutenberg.net.au/ebooks08/0800061h.html
080005	San C Po	Burma and the Karens	http://gutenberg.net.au/ebooks08/0800051.txt http://gutenberg.net.au/ebooks08/0800051h.html
080004	Herbert Jenkins	Bindle	http://gutenberg.net.au/ebooks08/0800041.txt http://gutenberg.net.au/ebooks08/0800041h.html
080003	Rafael Sabatini	Scaramouche the Kingmaker	http://gutenberg.net.au/ebooks08/0800031h.html
080002	Winwood Reade	The Martyrdom of Man	http://gutenberg.net.au/ebooks08/0800021.txt
080001	R Austin Freeman	Mr Pottermack's Oversight	http://gutenberg.net.au/ebooks08/0800011.txt http://gutenberg.net.au/ebooks08/0800011h.html
070129	Edith Nesbit	My School Days	http://gutenberg.net.au/ebooks07/0701291.txt http://gutenberg.net.au/ebooks07/0701291h.html
070128	H G Wells	The Wild Asses of the Devil	http://gutenberg.net.au/ebooks07/0701281.txt http://gutenberg.net.au/ebooks07/0701281h.html
070127	R Austin Freeman	The D'Arblay Mystery	http://gutenberg.net.au/ebooks07/0701271.txt http://gutenberg.net.au/ebooks07/0701271h.html
070126	Dylan Thomas	A Child'S Christmas in Wales	http://gutenberg.net.au/ebooks07/0701261.txt http://gutenberg.net.au/ebooks07/0701261h.html
070125	H G Wells	Mr Belloc Objects to "The Outline..."	http://gutenberg.net.au/ebooks07/0701251.txt http://gutenberg.net.au/ebooks07/0701251h.html
070124	Richard Barham	The Ingoldsby Legends	http://gutenberg.net.au/ebooks07/0701241.txt
070123	H G Wells	Star-begotten	http://gutenberg.net.au/ebooks07/0701231.txt http://gutenberg.net.au/ebooks07/0701231h.html
070122	Hugh Lofting	The Voyages of Doctor Dolittle	http://gutenberg.net.au/ebooks07/0701221.txt http://gutenberg.net.au/ebooks07/0701221h.html
070121	Edgar Wallace	The Three Just Men	http://gutenberg.net.au/ebooks07/0701211.txt http://gutenberg.net.au/ebooks07/0701211h.html
070120	Rafael Sabatini	The Chronicles of Captain Blood	http://gutenberg.net.au/ebooks07/0701201.txt http://gutenberg.net.au/ebooks07/0701201h.html
070119	William Hope Hodgson	Carnacki The Ghost Finder	http://gutenberg.net.au/ebooks07/0701191.txt http://gutenberg.net.au/ebooks07/0701191h.html
070118	Edgar Wallace	The Joker	http://gutenberg.net.au/ebooks07/0701181.txt http://gutenberg.net.au/ebooks07/0701181h.html
070117	Edgar Wallace	The Clue of the New Pin	http://gutenberg.net.au/ebooks07/0701171.txt http://gutenberg.net.au/ebooks07/0701171h.html
070116	Ernest Bramah	Max Carrados Mysteries	http://gutenberg.net.au/ebooks07/0701161.txt http://gutenberg.net.au/ebooks07/0701161h.html
070115	Carolyn Wells	The Technique of the Mystery Story	http://gutenberg.net.au/ebooks07/0701151.txt http://gutenberg.net.au/ebooks07/0701151h.html
070114	Arthur Conan Doyle	Tales of the Ring and the Camp	http://gutenberg.net.au/ebooks07/0701141.txt http://gutenberg.net.au/ebooks07/0701141h.html
070113	Radclyffe Hall	The Unlit Lamp	http://gutenberg.net.au/ebooks07/0701131.txt http://gutenberg.net.au/ebooks07/0701131h.html
070112	Rafael Sabatini	Collected Stories Vol. I	http://gutenberg.net.au/ebooks07/0701121.txt
070111	Robert Ervin Howard	Almuric	http://gutenberg.net.au/ebooks07/0701111.txt http://gutenberg.net.au/ebooks07/0701111h.html
070110	Anonymous	War Birds	http://gutenberg.net.au/ebooks07/0701101.txt
070109	Arthur S Peake	The Life of Sir William Hartley	http://gutenberg.net.au/ebooks07/0701091.txt http://gutenberg.net.au/ebooks07/0701091h.html
070108	G Sutherland	Pioneering Days: Thrilling Incidents	http://gutenberg.net.au/ebooks07/0701081.txt
070107	Keith West	Hanging Waters	http://gutenberg.net.au/ebooks09/0701071.txt
070106	Edgar Wallace	The Law of the Four Just Men	http://gutenberg.net.au/ebooks08/0701061.txt http://gutenberg.net.au/ebooks08/0701061h.html
070105	Edgar Wallace	The Flying Squad	http://gutenberg.net.au/ebooks07/0701051.txt http://gutenberg.net.au/ebooks07/0701051h.html
070104	Edgar Wallace	Mr Justice Maxell	http://gutenberg.net.au/ebooks07/0701041.txt http://gutenberg.net.au/ebooks07/0701041h.html
070103	Edgar Wallace	Blue Hand	http://gutenberg.net.au/ebooks07/0701031.txt http://gutenberg.net.au/ebooks07/0701031h.html
070102	Tales of Pirates and Blue Water,Arthur Conan Doyle		http://gutenberg.net.au/ebooks07/0701021.txt http://gutenberg.net.au/ebooks07/0701021h.html
070101	Erle Cox	The Missing Angel	http://gutenberg.net.au/ebooks07/0701011.txt
070100	Joseph S Fletcher	The Safety Pin	http://gutenberg.net.au/ebooks07/0701001.txt
070099	Arthur Conan Doyle	Mysteries and Adventures	http://gutenberg.net.au/ebooks07/0700991.txt
070098	Rafael Sabatini	Columbus	http://gutenberg.net.au/ebooks07/0700981.txt
070097	Henry Savery	Quintus Servinton	http://gutenberg.net.au/ebooks07/0700971.txt http://gutenberg.net.au/ebooks07/0700971h.html
070096	H G Wells	Kipps	http://gutenberg.net.au/ebooks07/0700961.txt http://gutenberg.net.au/ebooks07/0700961h.html
070095	Edgar Wallace	The Yellow Snake	http://gutenberg.net.au/ebooks07/0700951.txt http://gutenberg.net.au/ebooks07/0700951h.html
070094	Charles M Russell	Trails Plowed Under	http://gutenberg.net.au/ebooks07/0700941.txt http://gutenberg.net.au/ebooks07/0700941h.html
070093	Will James	Home Ranch	http://gutenberg.net.au/ebooks07/0700931.txt http://gutenberg.net.au/ebooks07/0700931h.html
070092	Harry Graham	Lord Bellinger	http://gutenberg.net.au/ebooks07/0700921.txt
070091	Ronald Firbank	Sorrow in Sunlight	http://gutenberg.net.au/ebooks07/0700911.txt
070090	Lord Tennyson	In Memoriam	http://gutenberg.net.au/ebooks07/0700901.txt
070089	Gertrude Lawrence	A Star Danced	http://gutenberg.net.au/ebooks07/0700891.txt http://gutenberg.net.au/ebooks07/0700891h.html
070088	Anton Chekhov	The Kiss	http://gutenberg.net.au/ebooks07/0700881.txt
070087	Lord Byron	Manfred	http://gutenberg.net.au/ebooks07/0700871.txt
070086	Sheridan Le Fanu	In a Glass Darkly	http://gutenberg.net.au/ebooks07/0700861.txt http://gutenberg.net.au/ebooks07/0700861h.html
070085	R Austin Freeman	As a Thief in the Night	http://gutenberg.net.au/ebooks07/0700851.txt http://gutenberg.net.au/ebooks07/0700851h.html
070084	R Austin Freeman	The Cat's Eye	http://gutenberg.net.au/ebooks07/0700841.txt http://gutenberg.net.au/ebooks07/0700841h.html
070083	D H Lawrence	The Lost Girl	http://gutenberg.net.au/ebooks07/0700831.txt http://gutenberg.net.au/ebooks07/0700831h.html
070082	Edgar Wallace	The Coat of Arms	http://gutenberg.net.au/ebooks07/0700821.txt http://gutenberg.net.au/ebooks07/0700821h.html
070081	R Austin Freeman	The Stoneware Monkey	http://gutenberg.net.au/ebooks07/0700811.txt http://gutenberg.net.au/ebooks07/0700811h.html
070080	R Austin Freeman	The Penrose Mystery	http://gutenberg.net.au/ebooks07/0700801.txt http://gutenberg.net.au/ebooks07/0700801h.html
070079	Huan Mee	A Diplomatic Woman (The Russian Cipher)	http://gutenberg.net.au/ebooks07/0700791.txt http://gutenberg.net.au/ebooks07/0700791h.html
070078	Hugh Lofting	Doctor Dolittle's Return	http://gutenberg.net.au/ebooks07/0700781.txt http://gutenberg.net.au/ebooks07/0700781h.html
070077	Edgar Wallace	Sanders	http://gutenberg.net.au/ebooks07/0700771.txt http://gutenberg.net.au/ebooks07/0700771h.html
070076	Earl Derr Biggers	Charlie Chan Carries On	http://gutenberg.net.au/ebooks07/0700761.txt http://gutenberg.net.au/ebooks07/0700761h.html
050039	R A Freeman	Dr Thorndyke Short Story Omnibus	http://gutenberg.net.au/ebooks05/0500391.txt http://gutenberg.net.au/ebooks05/0500391h.html
070075	Hugh Foulis	Hurricane Jack of The Vital Spark	http://gutenberg.net.au/ebooks07/0700751.txt http://gutenberg.net.au/ebooks07/0700751h.html
070074	W H Hudson	Hampshire Days	http://gutenberg.net.au/ebooks07/0700741.txt http://gutenberg.net.au/ebooks07/0700741h.html
070073	Le Compte de Janzé	Vertical Land	http://gutenberg.net.au/ebooks07/0700731.txt http://gutenberg.net.au/ebooks07/0700731h.html
070072	Kenneth Morris	The Regent of the North	http://gutenberg.net.au/ebooks07/0700721.txt http://gutenberg.net.au/ebooks07/0700721h.html
070071	L Frank Baum	The Enchanted Buffalo	http://gutenberg.net.au/ebooks07/0700711.txt http://gutenberg.net.au/ebooks07/0700711h.html
070070	John Buchan	The Far Islands	http://gutenberg.net.au/ebooks07/0700701.txt http://gutenberg.net.au/ebooks07/0700701h.html
070069	William Morris	The Folk of the Mountain Door	http://gutenberg.net.au/ebooks07/0700691.txt http://gutenberg.net.au/ebooks07/0700691h.html
070068	E Nesbit	The Dragon Tamers	http://gutenberg.net.au/ebooks07/0700681.txt http://gutenberg.net.au/ebooks07/0700681h.html
070067	Josephine Tey	Miss Pym Disposes	http://gutenberg.net.au/ebooks07/0700671.txt http://gutenberg.net.au/ebooks07/0700671h.html
070066	E H Knatchbull-Hugessen	Puss-cat Mew	http://gutenberg.net.au/ebooks07/0700661.txt http://gutenberg.net.au/ebooks07/0700661h.html
070065	Ludwig Tieck	The Elves	http://gutenberg.net.au/ebooks07/0700651.txt http://gutenberg.net.au/ebooks07/0700651h.html
070064	D H Lawrence	The White Peacock	http://gutenberg.net.au/ebooks07/0700641.txt http://gutenberg.net.au/ebooks07/0700641h.html
070063	D H Lawrence	The Man Who Died	http://gutenberg.net.au/ebooks07/0700631.txt http://gutenberg.net.au/ebooks07/0700631h.html
070062	D H Lawrence	St Mawr	http://gutenberg.net.au/ebooks07/0700621.txt http://gutenberg.net.au/ebooks07/0700621h.html
070061	A C Doyle	Tales of Adventure and Medical Life	http://gutenberg.net.au/ebooks07/0700611.txt http://gutenberg.net.au/ebooks07/0700611h.html
070060	Neil Munro	In Highland Harbours with Para Handy	http://gutenberg.net.au/ebooks07/0700601.txt http://gutenberg.net.au/ebooks07/0700601h.html
070059	Neil Munro	The Vital Spark	http://gutenberg.net.au/ebooks07/0700591.txt http://gutenberg.net.au/ebooks07/0700591h.html
070058	Arthur Conan Doyle	Danger! And Other Stories	http://gutenberg.net.au/ebooks07/0700581.txt http://gutenberg.net.au/ebooks07/0700581h.html
070057	George MacDonald	The Golden Key	http://gutenberg.net.au/ebooks07/0700571.txt http://gutenberg.net.au/ebooks07/0700571h.html
070056	Arthur Conan Doyle	Tales of Terror and Mystery	http://gutenberg.net.au/ebooks07/0700561.txt http://gutenberg.net.au/ebooks07/0700561h.html
070055	Charles Robert Maturin	Melmoth the Wanderer	http://gutenberg.net.au/ebooks07/0700551.txt http://gutenberg.net.au/ebooks07/0700551h.html
070054	Anatole France	Balthasar	http://gutenberg.net.au/ebooks07/0700541.txt http://gutenberg.net.au/ebooks07/0700541h.html
070053	J H L Cumpston	Thomas Mitchell	http://gutenberg.net.au/ebooks07/0700531h.html
070052	Arthur Conan Doyle	Tales of Long Ago	http://gutenberg.net.au/ebooks07/0700521.txt http://gutenberg.net.au/ebooks07/0700521h.html
070051	Edgar Wallace	The Man Who Passed	http://gutenberg.net.au/ebooks07/0700511.txt http://gutenberg.net.au/ebooks07/0700511h.html
070050	Edgar Wallace	The Council of Justice	http://gutenberg.net.au/ebooks07/0700501.txt http://gutenberg.net.au/ebooks07/0700501h.html
070049	Edgar Wallace	The Ghost Walker	http://gutenberg.net.au/ebooks07/0700491.txt http://gutenberg.net.au/ebooks07/0700491h.html
070048	Edgar Wallace	The Guv'nor	http://gutenberg.net.au/ebooks07/0700481.txt
070047	Lewis Grassic Gibbon	A Scots Quair	http://gutenberg.net.au/ebooks07/0700471h.html
070046	Stephen Vincent Benet	John Brown's Body	http://gutenberg.net.au/ebooks07/0700461.txt http://gutenberg.net.au/ebooks07/0700461h.html
070045	Hugh Walpole	Major Wilbraham	http://gutenberg.net.au/ebooks07/0700451.txt http://gutenberg.net.au/ebooks07/0700451h.html
070044	Hugh Walpole	The Tarn	http://gutenberg.net.au/ebooks07/0700441.txt http://gutenberg.net.au/ebooks07/0700441h.html
060784	Hugh Lofting	Doctor Dolittle's Circus	http://gutenberg.net.au/ebooks06/0607841h.html
070043	Robert C Benchley	My Ten Years in a Quandary	http://gutenberg.net.au/ebooks07/0700431.txt http://gutenberg.net.au/ebooks07/0700431h.html
070042	Will James	Lone Cowboy	http://gutenberg.net.au/ebooks07/0700421.txt http://gutenberg.net.au/ebooks07/0700421h.html
070041	Kendall Banning	Mother Goose Rhymes	http://gutenberg.net.au/ebooks07/0700411h.html
070040	Arthur Machen	The Islington Mystery	http://gutenberg.net.au/ebooks07/0700401.txt http://gutenberg.net.au/ebooks07/0700401h.html
070039	J H L Cumpston	Charles Sturt	http://gutenberg.net.au/ebooks07/0700391.txt http://gutenberg.net.au/ebooks07/0700391h.html
070038	Arthur Machen	Out of the Earth	http://gutenberg.net.au/ebooks07/0700381.txt http://gutenberg.net.au/ebooks07/0700381h.html
070037	Arthur Machen	A New Christmas Carol	http://gutenberg.net.au/ebooks07/0700371.txt http://gutenberg.net.au/ebooks07/0700371h.html
070036	Arthur Machen	A Fragment of Life	http://gutenberg.net.au/ebooks07/0700361.txt http://gutenberg.net.au/ebooks07/0700361h.html
070035	Edgar Wallace	Four Just Men	http://gutenberg.net.au/ebooks07/0700351.txt http://gutenberg.net.au/ebooks07/0700351h.html
070034	P C Wren	Stories of the Foreign Legion	http://gutenberg.net.au/ebooks07/0700341h.html
070033	V Whitechurch	The Affair of the Corridor Express	http://gutenberg.net.au/ebooks07/0700331.txt http://gutenberg.net.au/ebooks07/0700331h.html
070032	Ellis Parker Butler	The Hard-boiled Egg	http://gutenberg.net.au/ebooks07/0700321.txt http://gutenberg.net.au/ebooks07/0700321h.html
070031	Ellis Parker Butler	Philo Gubb's Greatest Case	http://gutenberg.net.au/ebooks07/0700311.txt http://gutenberg.net.au/ebooks07/0700311h.html
070030	Ann Scott Moncrieff	Auntie Robbo	http://gutenberg.net.au/ebooks07/0700301.txt http://gutenberg.net.au/ebooks07/0700301h.html
070029	Ernest Bramah	Smothered in Corpses	http://gutenberg.net.au/ebooks07/0700291.txt http://gutenberg.net.au/ebooks07/0700291h.html
070028	S S Van Dine	The Garden Murder Case	http://gutenberg.net.au/ebooks06/0700281h.html
070027	Edgar Wallace	The Valley of Ghosts	http://gutenberg.net.au/ebooks07/0700271.txt http://gutenberg.net.au/ebooks07/0700271h.html
070026	Rachel Field	And Now Tomorrow	http://gutenberg.net.au/ebooks07/0700261.txt http://gutenberg.net.au/ebooks07/0700261h.html
070025	Talbot Mundy	The Woman Ayisha	http://gutenberg.net.au/ebooks07/0700251.txt http://gutenberg.net.au/ebooks07/0700251h.html
070024	Edgar Wallace	The Crimson Circle	http://gutenberg.net.au/ebooks07/0700241.txt
070023	Thomas Wolfe	You Can't Go Home Again	http://gutenberg.net.au/ebooks07/0700231.txt http://gutenberg.net.au/ebooks07/0700231h.html
070022	James Stephens	The Charwoman's Daughter	http://gutenberg.net.au/ebooks07/0700221.txt http://gutenberg.net.au/ebooks07/0700221h.html
070021	Beatrice Webb	My Apprenticeship Vol 2	http://gutenberg.net.au/ebooks07/0700211.txt http://gutenberg.net.au/ebooks07/0700211h.html
070020	Beatrice Webb	My Apprenticeship Vol 1	http://gutenberg.net.au/ebooks07/0700201.txt http://gutenberg.net.au/ebooks07/0700201h.html
070019	Ford Madox Ford	A Man Could Stand Up	http://gutenberg.net.au/ebooks07/0700191.txt http://gutenberg.net.au/ebooks07/0700191h.html
070018	Ford Madox Ford	No More Parades	http://gutenberg.net.au/ebooks07/0700181.txt http://gutenberg.net.au/ebooks07/0700181h.html
070017	Ford Madox Ford	Some Do Not	http://gutenberg.net.au/ebooks07/0700171.txt http://gutenberg.net.au/ebooks07/0700171h.html
070016	Edgar Wallace	White Face	http://gutenberg.net.au/ebooks07/0700161.txt http://gutenberg.net.au/ebooks07/0700161h.html
070015	Aphra Behn	Oroonoko; or The Royal Slave	http://gutenberg.net.au/ebooks07/0700151.txt http://gutenberg.net.au/ebooks07/0700151h.html
070014	Lord Byron	Don Juan	http://gutenberg.net.au/ebooks07/0700141.txt http://gutenberg.net.au/ebooks07/0700141h.html
070013	Zane Grey	Robbers' Roost	http://gutenberg.net.au/ebooks07/0700131.txt http://gutenberg.net.au/ebooks07/0700131h.html
070012	Zane Grey	Nevada	http://gutenberg.net.au/ebooks07/0700121.txt http://gutenberg.net.au/ebooks07/0700121h.html
070011	Will James	Smoky the Cowhorse	http://gutenberg.net.au/ebooks07/0700111.txt http://gutenberg.net.au/ebooks07/0700111h.html
070010	Paul Diderot	Rameau's Nephew	http://gutenberg.net.au/ebooks07/0700101.txt http://gutenberg.net.au/ebooks07/0700101h.html
070009	Ellen Glasgow	Barren Ground	http://gutenberg.net.au/ebooks07/0700091.txt http://gutenberg.net.au/ebooks07/0700091h.html
070008	Hervey Allen	Action at Aquila	http://gutenberg.net.au/ebooks07/0700081.txt http://gutenberg.net.au/ebooks07/0700081h.html
070007	Luigi Pirandello	Henry IV	http://gutenberg.net.au/ebooks07/0700071.txt http://gutenberg.net.au/ebooks07/0700071h.html
070006	Fyodor Dostoevsky	The Brothers Karamazov	http://gutenberg.net.au/ebooks07/0700061.txt http://gutenberg.net.au/ebooks07/0700061h.html
070005	Stephen Crane	The Open Boat and Other Stories	http://gutenberg.net.au/ebooks07/0700051h.html
070004	The Monster and Other Stories 2nd Ed,Stephen Crane		http://gutenberg.net.au/ebooks07/0700041h.html
070003	Stephen Crane	George's Mother	http://gutenberg.net.au/ebooks07/0700031h.html
070002	Aeschylus	The Oresteia	http://gutenberg.net.au/ebooks07/0700021.txt http://gutenberg.net.au/ebooks07/0700021h.html
070001	S Leacock	My Remarkable Uncle and other Sketches	http://gutenberg.net.au/ebooks07/0700011.txt http://gutenberg.net.au/ebooks07/0700011h.html
060935	Ellen Glasgow	Vein of Iron	http://gutenberg.net.au/ebooks06/0609351.txt http://gutenberg.net.au/ebooks06/0609351h.html
060934	Jack	The Exploration of Cape York Peninsula	http://gutenberg.net.au/ebooks06/0609341.txt
060933	Lloyd C Douglas	Disputed Passage	http://gutenberg.net.au/ebooks06/0609331.txt http://gutenberg.net.au/ebooks06/0609331h.html
060932	J S Fletcher	The Lighthouse on Shivering Sand	http://gutenberg.net.au/ebooks06/0609321.txt http://gutenberg.net.au/ebooks06/0609321h.html
060931	Arthur Conan Doyle	The Parish Magazine	http://gutenberg.net.au/ebooks06/0609311.txt http://gutenberg.net.au/ebooks06/0609311h.html
060930	A J Alan	My Adventure in Norfolk	http://gutenberg.net.au/ebooks06/0609301.txt http://gutenberg.net.au/ebooks06/0609301h.html
060929	J S Fletcher	The Ivory God	http://gutenberg.net.au/ebooks06/0609291.txt http://gutenberg.net.au/ebooks06/0609291h.html
060928	A J Alan	The Hair	http://gutenberg.net.au/ebooks06/0609281.txt http://gutenberg.net.au/ebooks06/0609281h.html
060927	A J Alan	H2 etc.	http://gutenberg.net.au/ebooks06/0609271.txt http://gutenberg.net.au/ebooks06/0609271h.html
609261	Ralph Straus	The Room on the Fourth Floor	http://gutenberg.net.au/ebooks06/0609261.txt http://gutenberg.net.au/ebooks06/0609261h.html
609251	A J Alan	The Diver	http://gutenberg.net.au/ebooks06/0609251.txt http://gutenberg.net.au/ebooks06/0609251h.html
609241	A J Alan	My Adventure at Chiselhurst	http://gutenberg.net.au/ebooks06/0609241.txt http://gutenberg.net.au/ebooks06/0609241h.html
609231	W F Harvey	The Beast with Five Fingers	http://gutenberg.net.au/ebooks06/0609231.txt http://gutenberg.net.au/ebooks06/0609231h.html
060922	H G Wells	The Short Stories of H G Wells	http://gutenberg.net.au/ebooks06/0609221.txt
060921	Talbot Mundy	Black Light	http://gutenberg.net.au/ebooks06/0609211.txt http://gutenberg.net.au/ebooks06/0609211h.html
060920	Robert E Howard	Winner Take All	http://gutenberg.net.au/ebooks06/0609201h.html
060919	Robert E Howard	Waterfront Fists	http://gutenberg.net.au/ebooks06/0609191h.html
060918	Robert E Howard	Vikings of the Gloves	http://gutenberg.net.au/ebooks06/0609181h.html
060917	Robert E Howard	The Iron Man	http://gutenberg.net.au/ebooks06/0609171h.html
060916	Robert E Howard	The Slugger's Game	http://gutenberg.net.au/ebooks06/0609161h.html
060915	Robert E Howard	The Bull Dog Breed	http://gutenberg.net.au/ebooks06/0609151h.html
060914	Robert E Howard	Texas Fists	http://gutenberg.net.au/ebooks06/0609141h.html
060913	Robert E Howard	Sluggers of the Beach	http://gutenberg.net.au/ebooks06/0609131h.html
060912	Robert E Howard	Sailors' Grudge	http://gutenberg.net.au/ebooks06/0609121h.html
060911	Robert E Howard	Night of Battle	http://gutenberg.net.au/ebooks06/0609111h.html
060910	Robert E Howard	General Ironfist	http://gutenberg.net.au/ebooks06/0609101h.html
060909	Robert E Howard	Fist and Fang	http://gutenberg.net.au/ebooks06/0609091h.html
609081	Robert E Howard	Circus Fists	http://gutenberg.net.au/ebooks06/0609081h.html
609071	Robert E Howard	Champ of the Forecastle	http://gutenberg.net.au/ebooks06/0609071h.html
609061	Robert E Howard	Alleys of Peril	http://gutenberg.net.au/ebooks06/0609061h.html
609051	Robert E Howard	Alleys of Darkness	http://gutenberg.net.au/ebooks06/0609051h.html
609041	Nathanael West	The Day of the Locust	http://gutenberg.net.au/ebooks06/0609041.txt http://gutenberg.net.au/ebooks06/0609041h.html
609031	First Sighting of Australia by the English,Ida Lee		http://gutenberg.net.au/ebooks06/0609031.txt http://gutenberg.net.au/ebooks06/0609031h.html
060902	Radclyffe Hall	The Well of Loneliness	http://gutenberg.net.au/ebooks06/0609021.txt http://gutenberg.net.au/ebooks06/0609021h.html
060901	Gilbert Frankau	Who Killed Castelvetri?	http://gutenberg.net.au/ebooks06/0609011.txt http://gutenberg.net.au/ebooks06/0609011h.html
060900	Samuel Warren	The Resurrectionist	http://gutenberg.net.au/ebooks06/0609001.txt http://gutenberg.net.au/ebooks06/0609001h.html
060899	J S Fletcher	The Other Sense	http://gutenberg.net.au/ebooks06/0608991.txt http://gutenberg.net.au/ebooks06/0608991h.html
060898	R Straus	The Most Maddening Story in the World	http://gutenberg.net.au/ebooks06/0608981.txt http://gutenberg.net.au/ebooks06/0608981h.html
060897	Stanley G Weinbaum	Dawn of Flame	http://gutenberg.net.au/ebooks06/0608971.txt http://gutenberg.net.au/ebooks06/0608971h.html
060896	E Phillips Oppenheim	The Cafe of Terror	http://gutenberg.net.au/ebooks06/0608961.txt http://gutenberg.net.au/ebooks06/0608961h.html
060895	Jeffery Farnol	Black Coffee	http://gutenberg.net.au/ebooks06/0608951.txt http://gutenberg.net.au/ebooks06/0608951h.html
060894	Nathanael West	A Cool Million	http://gutenberg.net.au/ebooks06/0608941.txt
060893	Nathanael West	The Dream Life of Balso Snell	http://gutenberg.net.au/ebooks06/0608931.txt
060892	John Cleland	Fanny Hill	http://gutenberg.net.au/ebooks06/0608921.txt http://gutenberg.net.au/ebooks06/0608921h.html
060891	Fanny Burney	Camilla	http://gutenberg.net.au/ebooks06/0608911.txt http://gutenberg.net.au/ebooks06/0608911h.html
060890	Warwick Deeping	Roper's Row	http://gutenberg.net.au/ebooks06/0608901.txt http://gutenberg.net.au/ebooks06/0608901h.html
060889	Charles Williams	Shadows of Ecstacy	http://gutenberg.net.au/ebooks06/0608891.txt http://gutenberg.net.au/ebooks06/0608891h.html
060888	Charles Williams	The Greater Trumps	http://gutenberg.net.au/ebooks06/0608881.txt http://gutenberg.net.au/ebooks06/0608881h.html
060887	John Donne	Songs and Sonnets	http://gutenberg.net.au/ebooks06/0608871.txt
060886	Lloyd C Douglas	White Banners	http://gutenberg.net.au/ebooks06/0608861.txt http://gutenberg.net.au/ebooks06/0608861h.html
060885	Nathanael West	Miss Lonelyhearts	http://gutenberg.net.au/ebooks06/0608851.txt http://gutenberg.net.au/ebooks06/0608851h.html
060884	Robert E Howard	War On Bear Creek	http://gutenberg.net.au/ebooks06/0608841.txt http://gutenberg.net.au/ebooks06/0608841h.html
060883	Robert E Howard	The TNT Punch	http://gutenberg.net.au/ebooks06/0608831h.html
060882	Robert E Howard	The Sign of the Snake	http://gutenberg.net.au/ebooks06/0608821h.html
060881	Robert E Howard	The Scalp Hunter	http://gutenberg.net.au/ebooks06/0608811.txt http://gutenberg.net.au/ebooks06/0608811h.html
060880	Robert E Howard	The Road to Bear Creek	http://gutenberg.net.au/ebooks06/0608801.txt http://gutenberg.net.au/ebooks06/0608801h.html
060879	Robert E Howard	The Riot at Cougar Paw	http://gutenberg.net.au/ebooks06/0608791h.html
060878	Robert E Howard	The Haunted Mountain	http://gutenberg.net.au/ebooks06/0608781.txt http://gutenberg.net.au/ebooks06/0608781h.html
060877	Robert E Howard	The Feud Buster	http://gutenberg.net.au/ebooks06/0608771.txt http://gutenberg.net.au/ebooks06/0608771h.html
060876	Robert Howard	The Conquerin' Hero of the Humbolts	http://gutenberg.net.au/ebooks06/0608761h.html
060875	Robert E Howard	The Apache Mountain War	http://gutenberg.net.au/ebooks06/0608751h.html
060874	Robert E Howard	Sharp's Gun Serenade	http://gutenberg.net.au/ebooks06/0608741.txt http://gutenberg.net.au/ebooks06/0608741h.html
060873	Robert E Howard	Pistol Politics	http://gutenberg.net.au/ebooks06/0608731.txt http://gutenberg.net.au/ebooks06/0608731h.html
060872	J M Barrie	Peter Pan	http://gutenberg.net.au/ebooks06/0608721.txt http://gutenberg.net.au/ebooks06/0608721h.html
060871	The Autobiography of Alice B Toklas,Gertrude Stein		http://gutenberg.net.au/ebooks06/0608711.txt http://gutenberg.net.au/ebooks06/0608711h.html
060870	Robert E Howard	While Smoke Rolled	http://gutenberg.net.au/ebooks06/0608701h.html
060869	Robert E Howard	Texas John Alden	http://gutenberg.net.au/ebooks06/0608691.txt http://gutenberg.net.au/ebooks06/0608691h.html
060868	Robert E Howard	Pilgrims To the Pecos	http://gutenberg.net.au/ebooks06/0608681h.html
060867	Robert E Howard	No Cowherders Wanted	http://gutenberg.net.au/ebooks06/0608671h.html
060866	Robert E Howard	Mountain Man	http://gutenberg.net.au/ebooks06/0608661.txt http://gutenberg.net.au/ebooks06/0608661h.html
060865	Robert E Howard	High Horse Rampage	http://gutenberg.net.au/ebooks06/0608651h.html
060864	Robert E Howard	Guns of the Mountains	http://gutenberg.net.au/ebooks06/0608641.txt http://gutenberg.net.au/ebooks06/0608641h.html
060863	Robert E Howard	Cupid From Bear Creek	http://gutenberg.net.au/ebooks06/0608631.txt http://gutenberg.net.au/ebooks06/0608631h.html
060862	Robert Howard	A Gent From Bear Creek(Short Story)	http://gutenberg.net.au/ebooks06/0608621.txt http://gutenberg.net.au/ebooks06/0608621h.html
060861	Robert E Howard	A Gent From Bear Creek (Novella)	http://gutenberg.net.au/ebooks06/0608611h.html
060860	Robert E Howard	Evil Deeds at Red Cougar	http://gutenberg.net.au/ebooks06/0608601h.html
060859	Robert E Howard	Dark Shanghai	http://gutenberg.net.au/ebooks06/0608591h.html
060858	Robert E Howard	Breed of Battle	http://gutenberg.net.au/ebooks06/0608581h.html
060857	Robert E Howard	Blow the Chinks Down!	http://gutenberg.net.au/ebooks06/0608571h.html
060856	Lloyd C Douglas	Forgive us our Trespasses	http://gutenberg.net.au/ebooks06/0608561.txt http://gutenberg.net.au/ebooks06/0608561h.html
060855	William Butler Yeats	The Wild Swans at Coole	http://gutenberg.net.au/ebooks06/0608551.txt
060854	William Butler Yeats	The Tower	http://gutenberg.net.au/ebooks06/0608541.txt
060853	W B Yeats	Michael Robartes and The Dancer	http://gutenberg.net.au/ebooks06/0608531.txt
060852	Pirandello	Six Characters in Search of an Author	http://gutenberg.net.au/ebooks06/0608521.txt http://gutenberg.net.au/ebooks06/0608521h.html
060851	Herman Melville	Billy Budd, Sailor	http://gutenberg.net.au/ebooks06/0608511.txt http://gutenberg.net.au/ebooks06/0608511h.html
060850	Henry James	The Wings of the Dove	http://gutenberg.net.au/ebooks06/0608501.txt
060849	Willa Cather	The Professor's House	http://gutenberg.net.au/ebooks06/0608491.txt
060848	John Keats	Collected Poetry	http://gutenberg.net.au/ebooks06/0608481.txt
060847	Robert Browning	The Ring and the Book	http://gutenberg.net.au/ebooks06/0608471.txt
060846	Henrik Ibsen	Peer Gynt	http://gutenberg.net.au/ebooks06/0608461.txt
060845	Daniel Defoe	Roxana	http://gutenberg.net.au/ebooks06/0608451.txt
060844	Clarence Day	Life with Mother	http://gutenberg.net.au/ebooks06/0608441.txt http://gutenberg.net.au/ebooks06/0608441h.html
060843	Arthur Leo Zagat	Tomorrow	http://gutenberg.net.au/ebooks06/0608431h.html
060842	Arthur Leo Zagat	Seven Out of Time	http://gutenberg.net.au/ebooks06/0608421h.html
060841	Arthur Leo Zagat	Children of Tomorrow	http://gutenberg.net.au/ebooks06/0608411h.html
060840	David Lindsay	The Haunted Woman	http://gutenberg.net.au/ebooks06/0608401.txt http://gutenberg.net.au/ebooks06/0608401h.html
060839	Malcolm Jameson	Wreckers of the Star Patrol	http://gutenberg.net.au/ebooks06/0608391.txt http://gutenberg.net.au/ebooks06/0608391h.html
060838	Malcolm Jameson	Tricky Tonnage	http://gutenberg.net.au/ebooks06/0608381.txt http://gutenberg.net.au/ebooks06/0608381h.html
060837	Malcolm Jameson	The Sorcerer's Apprentice	http://gutenberg.net.au/ebooks06/0608371.txt http://gutenberg.net.au/ebooks06/0608371h.html
060836	Malcolm Jameson	Children of the Betsy B	http://gutenberg.net.au/ebooks06/0608361.txt http://gutenberg.net.au/ebooks06/0608361h.html
060835	Charlotte Bronte	Shirley	http://gutenberg.net.au/ebooks06/0608351.txt
060834	Clarence Day	Life with Father	http://gutenberg.net.au/ebooks06/0608341.txt http://gutenberg.net.au/ebooks06/0608341h.html
060833	Zane Grey	The Hash-knife Outfit	http://gutenberg.net.au/ebooks06/0608331.txt http://gutenberg.net.au/ebooks06/0608331h.html
060832	Zane Grey	The Young lion Hunter	http://gutenberg.net.au/ebooks06/0608321.txt http://gutenberg.net.au/ebooks06/0608321h.html
060831	Zane Grey	Lost Pueblo	http://gutenberg.net.au/ebooks06/0608311.txt http://gutenberg.net.au/ebooks06/0608311h.html
060830	Zane Grey	30,000 on the Hoof	http://gutenberg.net.au/ebooks06/0608301.txt http://gutenberg.net.au/ebooks06/0608301h.html
060829	Zane Grey	Wilderness Trek	http://gutenberg.net.au/ebooks06/0608291.txt http://gutenberg.net.au/ebooks06/0608291h.html
060828	Zane Grey	Tales of the Angler's El Dorado NZ	http://gutenberg.net.au/ebooks06/0608281.txt http://gutenberg.net.au/ebooks06/0608281h.html
060827	Zane Grey	Under the Tonto Rim	http://gutenberg.net.au/ebooks06/0608271.txt http://gutenberg.net.au/ebooks06/0608271h.html
060826	Zane Grey	Twin Sombreros	http://gutenberg.net.au/ebooks06/0608261.txt http://gutenberg.net.au/ebooks06/0608261h.html
060825	Zane Grey	Sunset Pass	http://gutenberg.net.au/ebooks06/0608251.txt http://gutenberg.net.au/ebooks06/0608251h.html
060824	Zane Grey	An American Angler in Australia	http://gutenberg.net.au/ebooks06/0608241.txt http://gutenberg.net.au/ebooks06/0608241h.html
060823	Lloyd C Douglas	Green Light	http://gutenberg.net.au/ebooks06/0608231.txt http://gutenberg.net.au/ebooks06/0608231h.html
060822	Dylan Thomas	Under Milk Wood	http://gutenberg.net.au/ebooks06/0608221.txt http://gutenberg.net.au/ebooks06/0608221h.html
060821	H G Wells	The Holy Terror	http://gutenberg.net.au/ebooks06/0608211h.html
060820	Robert Wallace	Tycoon of Crime	http://gutenberg.net.au/ebooks06/0608201h.html
060819	Brant House	The Torture Trust	http://gutenberg.net.au/ebooks06/0608191h.html
060818	Philip Francis Nowlan	The Prince of Mars Returns	http://gutenberg.net.au/ebooks06/0608181h.html
060817	E Charles Vivian	Grey Shapes	http://gutenberg.net.au/ebooks06/0608171.txt http://gutenberg.net.au/ebooks06/0608171h.html
060816	Robert Wallace	Fangs of Murder	http://gutenberg.net.au/ebooks06/0608161h.html
060815	Robert E Howard	The Vultures of Whapeton	http://gutenberg.net.au/ebooks06/0608151h.html
060814	Robert E Howard	Skull-Face	http://gutenberg.net.au/ebooks06/0608141h.html
060813	Robert E Howard	Boot-Hill Payoff	http://gutenberg.net.au/ebooks06/0608131h.html
060812	Robert E Howard	The Voice of El-Lil	http://gutenberg.net.au/ebooks06/0608121.txt http://gutenberg.net.au/ebooks06/0608121h.html
060811	Robert E Howard	The Sowers of the Thunder	http://gutenberg.net.au/ebooks06/0608111h.html
060810	Robert E Howard	The Shadow of the Vulture	http://gutenberg.net.au/ebooks06/0608101h.html
060809	Robert E Howard	The Lion of Tiberias	http://gutenberg.net.au/ebooks06/0608091h.html
060808	Robert E Howard	The Gods of Bal-Sagoth	http://gutenberg.net.au/ebooks06/0608081.txt http://gutenberg.net.au/ebooks06/0608081h.html
060807	Robert E Howard	The Dark Man	http://gutenberg.net.au/ebooks06/0608071.txt http://gutenberg.net.au/ebooks06/0608071h.html
060806	Robert E Howard	The Blood of Belshazzar	http://gutenberg.net.au/ebooks06/0608061h.html
060805	Robert E Howard	Lord of Samarcand	http://gutenberg.net.au/ebooks06/0608051h.html
060804	Robert E Howard	Hawks of Outremer	http://gutenberg.net.au/ebooks06/0608041h.html
060803	Robert E Howard	Gates of Empire	http://gutenberg.net.au/ebooks06/0608031h.html
060802	Robert E Howard	The Treasures of Tartary	http://gutenberg.net.au/ebooks06/0608021h.html
060801	Robert E Howard	The Thing On the Roof	http://gutenberg.net.au/ebooks06/0608011.txt http://gutenberg.net.au/ebooks06/0608011h.html
060800	Robert E Howard	The Lost Race	http://gutenberg.net.au/ebooks06/0608001.txt http://gutenberg.net.au/ebooks06/0608001h.html
060799	Robert E Howard	The Hyena	http://gutenberg.net.au/ebooks06/0607991.txt http://gutenberg.net.au/ebooks06/0607991h.html
060798	Robert E Howard	The Fearsome Touch of Death	http://gutenberg.net.au/ebooks06/0607981.txt http://gutenberg.net.au/ebooks06/0607981h.html
060797	Robert E Howard	The Dream Snake	http://gutenberg.net.au/ebooks06/0607971.txt http://gutenberg.net.au/ebooks06/0607971h.html
060796	Robert E Howard	The Children of the Night	http://gutenberg.net.au/ebooks06/0607961h.html
060795	Robert E Howard	Spear and Fang	http://gutenberg.net.au/ebooks06/0607951.txt http://gutenberg.net.au/ebooks06/0607951h.html
060794	Robert E Howard	People of the Dark	http://gutenberg.net.au/ebooks06/0607941.txt http://gutenberg.net.au/ebooks06/0607941h.html
060793	Robert E Howard	In the Forest of Villefere	http://gutenberg.net.au/ebooks06/0607931h.html
060792	S S Van Dine	The Garden Murder Case	http://gutenberg.net.au/ebooks06/0607921h.html
060791	Henry Lawson	Short Stories in Prose and Verse	http://gutenberg.net.au/ebooks06/0607911h.html http://gutenberg.net.au/ebooks06/0607911.txt
060790	Henry Lawson	For Australia	http://gutenberg.net.au/ebooks06/0607901.txt http://gutenberg.net.au/ebooks06/0607901h.html
060789	Stanley G Weinbaum	Redemption Cairn	http://gutenberg.net.au/ebooks06/0607891.txt http://gutenberg.net.au/ebooks06/0607891h.html
060788	Will Cuppy	How to be a Hermit	http://gutenberg.net.au/ebooks06/0607881.txt http://gutenberg.net.au/ebooks06/0607881h.html
060787	 Eustace and Meade	Madam Sara	http://gutenberg.net.au/ebooks06/0607871.txt http://gutenberg.net.au/ebooks06/0607871h.html
060786	Robert E Howard	Worms of the Earth	http://gutenberg.net.au/ebooks06/0607861h.html
060785	Hugh Lofting	Doctor Dolittle and the Green Canary	http://gutenberg.net.au/ebooks06/0607851.txt
060784	Hugh Lofting	Doctor Dolittle's Circus	http://gutenberg.net.au/ebooks06/0607841.txt
060783	Henry Lawson	The Rising of the Court	http://gutenberg.net.au/ebooks06/0607831h.html http://gutenberg.net.au/ebooks06/0607831.txt
060782	Rachel Henning	The Letters of Rachel Henning	http://gutenberg.net.au/ebooks06/0607821.txt
060781	Clifford Ashdown	The Submarine Boat	http://gutenberg.net.au/ebooks06/0607811.txt http://gutenberg.net.au/ebooks06/0607811h.html
060780	William Le Queux	The Secret of the Fox Hunter	http://gutenberg.net.au/ebooks06/0607801h.html
060779	Ernest Bramah	The Game Played in the Dark	http://gutenberg.net.au/ebooks06/0607791.txt http://gutenberg.net.au/ebooks06/0607791h.html
060778	Clifford Ashdown	The Assyrian Rejuvenator	http://gutenberg.net.au/ebooks06/0607781.txt http://gutenberg.net.au/ebooks06/0607781h.html
060777	Max Pemberton	The Ripening Rubies	http://gutenberg.net.au/ebooks06/0607771.txt http://gutenberg.net.au/ebooks06/0607771h.html
060776	'Sapper'	Ronald Standish	http://gutenberg.net.au/ebooks06/0607761.txt http://gutenberg.net.au/ebooks06/0607761h.html
060775	Arthur Machen	Dog and Duck	http://gutenberg.net.au/ebooks06/0607751.txt http://gutenberg.net.au/ebooks06/0607751h.html
060774	Andrew Barton Paterson	Collected Poetry	http://gutenberg.net.au/ebooks06/0607741.txt http://gutenberg.net.au/ebooks06/0607741h.html
060773	Andrew Barton Paterson	Collected Prose	http://gutenberg.net.au/ebooks06/0607731.txt http://gutenberg.net.au/ebooks06/0607731h.html
060772	Arthur Morrison	To London Town	http://gutenberg.net.au/ebooks06/0607721h.html
060771	Marjorie Bowen	The Crown Derby Plate	http://gutenberg.net.au/ebooks06/0607711.txt http://gutenberg.net.au/ebooks06/0607711h.html
060770	Talbot Mundy	Jungle Jest	http://gutenberg.net.au/ebooks06/0607701.txt http://gutenberg.net.au/ebooks06/0607701h.html
060769	Hugh Lofting	Doctor Dolittle in the Moon	http://gutenberg.net.au/ebooks06/0607691.txt http://gutenberg.net.au/ebooks06/0607691h.html
060768	Arthur Machen	Holy Terrors	http://gutenberg.net.au/ebooks06/0607681.txt http://gutenberg.net.au/ebooks06/0607681h.html
060767	Edgar Wallace	Red Aces	http://gutenberg.net.au/ebooks06/0607671.txt http://gutenberg.net.au/ebooks06/0607671h.html
060766	Tasma	Uncle Piper of Piper's Hill	http://gutenberg.net.au/ebooks06/0607661.txt http://gutenberg.net.au/ebooks06/0607661h.html
060765	Tasma	The Penance of Portia James	http://gutenberg.net.au/ebooks06/0607651.txt http://gutenberg.net.au/ebooks06/0607651h.html
060764	Mary Theresa Vidal	Bengala	http://gutenberg.net.au/ebooks06/0607641.txt http://gutenberg.net.au/ebooks06/0607641h.html
060763	Mary Theresa Vidal	Tales for the Bush	http://gutenberg.net.au/ebooks06/0607631.txt http://gutenberg.net.au/ebooks06/0607631h.html
060762	Tasma	A Sydney Sovereign And Other Tales	http://gutenberg.net.au/ebooks06/0607621.txt http://gutenberg.net.au/ebooks06/0607621h.html
060761	Henry Lawson	When I was King and Other Verses	http://gutenberg.net.au/ebooks06/0607611.txt http://gutenberg.net.au/ebooks06/0607611h.html
060760	Henry Lawson	Verses Popular and Humorous	http://gutenberg.net.au/ebooks06/0607601.txt http://gutenberg.net.au/ebooks06/0607601h.html
060759	Price Warung	Tales of the Early Days	http://gutenberg.net.au/ebooks06/0607591.txt http://gutenberg.net.au/ebooks06/0607591h.html
060758	Price Warung	Half Crown Bob	http://gutenberg.net.au/ebooks06/0607581.txt http://gutenberg.net.au/ebooks06/0607581h.html
060757	Hume Nisbet	The Land of the Hibiscus Blossom	http://gutenberg.net.au/ebooks06/0607571.txt http://gutenberg.net.au/ebooks06/0607571h.html
060756	Harriet Anne Patchett Martin	Coo-ee	http://gutenberg.net.au/ebooks06/0607561.txt http://gutenberg.net.au/ebooks06/0607561h.html
060755	Louis Stone	Betty Wayside	http://gutenberg.net.au/ebooks06/0607551.txt http://gutenberg.net.au/ebooks06/0607551h.html
060754	Henry Lawson	The Skyline Riders and Other Verses	http://gutenberg.net.au/ebooks06/0607541.txt http://gutenberg.net.au/ebooks06/0607541h.html
060753	Barbara Baynton	Human Toll	http://gutenberg.net.au/ebooks06/0607531h.html
607521	E L Nicholson	Diary of a trip to Australia 1897	http://gutenberg.net.au/ebooks06/0607521h.html
060751	Stanley G Weinbaum	Shifting Seas	http://gutenberg.net.au/ebooks06/0607511.txt http://gutenberg.net.au/ebooks06/0607511h.html
060750	Stanley G Weinbaum	The Point of View	http://gutenberg.net.au/ebooks06/0607501.txt http://gutenberg.net.au/ebooks06/0607501h.html
060749	Abraham Merritt	Creep Shadow!	http://gutenberg.net.au/ebooks06/0607491.txt http://gutenberg.net.au/ebooks06/0607491h.html
060748	Abraham Merritt	Burn Witch Burn!	http://gutenberg.net.au/ebooks06/0607481.txt http://gutenberg.net.au/ebooks06/0607481h.html
060747	Henry Kingsley	The Hillyars and the Burtons	http://gutenberg.net.au/ebooks06/0607471.txt http://gutenberg.net.au/ebooks06/0607471h.html
060746	Joseph Furphy	Rigby's Romance	http://gutenberg.net.au/ebooks06/0607461.txt http://gutenberg.net.au/ebooks06/0607461h.html
060745	Mary Gaunt	Dave's Sweetheart	http://gutenberg.net.au/ebooks06/0607451.txt http://gutenberg.net.au/ebooks06/0607451h.html
060744	Botany Bay True Tales of Early Australia,John Lang		http://gutenberg.net.au/ebooks06/0607441.txt http://gutenberg.net.au/ebooks06/0607441h.html
060743	Sequel To A Voyage to Botany Bay,George Barrington		http://gutenberg.net.au/ebooks06/0607431.txt http://gutenberg.net.au/ebooks06/0607431h.html
060742	George Barrington	A Voyage to Botany Bay	http://gutenberg.net.au/ebooks06/0607421.txt http://gutenberg.net.au/ebooks06/0607421h.html
060741	Henry Lawson	Send Round the Hat	http://gutenberg.net.au/ebooks06/0607411.txt http://gutenberg.net.au/ebooks06/0607411h.html
060740	Catherine Helen Spence	Gathered In	http://gutenberg.net.au/ebooks06/0607401.txt http://gutenberg.net.au/ebooks06/0607401h.html
060739	C H Spence	Woman's Place in the Commonwealth	http://gutenberg.net.au/ebooks06/0607391.txt http://gutenberg.net.au/ebooks06/0607391h.html
060738	Francis Stevens	The Heads of Cerberus	http://gutenberg.net.au/ebooks06/0607381h.html
060737	Francis Stevens	Nightmare!	http://gutenberg.net.au/ebooks06/0607371h.html
060736	Francis Stevens	Serapion	http://gutenberg.net.au/ebooks06/0607361h.html
060735	Francis Stevens	Elf Trap	http://gutenberg.net.au/ebooks06/0607351h.html
060734	Robert E Howard	The Pit of the Serpent	http://gutenberg.net.au/ebooks06/0607341h.html
060733	Robert E Howard	Red Shadows	http://gutenberg.net.au/ebooks06/0607331h.html
060732	Robert E Howard	Rattle of Bones	http://gutenberg.net.au/ebooks06/0607321h.html
060731	Robert E Howard	Kings of the Night	http://gutenberg.net.au/ebooks06/0607311h.html
060730	Robert E Howard	Apparition In the Prize Ring	http://gutenberg.net.au/ebooks06/0607301h.html
060729	Rolf Boldrewood	A Sydney-Side Saxon	http://gutenberg.net.au/ebooks06/0607291.txt http://gutenberg.net.au/ebooks06/0607291h.html
060728	Stanley G Weinbaum	The Worlds of If	http://gutenberg.net.au/ebooks06/0607281.txt http://gutenberg.net.au/ebooks06/0607281h.html
060727	Stanley G Weinbaum	Valley of Dreams	http://gutenberg.net.au/ebooks06/0607271.txt http://gutenberg.net.au/ebooks06/0607271h.html
060726	Stanley G Weinbaum	The Ideal	http://gutenberg.net.au/ebooks06/0607261.txt http://gutenberg.net.au/ebooks06/0607261h.html
060725	Stanley G Weinbaum	Pygmalion's Spectacles	http://gutenberg.net.au/ebooks06/0607251.txt http://gutenberg.net.au/ebooks06/0607251h.html
060724	Rosa Praed	The Romance of a Station	http://gutenberg.net.au/ebooks06/0607241.txt http://gutenberg.net.au/ebooks06/0607241h.html
060723	Rosa Praed	Policy and Passion	http://gutenberg.net.au/ebooks06/0607231.txt http://gutenberg.net.au/ebooks06/0607231h.html
060722	Rosa Praed	Fugitive Anne	http://gutenberg.net.au/ebooks06/0607221.txt http://gutenberg.net.au/ebooks06/0607221h.html
060721	Rosa Praed	Australian Life Black and White	http://gutenberg.net.au/ebooks06/0607211.txt http://gutenberg.net.au/ebooks06/0607211h.html
060720	Ambrose Bierce	Killed At Resaca	http://gutenberg.net.au/ebooks06/0607201.txt
060719	Henry Lawson	The Romance of the Swag	http://gutenberg.net.au/ebooks06/0607191.txt http://gutenberg.net.au/ebooks06/0607191h.html
060718	Robert W Chambers	The Slayer of Souls	http://gutenberg.net.au/ebooks06/0607181.txt http://gutenberg.net.au/ebooks06/0607181h.html
060717	C Rowcroft	The Bushranger of Van Diemen's Land	http://gutenberg.net.au/ebooks06/0607171.txt http://gutenberg.net.au/ebooks06/0607171h.html
060716	C H Kirmess	The Australian Crisis	http://gutenberg.net.au/ebooks06/0607161.txt http://gutenberg.net.au/ebooks06/0607161h.html
060715	Alexander Montgomery	Five-Skull Island	http://gutenberg.net.au/ebooks06/0607151.txt http://gutenberg.net.au/ebooks06/0607151h.html
060714	C W Peck	Australian Legends	http://gutenberg.net.au/ebooks06/0607141.txt http://gutenberg.net.au/ebooks06/0607141h.html
060713	Rolf Boldrewood	A Romance of Canvas Town	http://gutenberg.net.au/ebooks06/0607131.txt http://gutenberg.net.au/ebooks06/0607131h.html
060712	Henry Lawson	My Army O My Army! and Other Songs	http://gutenberg.net.au/ebooks06/0607121.txt http://gutenberg.net.au/ebooks06/0607121h.html
060711	Guy Boothby	The Race of Life	http://gutenberg.net.au/ebooks06/0607111.txt http://gutenberg.net.au/ebooks06/0607111h.html
060710	Ada Cambridge	The Perversity of Human Nature	http://gutenberg.net.au/ebooks06/0607101.txt http://gutenberg.net.au/ebooks06/0607101h.html
060709	Rolf Boldrewood	The Miner's Right	http://gutenberg.net.au/ebooks06/0607091.txt http://gutenberg.net.au/ebooks06/0607091h.html
060708	Giesy and Smith	The House of Invisible Bondage	http://gutenberg.net.au/ebooks06/0607081.txt http://gutenberg.net.au/ebooks06/0607081h.html
060707	Ernest Favenc	The Moccasins of Silence	http://gutenberg.net.au/ebooks06/0607071.txt http://gutenberg.net.au/ebooks06/0607071h.html
060706	The Aborigines of Western Australia,Albert Calvert		http://gutenberg.net.au/ebooks06/0607061.txt http://gutenberg.net.au/ebooks06/0607061h.html
060705	Guy Boothby	In Strange Company	http://gutenberg.net.au/ebooks06/0607051.txt http://gutenberg.net.au/ebooks06/0607051h.html
060704	G B Barton	The Troubles Of Australian Federation	http://gutenberg.net.au/ebooks06/0607041.txt http://gutenberg.net.au/ebooks06/0607041h.html
060703	Charles Pierre Baudelaire	The Generous Gambler	http://gutenberg.net.au/ebooks06/0607031.txt http://gutenberg.net.au/ebooks06/0607031h.html
060702	Francis Stevens	Behind The Curtain	http://gutenberg.net.au/ebooks06/0607021h.html
060701	Customs and Traditions Aboriginal Natives,Withnell		http://gutenberg.net.au/ebooks06/0607011.txt http://gutenberg.net.au/ebooks06/0607011h.html
060700	Henry Lawson	Triangles of Life and Other Stories	http://gutenberg.net.au/ebooks06/0607001.txt http://gutenberg.net.au/ebooks06/0607001h.html
060699	Edith Wharton	Here and Beyond	http://gutenberg.net.au/ebooks06/0606991.txt http://gutenberg.net.au/ebooks06/0606991h.html
060698	Arthur Machen	The Novel of the White Powder	http://gutenberg.net.au/ebooks06/0606981.txt http://gutenberg.net.au/ebooks06/0606981h.html
060697	Arthur Machen	The Shining Pyramid	http://gutenberg.net.au/ebooks06/0606971.txt http://gutenberg.net.au/ebooks06/0606971h.html
060696	Arthur Machen	Children of the Pool	http://gutenberg.net.au/ebooks06/0606961.txt http://gutenberg.net.au/ebooks06/0606961h.html
060695	J S Fletcher	The New Sun	http://gutenberg.net.au/ebooks06/0606951.txt http://gutenberg.net.au/ebooks06/0606951h.html
060694	Mary Gaunt	The Doctor's Drive	http://gutenberg.net.au/ebooks06/0606941.txt http://gutenberg.net.au/ebooks06/0606941h.html
060693	Philip Francis Nowlan	The Airlords of Han	http://gutenberg.net.au/ebooks06/0606931h.html
060692	Robert E Howard	Black Wind Blowing	http://gutenberg.net.au/ebooks06/0606921h.html
060691	Louis Becke and Walter Jeffery	The Mutineer	http://gutenberg.net.au/ebooks06/0606911.txt http://gutenberg.net.au/ebooks06/0606911h.html
060690	Edward Page Mitchell	Collected stories	http://gutenberg.net.au/ebooks06/0606901.txt http://gutenberg.net.au/ebooks06/0606901h.html
060689	Selected Lead Articles from The Dawn,Louisa Lawson		http://gutenberg.net.au/ebooks06/0606891h.html
060688	Caroline Leakey	Broad Arrow	http://gutenberg.net.au/ebooks06/0606881.txt http://gutenberg.net.au/ebooks06/0606881h.html
060687	Thomas McCombie	Adventures of a Colonist	http://gutenberg.net.au/ebooks06/0606871.txt http://gutenberg.net.au/ebooks06/0606871h.html
060686	Ethel Mills	A Box of Dead Roses	http://gutenberg.net.au/ebooks06/0606861.txt http://gutenberg.net.au/ebooks06/0606861h.html
060685	Mary Theresa Vidal	The Convict Laundress	http://gutenberg.net.au/ebooks06/0606851.txt http://gutenberg.net.au/ebooks06/0606851h.html
060684	Joseph Furphy	The Buln-Buln and the Brolga	http://gutenberg.net.au/ebooks06/0606841.txt http://gutenberg.net.au/ebooks06/0606841h.html
060683	Thomas E Wells	Michael Howe	http://gutenberg.net.au/ebooks06/0606831.txt http://gutenberg.net.au/ebooks06/0606831h.html
060682	Johann Ludwig Tieck	Wake Not the Dead	http://gutenberg.net.au/ebooks06/0606821.txt http://gutenberg.net.au/ebooks06/0606821h.html
060681	Jan Neruda	Vampire	http://gutenberg.net.au/ebooks06/0606811.txt http://gutenberg.net.au/ebooks06/0606811h.html
060680	Mary Shelley	Valperga	http://gutenberg.net.au/ebooks06/0606801.txt http://gutenberg.net.au/ebooks06/0606801h.html
060679	Anonymous	The Weird Violin	http://gutenberg.net.au/ebooks06/0606791.txt http://gutenberg.net.au/ebooks06/0606791h.html
060678	Anonymous	The Story of Clifford House	http://gutenberg.net.au/ebooks06/0606781.txt http://gutenberg.net.au/ebooks06/0606781h.html
060677	Samuel Warren	The Spectre-Smitten	http://gutenberg.net.au/ebooks06/0606771.txt http://gutenberg.net.au/ebooks06/0606771h.html
060676	Anonymous	The Spectre Hand	http://gutenberg.net.au/ebooks06/0606761.txt http://gutenberg.net.au/ebooks06/0606761h.html
060675	John Mackay Wilson	The Seven Lights	http://gutenberg.net.au/ebooks06/0606751.txt http://gutenberg.net.au/ebooks06/0606751h.html
060674	Anonymous	The Ruins of the Abbey of Fitz-Martin	http://gutenberg.net.au/ebooks06/0606741.txt http://gutenberg.net.au/ebooks06/0606741h.html
060673	Anonymous	The Mysterious Spaniard	http://gutenberg.net.au/ebooks06/0606731.txt http://gutenberg.net.au/ebooks06/0606731h.html
060672	Anonymous	The Murder Hole	http://gutenberg.net.au/ebooks06/0606721.txt http://gutenberg.net.au/ebooks06/0606721h.html
060671	John Whittier	The Haunted House	http://gutenberg.net.au/ebooks06/0606711.txt http://gutenberg.net.au/ebooks06/0606711h.html
060670	A Villiers de L'isle-Adam	The Desire to be a Man	http://gutenberg.net.au/ebooks06/0606701.txt http://gutenberg.net.au/ebooks06/0606701h.html
060669	Anonymous	The Banshee	http://gutenberg.net.au/ebooks06/0606691.txt http://gutenberg.net.au/ebooks06/0606691h.html
060668	C E Van Loan	Tales of the Midnight Club	http://gutenberg.net.au/ebooks06/0606681.txt http://gutenberg.net.au/ebooks06/0606681h.html
060667	Edward William Thomson	Red-Headed Windego	http://gutenberg.net.au/ebooks06/0606671.txt http://gutenberg.net.au/ebooks06/0606671h.html
060666	Edward Lucas White	Lukundoo	http://gutenberg.net.au/ebooks06/0606661.txt http://gutenberg.net.au/ebooks06/0606661h.html
060665	Anonymous	In a Fog	http://gutenberg.net.au/ebooks06/0606651.txt http://gutenberg.net.au/ebooks06/0606651h.html
060664	Anonymous	Found and Lost	http://gutenberg.net.au/ebooks06/0606641.txt http://gutenberg.net.au/ebooks06/0606641h.html
060663	Anonymous	Extracts from Gosschen's Diary	http://gutenberg.net.au/ebooks06/0606631.txt http://gutenberg.net.au/ebooks06/0606631h.html
060662	Ellen Wood	Collected stories	http://gutenberg.net.au/ebooks06/0606621.txt http://gutenberg.net.au/ebooks06/0606621h.html
060661	Michael Verne	An Express of the Future	http://gutenberg.net.au/ebooks06/0606611.txt http://gutenberg.net.au/ebooks06/0606611h.html
060660	The True Story of A Vampire and more,Eric Stenbock		http://gutenberg.net.au/ebooks06/0606601.txt http://gutenberg.net.au/ebooks06/0606601h.html
060659	Theodor Storm	The Rider on the White Horse	http://gutenberg.net.au/ebooks06/0606591.txt http://gutenberg.net.au/ebooks06/0606591h.html
060658	The Ray of Displacement and other stories,Spofford		http://gutenberg.net.au/ebooks06/0606581.txt http://gutenberg.net.au/ebooks06/0606581h.html
060657	Ellen Glasgow	The Past	http://gutenberg.net.au/ebooks06/0606571.txt http://gutenberg.net.au/ebooks06/0606571h.html
060656	Eleanor Sleath	The Orphan of the Rhine	http://gutenberg.net.au/ebooks06/0606561.txt http://gutenberg.net.au/ebooks06/0606561h.html
060655	E G Swain	The Kirk Spook and more	http://gutenberg.net.au/ebooks06/0606551.txt http://gutenberg.net.au/ebooks06/0606551h.html
060654	The Great Staircase at Landover Hall,by F Stockton		http://gutenberg.net.au/ebooks06/0606541.txt http://gutenberg.net.au/ebooks06/0606541h.html
060653	Robert Louis Stevenson	Olalla	http://gutenberg.net.au/ebooks06/0606531.txt http://gutenberg.net.au/ebooks06/0606531h.html
060652	Herbert Stephen	No. 11 Welham Square	http://gutenberg.net.au/ebooks06/0606521.txt http://gutenberg.net.au/ebooks06/0606521h.html
060651	Martin Faber--The Story of a Criminal,by W G Simms		http://gutenberg.net.au/ebooks06/0606511.txt http://gutenberg.net.au/ebooks06/0606511h.html
060650	W S Symonds	Malvern Chase	http://gutenberg.net.au/ebooks06/0606501.txt http://gutenberg.net.au/ebooks06/0606501h.html
060649	May Sinclair	Collected stories	http://gutenberg.net.au/ebooks06/0606491.txt http://gutenberg.net.au/ebooks06/0606491h.html
060648	Percy B St John	Buried Alive!	http://gutenberg.net.au/ebooks06/0606481.txt http://gutenberg.net.au/ebooks06/0606481h.html
060647	J H Shorthouse	A Teacher of the Violin	http://gutenberg.net.au/ebooks06/0606471.txt http://gutenberg.net.au/ebooks06/0606471h.html
060646	Percy Bysshe Shelley	Zastrozzi	http://gutenberg.net.au/ebooks06/0606461.txt http://gutenberg.net.au/ebooks06/0606461h.html
060645	Theodore Roosevelt	The Wendigo	http://gutenberg.net.au/ebooks06/0606451.txt http://gutenberg.net.au/ebooks06/0606451h.html
060644	George Bernard Shaw	The Miraculous Revenge	http://gutenberg.net.au/ebooks06/0606441.txt http://gutenberg.net.au/ebooks06/0606441h.html
060643	The Informal Execution of Soupbone Pew,by D Runyon		http://gutenberg.net.au/ebooks06/0606431.txt http://gutenberg.net.au/ebooks06/0606431h.html
060642	Mary Shelley	The Heir of Mondolfo	http://gutenberg.net.au/ebooks06/0606421.txt http://gutenberg.net.au/ebooks06/0606421h.html
060641	Mary Shelley	The Fortunes of Perkin Warbeck	http://gutenberg.net.au/ebooks06/0606411.txt http://gutenberg.net.au/ebooks06/0606411h.html
060640	Russell	The Extraordinary Adventure	http://gutenberg.net.au/ebooks06/0606401.txt http://gutenberg.net.au/ebooks06/0606401h.html
060639	Percy Bysshe Shelley	St Irvyne	http://gutenberg.net.au/ebooks06/0606391.txt http://gutenberg.net.au/ebooks06/0606391h.html
060638	Mary Shelley	Lodore	http://gutenberg.net.au/ebooks06/0606381.txt http://gutenberg.net.au/ebooks06/0606381h.html
060637	Marcel Schwob	Bloody Blanche	http://gutenberg.net.au/ebooks06/0606371.txt http://gutenberg.net.au/ebooks06/0606371h.html
060636	Mark Rutherford	A Mysterious Portrait	http://gutenberg.net.au/ebooks06/0606361.txt http://gutenberg.net.au/ebooks06/0606361h.html
060635	S S Van Dine	The Greene Murder Case	http://gutenberg.net.au/ebooks06/0606351h.html
060634	Talbot Mundy	The Hundred Days	http://gutenberg.net.au/ebooks06/0606341.txt http://gutenberg.net.au/ebooks06/0606341h.html
060633	James Platt	The Witches' Sabbath	http://gutenberg.net.au/ebooks06/0606331.txt http://gutenberg.net.au/ebooks06/0606331h.html
060632	Charles Pigault-Lebrun	The Unholy Compact Abjured	http://gutenberg.net.au/ebooks06/0606321.txt http://gutenberg.net.au/ebooks06/0606321h.html
060631	Rosa Praed	The Insane Root	http://gutenberg.net.au/ebooks06/0606311.txt http://gutenberg.net.au/ebooks06/0606311h.html
060630	Horacio Quiroga	The Feather Pillow	http://gutenberg.net.au/ebooks06/0606301.txt http://gutenberg.net.au/ebooks06/0606301h.html
060629	Thomas Peckett Prest	The Demon of the Hartz	http://gutenberg.net.au/ebooks06/0606291.txt http://gutenberg.net.au/ebooks06/0606291h.html
060628	Edmund Pearson	That Damned Fellow Upstairs	http://gutenberg.net.au/ebooks06/0606281.txt http://gutenberg.net.au/ebooks06/0606281h.html
060627	Marjorie Pickthall	Luck	http://gutenberg.net.au/ebooks06/0606271.txt http://gutenberg.net.au/ebooks06/0606271h.html
060626	Victor Roman	Four wooden Stakes	http://gutenberg.net.au/ebooks06/0606261.txt http://gutenberg.net.au/ebooks06/0606261h.html
060625	Charlotte Riddell	Collected stories	http://gutenberg.net.au/ebooks06/0606251.txt http://gutenberg.net.au/ebooks06/0606251h.html
060624	O'Sullivan	When I Was Dead and other stories	http://gutenberg.net.au/ebooks06/0606241.txt http://gutenberg.net.au/ebooks06/0606241h.html
060623	Dinah Mulock	The Last House in C-- Street	http://gutenberg.net.au/ebooks06/0606231.txt http://gutenberg.net.au/ebooks06/0606231h.html
060622	Barry Pain	The End of a Show	http://gutenberg.net.au/ebooks06/0606221.txt http://gutenberg.net.au/ebooks06/0606221h.html
060621	Eliza Parsons	The Castle of Wolfenbach	http://gutenberg.net.au/ebooks06/0606211.txt http://gutenberg.net.au/ebooks06/0606211h.html
060620	Thomas Nelson Page	No Haid Pawn	http://gutenberg.net.au/ebooks06/0606201.txt http://gutenberg.net.au/ebooks06/0606201h.html
060619	Louisa Murray	Mr Gray's Strange Story	http://gutenberg.net.au/ebooks06/0606191.txt http://gutenberg.net.au/ebooks06/0606191h.html
060618	Thomas Love Peacock	Collected Stories	http://gutenberg.net.au/ebooks06/0606181.txt http://gutenberg.net.au/ebooks06/0606181h.html
060617	Margaret Oliphant	Collected Stories	http://gutenberg.net.au/ebooks06/0606171.txt http://gutenberg.net.au/ebooks06/0606171h.html
060616	Amyas Northcote	Collected Stories	http://gutenberg.net.au/ebooks06/0606161.txt http://gutenberg.net.au/ebooks06/0606161h.html
060615	Rosa Mulholland	Collected Stories	http://gutenberg.net.au/ebooks06/0606151.txt http://gutenberg.net.au/ebooks06/0606151h.html
060614	Arthur Morrison	The Thing In the Upper Room	http://gutenberg.net.au/ebooks06/0606141.txt http://gutenberg.net.au/ebooks06/0606141h.html
060613	W C Morrow	The Monster Maker and other stories	http://gutenberg.net.au/ebooks06/0606131.txt http://gutenberg.net.au/ebooks06/0606131h.html
060612	The Brotherhood of the Seven Kings,Meade & Eustace		http://gutenberg.net.au/ebooks06/0606121.txt http://gutenberg.net.au/ebooks06/0606121h.html
060611	Thomas Street Millington	No Living Voice	http://gutenberg.net.au/ebooks06/0606111.txt http://gutenberg.net.au/ebooks06/0606111h.html
060610	Fergus Hume	Hagar of the Pawn-Shop	http://gutenberg.net.au/ebooks06/0606101.txt http://gutenberg.net.au/ebooks06/0606101h.html
060609	Mary Louisa Molesworth	Collected stories	http://gutenberg.net.au/ebooks06/0606091.txt http://gutenberg.net.au/ebooks06/0606091h.html
060608	Edgar Rice Burroughs	Beyond The Farthest Star	http://gutenberg.net.au/ebooks06/0606081h.html
060607	Gordon MacCreagh	The Wood Devil Thing	http://gutenberg.net.au/ebooks06/0606071.txt http://gutenberg.net.au/ebooks06/0606071h.html
060606	Frederick Marryatt	The White Wolf and more	http://gutenberg.net.au/ebooks06/0606061.txt http://gutenberg.net.au/ebooks06/0606061h.html
060605	Francis Lathom	The Water Spectre	http://gutenberg.net.au/ebooks06/0606051.txt http://gutenberg.net.au/ebooks06/0606051h.html
060604	Ethel Colburne Mayne	The Separate Room	http://gutenberg.net.au/ebooks06/0606041.txt http://gutenberg.net.au/ebooks06/0606041h.html
060603	The Phial of Dread and other stories,by F H Ludlow		http://gutenberg.net.au/ebooks06/0606031.txt http://gutenberg.net.au/ebooks06/0606031h.html
060602	Leonard Kip	The Ghosts at Grantley	http://gutenberg.net.au/ebooks06/0606021.txt http://gutenberg.net.au/ebooks06/0606021h.html
060601	Eugene K Jones	The Ghost Whistle	http://gutenberg.net.au/ebooks06/0606011.txt http://gutenberg.net.au/ebooks06/0606011h.html
060600	Cutcliffe Hyne	The Escape Agents	http://gutenberg.net.au/ebooks06/0606001.txt http://gutenberg.net.au/ebooks06/0606001h.html
060599	J P Sousa	The Conspirators	http://gutenberg.net.au/ebooks06/0605991.txt http://gutenberg.net.au/ebooks06/0605991h.html
060598	M G Lewis	The Anaconda	http://gutenberg.net.au/ebooks06/0605981.txt http://gutenberg.net.au/ebooks06/0605981h.html
060597	M G Lewis	Mistrust or Blanche and Osbright	http://gutenberg.net.au/ebooks06/0605971.txt http://gutenberg.net.au/ebooks06/0605971h.html
060596	Charles Maturin	Leixlip Castle	http://gutenberg.net.au/ebooks06/0605961.txt http://gutenberg.net.au/ebooks06/0605961h.html
060595	Maurice Level	Collected stories	http://gutenberg.net.au/ebooks06/0605951.txt http://gutenberg.net.au/ebooks06/0605951h.html
060594	Henry James	Collected stories	http://gutenberg.net.au/ebooks06/0605941.txt http://gutenberg.net.au/ebooks06/0605941h.html
060593	Cutcliffe Hyne	Adventures of Captain Kettle	http://gutenberg.net.au/ebooks06/0605931.txt http://gutenberg.net.au/ebooks06/0605931h.html
060592	M R James	A Warning to the Curious	http://gutenberg.net.au/ebooks06/0605921h.txt http://gutenberg.net.au/ebooks06/0605921h.html
060591	George Lippard	A Night in Monk-Hall	http://gutenberg.net.au/ebooks06/0605911.txt http://gutenberg.net.au/ebooks06/0605911h.html
060590	William D Howells	Though One Rose From the Dead	http://gutenberg.net.au/ebooks06/0605901.txt http://gutenberg.net.au/ebooks06/0605901h.html
060589	William Hunt	The Spectre Bridegroom	http://gutenberg.net.au/ebooks06/0605891.txt http://gutenberg.net.au/ebooks06/0605891h.html
060588	Tom Hood	The Shadow of a Shade	http://gutenberg.net.au/ebooks06/0605881.txt http://gutenberg.net.au/ebooks06/0605881h.html
060587	Violet Hunt	The Prayer	http://gutenberg.net.au/ebooks06/0605871.txt http://gutenberg.net.au/ebooks06/0605871h.html
060586	Guy De Maupassant	The Flayed Hand	http://gutenberg.net.au/ebooks06/0605861.txt http://gutenberg.net.au/ebooks06/0605861h.html
060585	Beatrice Heron-Maxwell	The Devil Stone	http://gutenberg.net.au/ebooks06/0605851.txt http://gutenberg.net.au/ebooks06/0605851h.html
060584	Paul Heyse	Little Lisbeth	http://gutenberg.net.au/ebooks06/0605841.txt http://gutenberg.net.au/ebooks06/0605841h.html
060583	James Hogg	Collected Stories	http://gutenberg.net.au/ebooks06/0605831.txt http://gutenberg.net.au/ebooks06/0605831h.html
060582	E T A Hoffman	Mlle de Scuderi	http://gutenberg.net.au/ebooks06/0605821.txt http://gutenberg.net.au/ebooks06/0605821h.html
060581	E H Heron	Flaxman Low Occult Psychologist	http://gutenberg.net.au/ebooks06/0605811.txt http://gutenberg.net.au/ebooks06/0605811h.html
060580	E T A Hoffman	The Golden Flower Pot	http://gutenberg.net.au/ebooks06/0605801.txt http://gutenberg.net.au/ebooks06/0605801h.html
060579	E T A Hoffman	The Sand-Man and other stories	http://gutenberg.net.au/ebooks06/0605791.txt http://gutenberg.net.au/ebooks06/0605791h.html
060578	Carnacki Supernatural Detective and Others,Hodgson		http://gutenberg.net.au/ebooks06/0605781.txt http://gutenberg.net.au/ebooks06/0605781h.html
060577	Arthur Gray	The Everlasting Club	http://gutenberg.net.au/ebooks06/0605771.txt http://gutenberg.net.au/ebooks06/0605771h.html
060576	William Fryer Harvey	Collected Stories	http://gutenberg.net.au/ebooks06/0605761.txt http://gutenberg.net.au/ebooks06/0605761h.html
060575	Franz Hartman	Authenticated Vampire Story	http://gutenberg.net.au/ebooks06/0605751.txt http://gutenberg.net.au/ebooks06/0605751h.html
060574	Lafcadio Hearn	A Ghost Story and Others	http://gutenberg.net.au/ebooks06/0605741.txt http://gutenberg.net.au/ebooks06/0605741h.html
060573	T Gautier	The Mummy's Foot and other stories	http://gutenberg.net.au/ebooks06/0605731.txt http://gutenberg.net.au/ebooks06/0605731h.html
060572	Theophile Gautier	Jettatura	http://gutenberg.net.au/ebooks06/0605721.txt http://gutenberg.net.au/ebooks06/0605721h.html
060571	William Godwin	St Leon	http://gutenberg.net.au/ebooks06/0605711.txt http://gutenberg.net.au/ebooks06/0605711h.html
060570	M G Lewis	The Castle Spectre	http://gutenberg.net.au/ebooks06/0605701.txt http://gutenberg.net.au/ebooks06/0605701h.html
060569	Robert Murray Gilchrist	Witch In-Grain	http://gutenberg.net.au/ebooks06/0605691.txt http://gutenberg.net.au/ebooks06/0605691h.html
060568	Uncle Christian's Inheritance,by Erckmann-Chatrian		http://gutenberg.net.au/ebooks06/0605681.txt http://gutenberg.net.au/ebooks06/0605681h.html
060567	Eugene Field	The Werewolf	http://gutenberg.net.au/ebooks06/0605671.txt http://gutenberg.net.au/ebooks06/0605671h.html
060566	Augustus Hare	The Vampire of Croglin Grange	http://gutenberg.net.au/ebooks06/0605661.txt http://gutenberg.net.au/ebooks06/0605661h.html
060565	Hanns Heinz Ewers	The Spider	http://gutenberg.net.au/ebooks06/0605651.txt http://gutenberg.net.au/ebooks06/0605651h.html
060564	Ann Maria Hall	La Femme Noir	http://gutenberg.net.au/ebooks06/0605641.txt http://gutenberg.net.au/ebooks06/0605641h.html
060563	Thomas Hardy	Collected Stories	http://gutenberg.net.au/ebooks06/0605631.txt http://gutenberg.net.au/ebooks06/0605631h.html
060562	Charlotte Perkins Gilman	Collected Stories	http://gutenberg.net.au/ebooks06/0605621.txt http://gutenberg.net.au/ebooks06/0605621h.html
060561	Jack McLaren	My Crowded Solitude	http://gutenberg.net.au/ebooks06/0605611.txt http://gutenberg.net.au/ebooks06/0605611h.html
060560	George du Maurier	Trilby	http://gutenberg.net.au/ebooks06/0605601.txt
060559	The Phantom Coach and other stories,Amelia Edwards		http://gutenberg.net.au/ebooks06/0605591.txt http://gutenberg.net.au/ebooks06/0605591h.html
060558	The Old Nurse's Story and Other Tales,by E Gaskell		http://gutenberg.net.au/ebooks06/0605581.txt http://gutenberg.net.au/ebooks06/0605581h.html
060557	G K Chesterton	The Napoleon of Notting Hill	http://gutenberg.net.au/ebooks06/0605571.txt http://gutenberg.net.au/ebooks06/0605571h.html
060556	Elizabeth Gaskell	The Grey Woman	http://gutenberg.net.au/ebooks06/0605561.txt http://gutenberg.net.au/ebooks06/0605561h.html
060555	R Austin Freeman	The Eye of Osiris	http://gutenberg.net.au/ebooks06/0605551.txt http://gutenberg.net.au/ebooks06/0605551h.html
060554	Elizabeth Gaskell	Lois the Witch	http://gutenberg.net.au/ebooks06/0605541.txt http://gutenberg.net.au/ebooks06/0605541h.html
060553	A Gentle Ghost and Other Stories,by Mary E Freeman		http://gutenberg.net.au/ebooks06/0605531.txt http://gutenberg.net.au/ebooks06/0605531h.html
060552	M E M Davis	The Soul of Rose Dede	http://gutenberg.net.au/ebooks06/0605521.txt http://gutenberg.net.au/ebooks06/0605521h.html
060551	Dick Donovan	The Problem of Dead Wood Hall	http://gutenberg.net.au/ebooks06/0605511h.html
060550	George Norman Douglas	The Haunted Cove	http://gutenberg.net.au/ebooks06/0605501.txt http://gutenberg.net.au/ebooks06/0605501h.html
060549	The Dying of Francis Donne & others,Ernest Dowson		http://gutenberg.net.au/ebooks06/0605491.txt http://gutenberg.net.au/ebooks06/0605491h.html
060548	Benjamin Disraeli	A True Story	http://gutenberg.net.au/ebooks06/0605481.txt http://gutenberg.net.au/ebooks06/0605481h.html
060547	Giovanni Boccaccio	A Story of Ravenna	http://gutenberg.net.au/ebooks06/0605471.txt http://gutenberg.net.au/ebooks06/0605471h.html
060546	R H Malden	Nine Ghosts	http://gutenberg.net.au/ebooks06/0605461.txt http://gutenberg.net.au/ebooks06/0605461h.html
060545	Stephen Crane	The Monster and Other Stories	http://gutenberg.net.au/ebooks06/0605451h.html
060544	The Maker of Moons and Other Stories,by R Chambers		http://gutenberg.net.au/ebooks06/0605441.txt http://gutenberg.net.au/ebooks06/0605441h.html
060543	In Kropsberg Keep and Other Stories,Ralph A Cram		http://gutenberg.net.au/ebooks06/0605431.txt http://gutenberg.net.au/ebooks06/0605431h.html
060542	For the Blood is the Life & Other Stories,Crawford		http://gutenberg.net.au/ebooks06/0605421.txt http://gutenberg.net.au/ebooks06/0605421h.html
060541	Excalibur: An Arthurian Drama,by Ralph Adams Cram		http://gutenberg.net.au/ebooks06/0605411.txt http://gutenberg.net.au/ebooks06/0605411h.html
060540	George Collingridge	The Discovery of Australia	http://gutenberg.net.au/ebooks06/0605401.txt http://gutenberg.net.au/ebooks06/0605401h.html
060539	 by Ella D'Arcy	The Villa Lucienne	http://gutenberg.net.au/ebooks06/0605391.txt http://gutenberg.net.au/ebooks06/0605391h.html
060538	Arthur Willis Colton	The Spiral Stone	http://gutenberg.net.au/ebooks06/0605381.txt http://gutenberg.net.au/ebooks06/0605381h.html
060537	Pierre Courtois	The Silent Couple	http://gutenberg.net.au/ebooks06/0605371.txt http://gutenberg.net.au/ebooks06/0605371h.html
060536	Hugh Conway	The Secret of the Stradivarius	http://gutenberg.net.au/ebooks06/0605361.txt http://gutenberg.net.au/ebooks06/0605361h.html
060535	Wardon Allan Curtis	The Monster of Lake Lametrie	http://gutenberg.net.au/ebooks06/0605351.txt http://gutenberg.net.au/ebooks06/0605351h.html
060534	Catherine Crow	Round the Fire	http://gutenberg.net.au/ebooks06/0605341.txt http://gutenberg.net.au/ebooks06/0605341h.html
060533	Mary Cholmondeley	Let Loose	http://gutenberg.net.au/ebooks06/0605331.txt http://gutenberg.net.au/ebooks06/0605331h.html
060532	B M Croker	Collected Stories	http://gutenberg.net.au/ebooks06/0605321.txt http://gutenberg.net.au/ebooks06/0605321h.html
060531	Camlan and The Shadow of the Sword,Robert Buchanan		http://gutenberg.net.au/ebooks06/0605311.txt http://gutenberg.net.au/ebooks06/0605311h.html
060530	Robert Buchanan	God and the Man	http://gutenberg.net.au/ebooks06/0605301.txt http://gutenberg.net.au/ebooks06/0605301h.html
060529	Bernard Capes	Collected Stories	http://gutenberg.net.au/ebooks06/0605291.txt http://gutenberg.net.au/ebooks06/0605291h.html
060528	Rhoda Broughton	Collected Stories	http://gutenberg.net.au/ebooks06/0605281.txt http://gutenberg.net.au/ebooks06/0605281h.html
060527	Charles Brockden Brown	Ormond	http://gutenberg.net.au/ebooks06/0605271.txt http://gutenberg.net.au/ebooks06/0605271h.html
060526	Mary E Braddon	Collected Stories	http://gutenberg.net.au/ebooks06/0605261.txt http://gutenberg.net.au/ebooks06/0605261h.html
060525	H P Blavatsky	Nightmare Tales	http://gutenberg.net.au/ebooks06/0605251.txt http://gutenberg.net.au/ebooks06/0605251h.html
060524	The Damned and Other Stories,by Algernon Blackwood		http://gutenberg.net.au/ebooks06/0605241.txt http://gutenberg.net.au/ebooks06/0605241h.html
060523	Valery Bryusov	Collected Stories	http://gutenberg.net.au/ebooks06/0605231.txt http://gutenberg.net.au/ebooks06/0605231h.html
060522	Stella Benson	The Desert Islander	http://gutenberg.net.au/ebooks06/0605221.txt http://gutenberg.net.au/ebooks06/0605221h.html
060521	Robert Hugh Benson	Father Meuron's Tale	http://gutenberg.net.au/ebooks06/0605211.txt http://gutenberg.net.au/ebooks06/0605211h.html
060520	A C Benson	Out of the Sea	http://gutenberg.net.au/ebooks06/0605201.txt http://gutenberg.net.au/ebooks06/0605201h.html
060519	L Frank Baum	The Tiger's Eye	http://gutenberg.net.au/ebooks06/0605191.txt http://gutenberg.net.au/ebooks06/0605191h.html
060518	Marjorie Bowen	Black Magic	http://gutenberg.net.au/ebooks06/0605181.txt http://gutenberg.net.au/ebooks06/0605181h.html
060517	E F Benson	Collected Stories	http://gutenberg.net.au/ebooks06/0605171.txt http://gutenberg.net.au/ebooks06/0605171h.html
060516	Sabine Baring-Gould	Bladys of the Stewponey	http://gutenberg.net.au/ebooks06/0605161.txt http://gutenberg.net.au/ebooks06/0605161h.html
060515	Sabine Baring-Gould	A Dead Finger	http://gutenberg.net.au/ebooks06/0605151.txt http://gutenberg.net.au/ebooks06/0605151h.html
060514	Richard Barham	Collected Stories	http://gutenberg.net.au/ebooks06/0605141.txt http://gutenberg.net.au/ebooks06/0605141h.html
060513	Honore de Balzac	The Mysterious Mansion	http://gutenberg.net.au/ebooks06/0605131.txt http://gutenberg.net.au/ebooks06/0605131h.html
060512	How We Got Up the Glenmutchkin Railway,W E Aytoun		http://gutenberg.net.au/ebooks06/0605121.txt http://gutenberg.net.au/ebooks06/0605121h.html
060511	Louisa Baldwin	Collected Stories	http://gutenberg.net.au/ebooks06/0605111.txt http://gutenberg.net.au/ebooks06/0605111h.html
060510	Gertrude Atherton	Collected Stories	http://gutenberg.net.au/ebooks06/0605101.txt http://gutenberg.net.au/ebooks06/0605101h.html
060509	Aylmer Vance and the Vampire,Alice & Claude Askew		http://gutenberg.net.au/ebooks06/0605091.txt http://gutenberg.net.au/ebooks06/0605091h.html
060508	F Anstey	The Curse of the Catafalques	http://gutenberg.net.au/ebooks06/0605081.txt http://gutenberg.net.au/ebooks06/0605081h.html
060507	Mary Raymond Andrews	Through the Ivory Gate	http://gutenberg.net.au/ebooks06/0605071.txt http://gutenberg.net.au/ebooks06/0605071h.html
060506	Stanley G. Weinbaum	Tidal Moon	http://gutenberg.net.au/ebooks06/0605061.txt http://gutenberg.net.au/ebooks06/0605061h.html
060505	Marjorie Bowen	The Folding Doors	http://gutenberg.net.au/ebooks06/0605051.txt http://gutenberg.net.au/ebooks06/0605051h.html
060504	Frank L. Pollack	Finis	http://gutenberg.net.au/ebooks06/0605041.txt http://gutenberg.net.au/ebooks06/0605041h.html
060499	Edgar Wallace	Again Sanders	http://gutenberg.net.au/ebooks06/0604991.txt http://gutenberg.net.au/ebooks06/0604991h.html
060482	Erle Cox	Out of the Silence	http://gutenberg.net.au/ebooks06/0604821.txt http://gutenberg.net.au/ebooks06/0604821h.html
060429	George L Eaton	Bill Barnes Takes a Holiday	http://gutenberg.net.au/ebooks06/0604291.txt http://gutenberg.net.au/ebooks06/0604291h.html
060428	Arthur Leo Zagat	The Lanson Screen	http://gutenberg.net.au/ebooks06/0604281h.html
060427	Kenneth Robeson	Mad Eyes	http://gutenberg.net.au/ebooks06/0604271.txt http://gutenberg.net.au/ebooks06/0604271h.html
060426	Kenneth Robeson	Land Of Long Ju Ju	http://gutenberg.net.au/ebooks06/0604261.txt http://gutenberg.net.au/ebooks06/0604261h.html
060425	Kenneth Robeson	He Could Stop the World	http://gutenberg.net.au/ebooks06/0604251.txt http://gutenberg.net.au/ebooks06/0604251h.html
060424	Randall Craig	Satan's Incubator	http://gutenberg.net.au/ebooks06/0604241.txt http://gutenberg.net.au/ebooks06/0604241h.html
060423	Randall Craig	The City Condemned to Hell	http://gutenberg.net.au/ebooks06/0604231.txt http://gutenberg.net.au/ebooks06/0604231h.html
060422	F Marion Crawford	The Upper Berth	http://gutenberg.net.au/ebooks06/0604221.txt http://gutenberg.net.au/ebooks06/0604221h.html
060421	Stanley Weinbaum	The Mad Moon	http://gutenberg.net.au/ebooks06/0604211.txt http://gutenberg.net.au/ebooks06/0604211h.html
060420	Anonymous	The Dead Bride	http://gutenberg.net.au/ebooks06/0604201.txt http://gutenberg.net.au/ebooks06/0604201h.html
060419	Arthur Machen	Change	http://gutenberg.net.au/ebooks06/0604191.txt http://gutenberg.net.au/ebooks06/0604191h.html
060418	Wilder Anthony	When Super-Apes Plot	http://gutenberg.net.au/ebooks06/0604181.txt http://gutenberg.net.au/ebooks06/0604181h.html
060417	Abdullah Achmed	Fear and Other Stories	http://gutenberg.net.au/ebooks06/0604171.txt http://gutenberg.net.au/ebooks06/0604171h.html
060416	Kenneth Robeson	Murder Mirage	http://gutenberg.net.au/ebooks06/0604161.txt http://gutenberg.net.au/ebooks06/0604161h.html
060415	Kenneth Robeson	The Black Spot	http://gutenberg.net.au/ebooks06/0604151.txt http://gutenberg.net.au/ebooks06/0604151h.html
060414	Kenneth Robeson	Haunted Ocean	http://gutenberg.net.au/ebooks06/0604141.txt http://gutenberg.net.au/ebooks06/0604141h.html
060413	Kenneth Robeson	Cold Death	http://gutenberg.net.au/ebooks06/0604131.txt http://gutenberg.net.au/ebooks06/0604131h.html
060412	Kenneth Robeson	The Men Who Smiled No More	http://gutenberg.net.au/ebooks06/0604121.txt http://gutenberg.net.au/ebooks06/0604121h.html
060411	Kenneth Robeson	Murder Melody	http://gutenberg.net.au/ebooks06/0604111.txt http://gutenberg.net.au/ebooks06/0604111h.html
060410	Brant House	The Fear Merchants	http://gutenberg.net.au/ebooks06/0604101h.html
060409	Brant House	Legion of the Living Dead	http://gutenberg.net.au/ebooks06/0604091h.html
060408	Paul Chadwick	Doctor Zero and Others	http://gutenberg.net.au/ebooks06/0604081.txt http://gutenberg.net.au/ebooks06/0604081h.html
060407	Hugh Walpole	All Souls' night	http://gutenberg.net.au/ebooks06/0604071.txt http://gutenberg.net.au/ebooks06/0604071h.html
060406	Ellen Glasgow	They Stooped to Folly	http://gutenberg.net.au/ebooks06/0604061.txt http://gutenberg.net.au/ebooks06/0604061h.html
060405	Arthur Machen	The Terror	http://gutenberg.net.au/ebooks06/0604051.txt http://gutenberg.net.au/ebooks06/0604051h.html
060404	H G Wells	The Land Ironclads	http://gutenberg.net.au/ebooks06/0604041.txt http://gutenberg.net.au/ebooks06/0604041h.html
060403	Sinclair Lewis	Bethel Merriday	http://gutenberg.net.au/ebooks06/0604031.txt http://gutenberg.net.au/ebooks06/0604031h.html
060402	James Anson Buck	Killer's Kraal	http://gutenberg.net.au/ebooks06/0604021h.html
060401	John Peter Drummond	Tigress of T'wanbi	http://gutenberg.net.au/ebooks06/0604011.txt http://gutenberg.net.au/ebooks06/0604011h.html
060400	John P Drummond	The Nirvana of the Seven Voodoos	http://gutenberg.net.au/ebooks06/0604001.txt http://gutenberg.net.au/ebooks06/0604001h.html
060399	John Peter Drummond	Bride of the Serpent God	http://gutenberg.net.au/ebooks06/0603991.txt http://gutenberg.net.au/ebooks06/0603991h.html
060398	Bob Byrd	King of Claw and Fang	http://gutenberg.net.au/ebooks06/0603981.txt http://gutenberg.net.au/ebooks06/0603981h.html
060397	Lawrence Donovan	Whispering Death	http://gutenberg.net.au/ebooks06/0603971h.html
060396	Lawrence Donovan	Pin Up Girl Murders	http://gutenberg.net.au/ebooks06/0603961h.html
060395	Lawrence Donovan	Moon Riders	http://gutenberg.net.au/ebooks06/0603951h.html
060394	Robert Wallace	The Sinister Dr Wong	http://gutenberg.net.au/ebooks06/0603941h.html
060393	Robert Wallace	Death Flight	http://gutenberg.net.au/ebooks06/0603931h.html
060392	Robert Wallace	Empire Of Terror	http://gutenberg.net.au/ebooks06/0603921h.html
060391	Emile C Tepperman	War Masters From The Orient	http://gutenberg.net.au/ebooks06/0603911h.html
060390	Tepperman	The Suicide Squad--Dead Or Alive	http://gutenberg.net.au/ebooks06/0603901h.html
060389	The Suicide Squad and the Murder Bund,by Tepperman		http://gutenberg.net.au/ebooks06/0603891h.html
060388	Tepperman	The Suicide Squad Reports For Death	http://gutenberg.net.au/ebooks06/0603881h.html
060387	Suicide Squad--Targets For The Flaming Arrows		http://gutenberg.net.au/ebooks06/0603871h.html
060386	Emile C Tepperman	Married For Murder	http://gutenberg.net.au/ebooks06/0603861h.html
060385	Emile C Tepperman	A Half Interest in Hell	http://gutenberg.net.au/ebooks06/0603851h.html
060383	Emile C Tepperman	Manchu Skull	http://gutenberg.net.au/ebooks06/0603831h.html
060382	Emile C Tepperman	In This Corner--Death	http://gutenberg.net.au/ebooks06/0603821h.html
060381	Emile C Tepperman	Raiders Of The Red Death	http://gutenberg.net.au/ebooks06/0603811h.html
060380	Rudyard Kipling	Thy Servant a Dog	http://gutenberg.net.au/ebooks06/0603801.txt http://gutenberg.net.au/ebooks06/0603801h.html
060379	Rudyard Kipling	Many Inventions	http://gutenberg.net.au/ebooks06/0603791.txt http://gutenberg.net.au/ebooks06/0603791h.html
060378	Rudyard Kipling	Limits and Renewals	http://gutenberg.net.au/ebooks06/0603781.txt http://gutenberg.net.au/ebooks06/0603781h.html
060377	Rudyard Kipling	Debits and Credits	http://gutenberg.net.au/ebooks06/0603771.txt http://gutenberg.net.au/ebooks06/0603771h.html
060376	Miles Breuer	The Raid from Mars	http://gutenberg.net.au/ebooks06/0603761h.html
060375	Joseph Sheridan Le Fanu	The Familiar	http://gutenberg.net.au/ebooks06/0603751.txt http://gutenberg.net.au/ebooks06/0603751h.html
060374	Talbot Mundy	The Lady and The Lord	http://gutenberg.net.au/ebooks06/0603741.txt http://gutenberg.net.au/ebooks06/0603741h.html
060373	W Irving	The Adventure of the German Student	http://gutenberg.net.au/ebooks06/0603731.txt http://gutenberg.net.au/ebooks06/0603731h.html
060372	Perley Poore Sheehan	Where Terror Lurked	http://gutenberg.net.au/ebooks06/0603721.txt http://gutenberg.net.au/ebooks06/0603721h.html
060371	The Red Road to Shamballah,by Perley Poore Sheehan		http://gutenberg.net.au/ebooks06/0603711.txt http://gutenberg.net.au/ebooks06/0603711h.html
060370	Perley Poore Sheehan	The Green Shiver	http://gutenberg.net.au/ebooks06/0603701.txt http://gutenberg.net.au/ebooks06/0603701h.html
060369	Perley Poore Sheehan	The Fighting Fool	http://gutenberg.net.au/ebooks06/0603691.txt http://gutenberg.net.au/ebooks06/0603691h.html
060368	Perley Poore Sheehan	The Black Abbot	http://gutenberg.net.au/ebooks06/0603681.txt http://gutenberg.net.au/ebooks06/0603681h.html
060367	Perley Poore Sheehan	Spider Tong	http://gutenberg.net.au/ebooks06/0603671.txt http://gutenberg.net.au/ebooks06/0603671h.html
060366	Perley Poore Sheehan	Monsieur de Guise	http://gutenberg.net.au/ebooks06/0603661.txt http://gutenberg.net.au/ebooks06/0603661h.html
060365	Perley Poore Sheehan	Kwa and the Ape People	http://gutenberg.net.au/ebooks06/0603651.txt http://gutenberg.net.au/ebooks06/0603651h.html
060364	John York Cabot	Hammer of the Gods	http://gutenberg.net.au/ebooks06/0603641.txt http://gutenberg.net.au/ebooks06/0603641h.html
060363	Stanley Waterloo	Christmas 200000 BC	http://gutenberg.net.au/ebooks06/0603631.txt http://gutenberg.net.au/ebooks06/0603631h.html
060362	Stanley Waterloo	An Ulm	http://gutenberg.net.au/ebooks06/0603621.txt http://gutenberg.net.au/ebooks06/0603621h.html
060361	Otis Adelbert Kline	Man from the Moon	http://gutenberg.net.au/ebooks06/0603611.txt http://gutenberg.net.au/ebooks06/0603611h.html
060360	Jacques Futrelle	The Problem of Cell 13	http://gutenberg.net.au/ebooks06/0603601h.html
060359	Jacques Futrelle	The Haunted Bell	http://gutenberg.net.au/ebooks06/0603591.txt http://gutenberg.net.au/ebooks06/0603591h.html
060358	Max Afford	The Gland Men of the Island	http://gutenberg.net.au/ebooks06/0603581.txt http://gutenberg.net.au/ebooks06/0603581h.html
060357	Robert E Howard	The Hyborian Age	http://gutenberg.net.au/ebooks06/0603571h.html
060356	Fred Merrick White	The River of Death	http://gutenberg.net.au/ebooks06/0603561.txt http://gutenberg.net.au/ebooks06/0603561h.html
060355	Fred Merrick White	The Invisible Force	http://gutenberg.net.au/ebooks06/0603551.txt http://gutenberg.net.au/ebooks06/0603551h.html
060354	Fred Merrick White	The Four White Days	http://gutenberg.net.au/ebooks06/0603541.txt http://gutenberg.net.au/ebooks06/0603541h.html
060353	Fred Merrick White	The Four Days' Night	http://gutenberg.net.au/ebooks06/0603531.txt http://gutenberg.net.au/ebooks06/0603531h.html
060352	Fred Merrick White	The Dust of Death	http://gutenberg.net.au/ebooks06/0603521.txt http://gutenberg.net.au/ebooks06/0603521h.html
060351	Fred Merrick White	A Bubble Burst	http://gutenberg.net.au/ebooks06/0603511.txt http://gutenberg.net.au/ebooks06/0603511h.html
060350	James Morgan Walsh	Vandals of the Void	http://gutenberg.net.au/ebooks06/0603501.txt http://gutenberg.net.au/ebooks06/0603501h.html
060349	Robert E Howard	The Shadow Kingdom	http://gutenberg.net.au/ebooks06/0603491h.html
060348	Robert E Howard	The Mirrors of Tuzun Thune	http://gutenberg.net.au/ebooks06/0603481h.html
060347	Longus	Daphnis and Chloe	http://gutenberg.net.au/ebooks06/0603471.txt
060346	Andrew Barton Paterson	The Shearer's Colt	http://gutenberg.net.au/ebooks06/0603461.txt http://gutenberg.net.au/ebooks06/0603461h.html
060345	Andrew Barton Paterson	Happy Dispatches	http://gutenberg.net.au/ebooks06/0603451.txt http://gutenberg.net.au/ebooks06/0603451h.html
060344	Andrew Barton Paterson	The Animals Noah Forgot	http://gutenberg.net.au/ebooks06/0603441.txt http://gutenberg.net.au/ebooks06/0603441h.html
060343	Hugh Lofting	Doctor Dolittle's Garden	http://gutenberg.net.au/ebooks06/0603431.txt http://gutenberg.net.au/ebooks06/0603431h.html
060342	Rafael Sabatini	The Spiritualist	http://gutenberg.net.au/ebooks06/0603421.txt http://gutenberg.net.au/ebooks06/0603421h.html
060341	Poe	Tales of the Grotesque and Arabesque Vol 2	http://gutenberg.net.au/ebooks06/0603411.txt http://gutenberg.net.au/ebooks06/0603411h.html
060340	Poe	Tales of the Grotesque and Arabesque Vol 1	http://gutenberg.net.au/ebooks06/0603401.txt http://gutenberg.net.au/ebooks06/0603401h.html
060339	Edgar Allan Poe	Eureka	http://gutenberg.net.au/ebooks06/0603391.txt http://gutenberg.net.au/ebooks06/0603391h.html
060338	Catherine Helen Spence	A Week in the Future	http://gutenberg.net.au/ebooks06/0603381.txt http://gutenberg.net.au/ebooks06/0603381h.html
060337	George Griffith	The Romance of Golden Star	http://gutenberg.net.au/ebooks06/0603371.txt http://gutenberg.net.au/ebooks06/0603371h.html
060336	George Griffith	The Raid of Le Vengeur	http://gutenberg.net.au/ebooks06/0603361.txt http://gutenberg.net.au/ebooks06/0603361h.html
060335	George Griffith	From Pole to Pole	http://gutenberg.net.au/ebooks06/0603351.txt http://gutenberg.net.au/ebooks06/0603351h.html
060334	George Griffith	A Corner in Lightning	http://gutenberg.net.au/ebooks06/0603341.txt http://gutenberg.net.au/ebooks06/0603341h.html
060328	Ellen Glasgow	The Sheltered Life	http://gutenberg.net.au/ebooks06/0603281.txt http://gutenberg.net.au/ebooks06/0603281h.html
060327	Arthur Conan Doyle	The Maracot Deep	http://gutenberg.net.au/ebooks06/0603271.txt http://gutenberg.net.au/ebooks06/0603271h.html
060326	Fitz-James O'Brien	What Was It?	http://gutenberg.net.au/ebooks06/0603261.txt http://gutenberg.net.au/ebooks06/0603261h.html
060325	Fitz-James O'Brien	My Wife's Tempter	http://gutenberg.net.au/ebooks06/0603251.txt http://gutenberg.net.au/ebooks06/0603251h.html
060324	Fitz-James O'Brien	The Child Who Loved a Grave	http://gutenberg.net.au/ebooks06/0603241.txt http://gutenberg.net.au/ebooks06/0603241h.html
060323	Fitz-James O'Brien	The Diamond Lens	http://gutenberg.net.au/ebooks06/0603231.txt http://gutenberg.net.au/ebooks06/0603231h.html
060322	Fitz-James O'Brien	The Golden Ingot	http://gutenberg.net.au/ebooks06/0603221.txt http://gutenberg.net.au/ebooks06/0603221h.html
060321	Fitz-James O'Brien	The Wondersmith	http://gutenberg.net.au/ebooks06/0603211.txt http://gutenberg.net.au/ebooks06/0603211h.html
060320	Mary Shelley	Falkner; A Novel	http://gutenberg.net.au/ebooks06/0603201.txt http://gutenberg.net.au/ebooks06/0603201h.html
060319	Henry Kingsley	Stretton	http://gutenberg.net.au/ebooks06/0603191.txt http://gutenberg.net.au/ebooks06/0603191h.html
060318	Emma Southworth	The Hidden Hand	http://gutenberg.net.au/ebooks06/0603181.txt http://gutenberg.net.au/ebooks06/0603181h.html
060317	Zane Grey	Selected Short Works	http://gutenberg.net.au/ebooks06/0603171.txt http://gutenberg.net.au/ebooks06/0603171h.html
060316	Mary Shelley	The Evil Eye	http://gutenberg.net.au/ebooks06/0603161.txt http://gutenberg.net.au/ebooks06/0603161h.html
060315	Mary Shelley	The Invisible Girl	http://gutenberg.net.au/ebooks06/0603151.txt http://gutenberg.net.au/ebooks06/0603151h.html
060314	Mary Shelley	The Dream	http://gutenberg.net.au/ebooks06/0603141.txt http://gutenberg.net.au/ebooks06/0603141h.html
060313	Arthur Conan Doyle	The Brown Hand	http://gutenberg.net.au/ebooks06/0603131.txt http://gutenberg.net.au/ebooks06/0603131h.html
060312	Arthur Conan Doyle	The Bully of Brocas Court	http://gutenberg.net.au/ebooks06/0603121.txt http://gutenberg.net.au/ebooks06/0603121h.html
060311	Arthur Conan Doyle	Playing with Fire	http://gutenberg.net.au/ebooks06/0603111.txt http://gutenberg.net.au/ebooks06/0603111h.html
060310	H G Wells	Ugh-Lomi and Uya	http://gutenberg.net.au/ebooks06/0603101.txt http://gutenberg.net.au/ebooks06/0603101h.html
060309	H G Wells	Ugh-Lomi and the Cave Bear	http://gutenberg.net.au/ebooks06/0603091.txt http://gutenberg.net.au/ebooks06/0603091h.html
060308	H G Wells	The Reign of Uya the Lion	http://gutenberg.net.au/ebooks06/0603081.txt http://gutenberg.net.au/ebooks06/0603081h.html
060307	John Buchan	Collected Supernatural Stories	http://gutenberg.net.au/ebooks06/0603071.txt http://gutenberg.net.au/ebooks06/0603071h.html
060306	H G Wells	The First Horseman	http://gutenberg.net.au/ebooks06/0603061.txt http://gutenberg.net.au/ebooks06/0603061h.html
060305	H G Wells	The Fight in the Lion's Thicket	http://gutenberg.net.au/ebooks06/0603051.txt http://gutenberg.net.au/ebooks06/0603051h.html
060304	Alcott	Lost in a Pyramid or the Mummy's Curse	http://gutenberg.net.au/ebooks06/0603041.txt http://gutenberg.net.au/ebooks06/0603041h.html
060303	Louisa May Alcott	Perilous Play	http://gutenberg.net.au/ebooks06/0603031.txt http://gutenberg.net.au/ebooks06/0603031h.html
060302	Louisa May Alcott	A Strange Island	http://gutenberg.net.au/ebooks06/0603021.txt http://gutenberg.net.au/ebooks06/0603021h.html
060301	Louisa May Alcott	Dr Dorn's Revenge	http://gutenberg.net.au/ebooks06/0603011.txt http://gutenberg.net.au/ebooks06/0603011h.html
060300	J D Beresford	The Misanthrope	http://gutenberg.net.au/ebooks06/0603001.txt http://gutenberg.net.au/ebooks06/0603001h.html
060299	Anonymous	The Spectral Coach of Blackadon	http://gutenberg.net.au/ebooks06/0602991.txt http://gutenberg.net.au/ebooks06/0602991h.html
060298	Francis Stevens	Claimed!	http://gutenberg.net.au/ebooks06/0602981h.html
060297	Francis Stevens	Unseen - Unfeared	http://gutenberg.net.au/ebooks06/0602971h.html
060296	W H Ainsworth	A Night's Adventure in Rome	http://gutenberg.net.au/ebooks06/0602961.txt http://gutenberg.net.au/ebooks06/0602961h.html
060295	William Harrison Ainsworth	Auriol	http://gutenberg.net.au/ebooks06/0602951.txt http://gutenberg.net.au/ebooks06/0602951h.html
060294	William H Ainsworth	Boscobel or the Royal Oak	http://gutenberg.net.au/ebooks06/0602941.txt http://gutenberg.net.au/ebooks06/0602941h.html
060293	Emmuska Orczy	In the Rue Monge	http://gutenberg.net.au/ebooks06/0602931h.html
060292	Frank R Stockton	Old Applejoy's Ghost	http://gutenberg.net.au/ebooks06/0602921.txt http://gutenberg.net.au/ebooks06/0602921h.html
060291	H G Wells	The Chronic Argonauts	http://gutenberg.net.au/ebooks06/0602911.txt http://gutenberg.net.au/ebooks06/0602911h.html
060290	S V Benet	The Devil and Daniel Webster	http://gutenberg.net.au/ebooks06/0602901.txt http://gutenberg.net.au/ebooks06/0602901h.html
060289	J Y Akerman	The Miniature	http://gutenberg.net.au/ebooks06/0602891.txt http://gutenberg.net.au/ebooks06/0602891h.html
060288	Mary Shelley	On Ghosts	http://gutenberg.net.au/ebooks06/0602881.txt http://gutenberg.net.au/ebooks06/0602881h.html
060287	Emmuska Orczy	Lord Tony's Wife	http://gutenberg.net.au/ebooks06/0602871h.html
060286	M P Shiel	Many a Tear	http://gutenberg.net.au/ebooks06/0602861.txt http://gutenberg.net.au/ebooks06/0602861h.html
060285	M P Shiel	Xelucha	http://gutenberg.net.au/ebooks06/0602851.txt http://gutenberg.net.au/ebooks06/0602851h.html
060284	M P Shiel	Vaila	http://gutenberg.net.au/ebooks06/0602841.txt http://gutenberg.net.au/ebooks06/0602841h.html
060283	M P Shiel	The Pale Ape	http://gutenberg.net.au/ebooks06/0602831.txt http://gutenberg.net.au/ebooks06/0602831h.html
060282	M P Shiel	The Bride	http://gutenberg.net.au/ebooks06/0602821.txt http://gutenberg.net.au/ebooks06/0602821h.html
060281	George Griffith	The World Peril of 1910	http://gutenberg.net.au/ebooks06/0602811.txt http://gutenberg.net.au/ebooks06/0602811h.html
060280	Mary Fortune	Traces of Crime	http://gutenberg.net.au/ebooks06/0602801.txt http://gutenberg.net.au/ebooks06/0602801h.html
060279	Mary Fortune	My Lodger	http://gutenberg.net.au/ebooks06/0602791.txt http://gutenberg.net.au/ebooks06/0602791h.html
060278	Mary Fortune	The White Maniac	http://gutenberg.net.au/ebooks06/0602781.txt http://gutenberg.net.au/ebooks06/0602781h.html
060277	Emmuska Orczy	A Child of the Revolution	http://gutenberg.net.au/ebooks06/0602771h.html
060276	E Orczy	The Triumph of the Scarlet Pimpernel	http://gutenberg.net.au/ebooks06/0602761h.html
060275	Emmuska Orczy	Lady Molly of Scotland Yard	http://gutenberg.net.au/ebooks06/0602751h.html
060274	Emmuska Orczy	The Way of the Scarlet Pimpernel	http://gutenberg.net.au/ebooks06/0602741h.html
060273	Emmuska Orczy	Sir Percy Hits Back	http://gutenberg.net.au/ebooks06/0602731h.html
060272	Emmuska Orczy	Sir Percy Leads the Band	http://gutenberg.net.au/ebooks06/0602721h.html
060271	E Orczy	Adventures of the Scarlet Pimpernel	http://gutenberg.net.au/ebooks06/0602711h.html
060270	Hume Nisbet	The Swampers	http://gutenberg.net.au/ebooks06/0602701.txt http://gutenberg.net.au/ebooks06/0602701h.html
060269	Marcus Clarke	Old tales of a Young Country	http://gutenberg.net.au/ebooks06/0602691.txt
060268	Marcus Clarke	Long Odds	http://gutenberg.net.au/ebooks06/0602681.txt
060267	Marcus Clarke	Four Stories High	http://gutenberg.net.au/ebooks06/0602671.txt
060266	John Buchan	The Power-House	http://gutenberg.net.au/ebooks06/0602661.txt http://gutenberg.net.au/ebooks06/0602661h.html
060265	John Boyle O'Reilly	Moondyne	http://gutenberg.net.au/ebooks06/0602651.txt http://gutenberg.net.au/ebooks06/0602651h.html
060264	Stanley G Weinbaum	The Brink of Infinity	http://gutenberg.net.au/ebooks06/0602641.txt http://gutenberg.net.au/ebooks06/0602641h.html
060263	Emmuska Orczy	Pimpernel and Rosemary	http://gutenberg.net.au/ebooks06/0602631h.html
060262	Emmuska Orczy	Mam'zelle Guillotine	http://gutenberg.net.au/ebooks06/0602621h.html
060261	Emmuska Orczy	The Laughing Cavalier	http://gutenberg.net.au/ebooks06/0602611h.html
060260	Emmuska Orczy	The First Sir Percy	http://gutenberg.net.au/ebooks06/0602601h.html
060259	Edith Nesbit	The Mystery of the Semi-Detached	http://gutenberg.net.au/ebooks06/0602591.txt http://gutenberg.net.au/ebooks06/0602591h.html
060258	Anonymous	Sweeney Todd	http://gutenberg.net.au/ebooks06/0602581.txt http://gutenberg.net.au/ebooks06/0602581h.html
060257	Anonymous	Spring Heeled Jack	http://gutenberg.net.au/ebooks06/0602571h.html
060256	Edith Nesbit	The Power of Darkness	http://gutenberg.net.au/ebooks06/0602561.txt http://gutenberg.net.au/ebooks06/0602561h.html
060255	Edith Nesbit	The Ebony Frame	http://gutenberg.net.au/ebooks06/0602551.txt http://gutenberg.net.au/ebooks06/0602551h.html
060254	Edith Nesbit	The Magic World	http://gutenberg.net.au/ebooks06/0602541.txt http://gutenberg.net.au/ebooks06/0602541h.html
060253	Edith Nesbit	In The Dark	http://gutenberg.net.au/ebooks06/0602531.txt http://gutenberg.net.au/ebooks06/0602531h.html
060252	The Tachypomp and Other Stories,by Edward Mitchell		http://gutenberg.net.au/ebooks06/0602521.txt http://gutenberg.net.au/ebooks06/0602521h.html
060251	Edith Nesbit	Man Size In Marble	http://gutenberg.net.au/ebooks06/0602511.txt http://gutenberg.net.au/ebooks06/0602511h.html
060250	Edith Nesbit	John Charrington's Wedding	http://gutenberg.net.au/ebooks06/0602501.txt http://gutenberg.net.au/ebooks06/0602501h.html
060249	Bram Stoker	The Dualitists	http://gutenberg.net.au/ebooks06/0602491.txt http://gutenberg.net.au/ebooks06/0602491h.html
060248	Hume Nisbet	The Vampire Maid	http://gutenberg.net.au/ebooks06/0602481.txt http://gutenberg.net.au/ebooks06/0602481h.html
060247	Hume Nisbet	The Demon Spell	http://gutenberg.net.au/ebooks06/0602471.txt http://gutenberg.net.au/ebooks06/0602471h.html
060246	George Griffith	A Honeymoon in Space	http://gutenberg.net.au/ebooks06/0602461.txt http://gutenberg.net.au/ebooks06/0602461h.html
060245	Grant Allen	Wolverden Tower	http://gutenberg.net.au/ebooks06/0602451.txt http://gutenberg.net.au/ebooks06/0602451h.html
060244	My New Year's Eve Among the Mummies,by Grant Allen		http://gutenberg.net.au/ebooks06/0602441.txt http://gutenberg.net.au/ebooks06/0602441h.html
060243	Henry Marriott Watson	The Stone Chamber	http://gutenberg.net.au/ebooks06/0602431.txt http://gutenberg.net.au/ebooks06/0602431h.html
060242	Henry Marriott Watson	The Devil of the Marsh	http://gutenberg.net.au/ebooks06/0602421.txt http://gutenberg.net.au/ebooks06/0602421h.html
060241	Alice Duer Miller	The White Cliffs	http://gutenberg.net.au/ebooks06/0602411.txt
060240	Marcus Clarke	The Haunted Author	http://gutenberg.net.au/ebooks06/0602401.txt http://gutenberg.net.au/ebooks06/0602401h.html
060239	Mary Shelley	The Mortal Immortal	http://gutenberg.net.au/ebooks06/0602391.txt http://gutenberg.net.au/ebooks06/0602391h.html
060238	Nikolai Gogol	The Nose	http://gutenberg.net.au/ebooks06/0602381.txt http://gutenberg.net.au/ebooks06/0602381h.html
060237	H G Wells	Russia in the Shadows	http://gutenberg.net.au/ebooks06/0602371.txt http://gutenberg.net.au/ebooks06/0602371h.html
060236	George Griffith	The World of the War God	http://gutenberg.net.au/ebooks06/0602361.txt http://gutenberg.net.au/ebooks06/0602361h.html
060235	The World of the Crystal Cities,by George Griffith		http://gutenberg.net.au/ebooks06/0602351.txt http://gutenberg.net.au/ebooks06/0602351h.html
060234	George Griffith	In Saturn's Realm	http://gutenberg.net.au/ebooks06/0602341.txt http://gutenberg.net.au/ebooks06/0602341h.html
060233	George Griffith	Homeward Bound	http://gutenberg.net.au/ebooks06/0602331.txt http://gutenberg.net.au/ebooks06/0602331h.html
060232	George Griffith	A Visit to the Moon	http://gutenberg.net.au/ebooks06/0602321.txt http://gutenberg.net.au/ebooks06/0602321h.html
060231	George Griffith	A Glimpse of the Sinless Star	http://gutenberg.net.au/ebooks06/0602311.txt http://gutenberg.net.au/ebooks06/0602311h.html
060230	George Griffith	Olga Romanoff	http://gutenberg.net.au/ebooks06/0602301.txt http://gutenberg.net.au/ebooks06/0602301h.html
060229	George Randolph Chester	The Jingo	http://gutenberg.net.au/ebooks06/0602291.txt http://gutenberg.net.au/ebooks06/0602291h.html
060228	George Griffith	The Angel of the Revolution	http://gutenberg.net.au/ebooks06/0602281.txt http://gutenberg.net.au/ebooks06/0602281h.html
060227	Edward Shanks	The People of the Ruins	http://gutenberg.net.au/ebooks06/0602271.txt http://gutenberg.net.au/ebooks06/0602271h.html
060226	Perley Poore Sheehan	Kwa and the Beast Men	http://gutenberg.net.au/ebooks06/0602261.txt http://gutenberg.net.au/ebooks06/0602261h.html
060225	Edith Nesbit	Wet Magic	http://gutenberg.net.au/ebooks06/0602251.txt http://gutenberg.net.au/ebooks06/0602251h.html
060224	Lowell Howard Morrow	Islands In The Air	http://gutenberg.net.au/ebooks06/0602241.txt http://gutenberg.net.au/ebooks06/0602241h.html
060223	Philip Verill Mighels	The Crystal sceptre	http://gutenberg.net.au/ebooks06/0602231.txt http://gutenberg.net.au/ebooks06/0602231h.html
060222	J R Orton	The Trial Trip of the Flying Cloud	http://gutenberg.net.au/ebooks06/0602221.txt http://gutenberg.net.au/ebooks06/0602221h.html
060221	Herbert C Fyfe	How will the World End	http://gutenberg.net.au/ebooks06/0602211.txt http://gutenberg.net.au/ebooks06/0602211h.html
060220	Marie Corelli	The Soul of Lilith (3 volumes)	http://gutenberg.net.au/ebooks06/0602201.txt http://gutenberg.net.au/ebooks06/0602201h.html
060219	Willis George Emerson	The Smoky God	http://gutenberg.net.au/ebooks06/0602191.txt http://gutenberg.net.au/ebooks06/0602191h.html
060218	Ernest Crosby	Captain Jinks Hero	http://gutenberg.net.au/ebooks06/0602181.txt http://gutenberg.net.au/ebooks06/0602181h.html
060217	Charlotte Bronte	Napoleon and the Spectre	http://gutenberg.net.au/ebooks06/0602171.txt http://gutenberg.net.au/ebooks06/0602171h.html
060216	Valery Bryusov	The Republic of the Southern Cross	http://gutenberg.net.au/ebooks06/0602161.txt http://gutenberg.net.au/ebooks06/0602161h.html
060215	Walter Besant	The Revolt of Man	http://gutenberg.net.au/ebooks06/0602151.txt http://gutenberg.net.au/ebooks06/0602151h.html
060214	Walter Besant	The Case of Mr Lucraft	http://gutenberg.net.au/ebooks06/0602141.txt http://gutenberg.net.au/ebooks06/0602141h.html
060213	Stephen Leacock	The Man in Asbestos	http://gutenberg.net.au/ebooks06/0602131.txt http://gutenberg.net.au/ebooks06/0602131h.html
060212	Edward Bellamy	The Blindman's World	http://gutenberg.net.au/ebooks06/0602121.txt http://gutenberg.net.au/ebooks06/0602121h.html
060211	Edward Bellamy	With the Eyes Shut	http://gutenberg.net.au/ebooks06/0602111.txt http://gutenberg.net.au/ebooks06/0602111h.html
060210	Edward Bellamy	To Whom This May Come	http://gutenberg.net.au/ebooks06/0602101.txt http://gutenberg.net.au/ebooks06/0602101h.html
060209	George Chesney	The Battle of Dorking	http://gutenberg.net.au/ebooks06/0602091.txt http://gutenberg.net.au/ebooks06/0602091h.html
060208	Anonymous	The Grindwell Governing Machine	http://gutenberg.net.au/ebooks06/0602081.txt http://gutenberg.net.au/ebooks06/0602081h.html
060207	Grant Allen	The Thames Valley Catastrophe	http://gutenberg.net.au/ebooks06/0602071.txt http://gutenberg.net.au/ebooks06/0602071h.html
060206	H G Wells	The Grisly Folk	http://gutenberg.net.au/ebooks06/0602061.txt http://gutenberg.net.au/ebooks06/0602061h.html
060205	E R (Eric Rucker) Eddison	The Worm Ouroboros	http://gutenberg.net.au/ebooks06/0602051.txt http://gutenberg.net.au/ebooks06/0602051h.html
060204	Abraham Merritt	The Women of the Wood	http://gutenberg.net.au/ebooks06/0602041.txt http://gutenberg.net.au/ebooks06/0602041h.html
060203	Abraham Merritt	The Pool of the Stone God	http://gutenberg.net.au/ebooks06/0602031.txt http://gutenberg.net.au/ebooks06/0602031h.html
060202	Abraham Merritt	The Fox Woman	http://gutenberg.net.au/ebooks06/0602021.txt http://gutenberg.net.au/ebooks06/0602021h.html
060201	Abraham Merritt	The Drone	http://gutenberg.net.au/ebooks06/0602011.txt http://gutenberg.net.au/ebooks06/0602011h.html
060200	Abraham Merritt	Three Lines of Old French	http://gutenberg.net.au/ebooks06/0602001.txt http://gutenberg.net.au/ebooks06/0602001h.html
060199	Abraham Merritt	The People of the Pit	http://gutenberg.net.au/ebooks06/0601991.txt http://gutenberg.net.au/ebooks06/0601991h.html
060198	Karel Capek	The War with the Newts	http://gutenberg.net.au/ebooks06/0601981h.html
060197	Abraham Merritt	Seven Footprints to Satan	http://gutenberg.net.au/ebooks06/0601971.txt http://gutenberg.net.au/ebooks06/0601971h.html
060196	Max Brand	The Ghost	http://gutenberg.net.au/ebooks06/0601961.txt http://gutenberg.net.au/ebooks06/0601961h.html
060195	H G Wells	The Pearl of Love	http://gutenberg.net.au/ebooks06/0601951.txt http://gutenberg.net.au/ebooks06/0601951h.html
060194	Abraham Merritt	The Ship of Ishtar	http://gutenberg.net.au/ebooks06/0601941.txt http://gutenberg.net.au/ebooks06/0601941h.html
060193	H G Wells	The Queer Story of Brownlow's Newspaper	http://gutenberg.net.au/ebooks06/0601931.txt http://gutenberg.net.au/ebooks06/0601931h.html
060192	Abraham Merritt	Through the Dragon Glass	http://gutenberg.net.au/ebooks06/0601921.txt http://gutenberg.net.au/ebooks06/0601921h.html
060191	Arthur C Doyle	The Great Brown-Pericord Motor	http://gutenberg.net.au/ebooks06/0601911.txt http://gutenberg.net.au/ebooks06/0601911h.html
060190	Abraham Merritt	The Face In The Abyss	http://gutenberg.net.au/ebooks06/0601901.txt http://gutenberg.net.au/ebooks06/0601901h.html
060189	Thea Von Harbou	Metropolis	http://gutenberg.net.au/ebooks06/0601891.txt http://gutenberg.net.au/ebooks06/0601891h.html
060188	Hugh Walpole	Wintersmoon	http://gutenberg.net.au/ebooks06/0601881.txt http://gutenberg.net.au/ebooks06/0601881h.html
060187	Arthur Machen	The Red Hand	http://gutenberg.net.au/ebooks06/0601871.txt http://gutenberg.net.au/ebooks06/0601871h.html
060186	Arthur Machen	The Novel of the Black Seal	http://gutenberg.net.au/ebooks06/0601861.txt http://gutenberg.net.au/ebooks06/0601861h.html
060185	Malcolm Jameson	Train for Flushing	http://gutenberg.net.au/ebooks06/0601851.txt http://gutenberg.net.au/ebooks06/0601851h.html
060184	W Olaf Stapledon	Star Maker	http://gutenberg.net.au/ebooks06/0601841.txt http://gutenberg.net.au/ebooks06/0601841h.html
060183	Warwick Deeping	Old Pybus	http://gutenberg.net.au/ebooks06/0601831.txt http://gutenberg.net.au/ebooks06/0601831h.html
060182	Philip Francis Nowlan	Armageddon 2419 AD	http://gutenberg.net.au/ebooks06/0601821h.html
060181	Jack London	A Thousand Deaths	http://gutenberg.net.au/ebooks06/0601811h.html
060180	Robert E Howard	Wolfshead	http://gutenberg.net.au/ebooks06/0601801h.html
060179	Robert E Howard	The Valley of the Worm	http://gutenberg.net.au/ebooks06/0601791h.html
060178	Robert E Howard	The Tomb's Secret	http://gutenberg.net.au/ebooks06/0601781h.html
060177	Robert E Howard	The House of Arabu	http://gutenberg.net.au/ebooks06/0601771.txt http://gutenberg.net.au/ebooks06/0601771h.html
060176	Robert E Howard	The Horror From The Mound	http://gutenberg.net.au/ebooks06/0601761h.html
060175	Robert E Howard	The Haunter of the Ring	http://gutenberg.net.au/ebooks06/0601751.txt http://gutenberg.net.au/ebooks06/0601751h.html
060174	Robert E Howard	The Fire of Asshurbanipal	http://gutenberg.net.au/ebooks06/0601741.txt http://gutenberg.net.au/ebooks06/0601741h.html
060173	Robert E Howard	Sea Curse	http://gutenberg.net.au/ebooks06/0601731h.html
060172	Robert E Howard	The Cairn on the Headland	http://gutenberg.net.au/ebooks06/0601721h.html
060171	Robert E Howard	The Black Stone	http://gutenberg.net.au/ebooks06/0601711.txt http://gutenberg.net.au/ebooks06/0601711h.html
060170	Robert E Howard	Names in The Black Book	http://gutenberg.net.au/ebooks06/0601701.txt http://gutenberg.net.au/ebooks06/0601701h.html
060169	Robert E Howard	Moon of Zambebwei	http://gutenberg.net.au/ebooks06/0601691h.html
060168	Robert E Howard	Graveyard Rats	http://gutenberg.net.au/ebooks06/0601681.txt http://gutenberg.net.au/ebooks06/0601681h.html
060167	Robert E Howard	Fangs of Gold	http://gutenberg.net.au/ebooks06/0601671.txt http://gutenberg.net.au/ebooks06/0601671h.html
060166	Robert E Howard	Black Vulmea's Vengeance	http://gutenberg.net.au/ebooks06/0601661h.html
060165	Robert E Howard	Black Talons	http://gutenberg.net.au/ebooks06/0601651h.html
060164	Robert E Howard	Black Canaan	http://gutenberg.net.au/ebooks06/0601641h.html
060163	Jack London	The Scarlet Plague	http://gutenberg.net.au/ebooks06/0601631h.html
060162	Guy Boothby	Dr Nikola Returns	http://gutenberg.net.au/ebooks06/0601621.txt http://gutenberg.net.au/ebooks06/0601621h.html
060161	Guy Boothby	The Lust of Hate	http://gutenberg.net.au/ebooks06/0601611.txt http://gutenberg.net.au/ebooks06/0601611h.html
060160	Guy Boothby	Farewell Nikola	http://gutenberg.net.au/ebooks06/0601601.txt http://gutenberg.net.au/ebooks06/0601601h.html
060159	Guy Boothby	A Bid for Fortune	http://gutenberg.net.au/ebooks06/0601591.txt http://gutenberg.net.au/ebooks06/0601591h.html
060158	Guy Boothby	A Professor of Egyptology	http://gutenberg.net.au/ebooks06/0601581.txt http://gutenberg.net.au/ebooks06/0601581h.html
060157	Guy Boothby	A Strange Goldfield	http://gutenberg.net.au/ebooks06/0601571h.html
060156	Otis Adelbert Kline	The Port of Peril	http://gutenberg.net.au/ebooks06/0601561.txt http://gutenberg.net.au/ebooks06/0601561h.html
060155	Otis Adelbert Kline	The Outlaws of Mars	http://gutenberg.net.au/ebooks06/0601551.txt http://gutenberg.net.au/ebooks06/0601551h.html
060154	Otis Adelbert Kline	The Call of the Savage	http://gutenberg.net.au/ebooks06/0601541.txt http://gutenberg.net.au/ebooks06/0601541h.html
060153	Otis Adelbert Kline	Stolen Centuries	http://gutenberg.net.au/ebooks06/0601531.txt http://gutenberg.net.au/ebooks06/0601531h.html
060152	Otis Adelbert Kline	Maza of the Moon	http://gutenberg.net.au/ebooks06/0601521.txt http://gutenberg.net.au/ebooks06/0601521h.html
060151	Stanley G Weinbaum	The Adaptive Ultimate	http://gutenberg.net.au/ebooks06/0601511.txt http://gutenberg.net.au/ebooks06/0601511h.html
060150	Edgar Rice Burroughs	The Moon Maid	http://gutenberg.net.au/ebooks06/0601501h.html
060149	Edgar Rice Burroughs	The Girl from Fariss's	http://gutenberg.net.au/ebooks06/0601491h.html
060147	Edgar Rice Burroughs	The Red Hawk	http://gutenberg.net.au/ebooks06/0601471h.html
060145	Charles Williams	War in Heaven	http://gutenberg.net.au/ebooks06/0601451.txt http://gutenberg.net.au/ebooks06/0601451h.html
060144	Charles Williams	The Place of the Lion	http://gutenberg.net.au/ebooks06/0601441.txt http://gutenberg.net.au/ebooks06/0601441h.html
060143	Otis Adelbert Kline	The Prince of Peril	http://gutenberg.net.au/ebooks06/0601431.txt http://gutenberg.net.au/ebooks06/0601431h.html
060142	Otis Adelbert Kline	The Planet of Peril	http://gutenberg.net.au/ebooks06/0601421.txt http://gutenberg.net.au/ebooks06/0601421h.html
060141	J D Beresford	The Hampdenshire Wonder	http://gutenberg.net.au/ebooks06/0601411.txt http://gutenberg.net.au/ebooks06/0601411h.html
060140	Zane Grey	Wanderer of the Wasteland	http://gutenberg.net.au/ebooks06/0601401.txt http://gutenberg.net.au/ebooks06/0601401h.html
060139	Arthur Conan Doyle	The Disintegration Machine	http://gutenberg.net.au/ebooks06/0601391.txt http://gutenberg.net.au/ebooks06/0601391h.html
060138	Robert E Howard	The Purple Heart of Erlik	http://gutenberg.net.au/ebooks06/0601381h.html
060137	Arthur Machin	The White People	http://gutenberg.net.au/ebooks06/0601371.txt http://gutenberg.net.au/ebooks06/0601371h.html
060136	Edgar Wallace	The Greek Poropulos	http://gutenberg.net.au/ebooks06/0601361.txt http://gutenberg.net.au/ebooks06/0601361h.html
060135	Sir Arthur Conan Doyle	The Land of Mist	http://gutenberg.net.au/ebooks06/0601351h.html
060134	Olaf Stapledon	Collected Stories	http://gutenberg.net.au/ebooks06/0601341.txt http://gutenberg.net.au/ebooks06/0601341h.html
060133	Olaf Stapledon	A Man Divided	http://gutenberg.net.au/ebooks06/0601331.txt http://gutenberg.net.au/ebooks06/0601331h.html
060132	Stanley G Weinbaum	Proteus Island	http://gutenberg.net.au/ebooks06/0601321.txt http://gutenberg.net.au/ebooks06/0601321h.html
060131	W Olaf Stapledon	Light and the Darkness	http://gutenberg.net.au/ebooks06/0601311.txt http://gutenberg.net.au/ebooks06/0601311h.html
060130	Sinclair Lewis	Work of Art	http://gutenberg.net.au/ebooks06/0601301.txt http://gutenberg.net.au/ebooks06/0601301h.html
060129	Charles Rowcroft	Tales of the Colonies	http://gutenberg.net.au/ebooks06/0601291.txt http://gutenberg.net.au/ebooks06/0601291h.html
060128	W Olaf Stapledon	Death into Life	http://gutenberg.net.au/ebooks06/0601281.txt http://gutenberg.net.au/ebooks06/0601281h.html
060127	W Olaf Stapledon	Last Men in London	http://gutenberg.net.au/ebooks06/0601271.txt http://gutenberg.net.au/ebooks06/0601271h.html
060126	Percival Christopher Wren	Beau Sabreur	http://gutenberg.net.au/ebooks06/0601261h.html
060125	Stanley G Weinbaum	The Circle of Zero	http://gutenberg.net.au/ebooks06/0601251.txt http://gutenberg.net.au/ebooks06/0601251h.html
060124	E R Burroughs	The Resurrection of Jimber-Jaw	http://gutenberg.net.au/ebooks06/0601241h.html
060123	Stanley G Weinbaum	The Lotus Eaters	http://gutenberg.net.au/ebooks06/0601231.txt http://gutenberg.net.au/ebooks06/0601231h.html
060122	Marcus Clarke	Human Repetends	http://gutenberg.net.au/ebooks06/0601221.txt http://gutenberg.net.au/ebooks06/0601221h.html
060121	Stanley G Weinbaum	Parasite Planet	http://gutenberg.net.au/ebooks06/0601211.txt http://gutenberg.net.au/ebooks06/0601211h.html
060120	Arthur Machen	The Inmost Light	http://gutenberg.net.au/ebooks06/0601201.txt http://gutenberg.net.au/ebooks06/0601201h.html
060119	Stanley G Weinbaum	A Martian Odyssey	http://gutenberg.net.au/ebooks06/0601191.txt http://gutenberg.net.au/ebooks06/0601191h.html
060118	H PLovecraft	Supernatural Horror in Literature	http://gutenberg.net.au/ebooks06/0601181.txt http://gutenberg.net.au/ebooks06/0601181h.html
060117	Guy Boothby	Pharos the Egyptian	http://gutenberg.net.au/ebooks06/0601171h.html
060116	Edgar Rice Burroughs	The Tarzan Twins	http://gutenberg.net.au/ebooks06/0601161h.html
060115	W Olaf Stapledon	Sirius	http://gutenberg.net.au/ebooks06/0601151.txt http://gutenberg.net.au/ebooks06/0601151h.html
060114	Robert Logan Jack	Northmost Australia	http://gutenberg.net.au/ebooks06/0601141h.html
060113	W Olaf Stapledon	The Flames	http://gutenberg.net.au/ebooks06/0601131.txt http://gutenberg.net.au/ebooks06/0601131h.html
060112	Edgar Rice Burroughs	Tarzan Triumphant	http://gutenberg.net.au/ebooks06/0601121h.html
060111	W Olaf Stapledon	Odd John	http://gutenberg.net.au/ebooks06/0601111.txt http://gutenberg.net.au/ebooks06/0601111h.html
060110	W Olaf Stapledon	Last and First Men	http://gutenberg.net.au/ebooks06/0601101.txt http://gutenberg.net.au/ebooks06/0601101h.html
060109	Robert E Howard	The Country of the Knife	http://gutenberg.net.au/ebooks06/0601091.txt http://gutenberg.net.au/ebooks06/0601091h.html
060108	Robert E Howard	Son Of The White Wolf	http://gutenberg.net.au/ebooks06/0601081.txt http://gutenberg.net.au/ebooks06/0601081h.html
060107	Tarzan at the Earth's Core,by Edgar Rice Burroughs		http://gutenberg.net.au/ebooks06/0601071h.html
060106	Edgar Rice Burroughs	Tanar of Pellucidar	http://gutenberg.net.au/ebooks06/0601061h.html
060105	Robert E Howard	The Slithering Shadow	http://gutenberg.net.au/ebooks06/0601051h.html
060104	Robert E Howard	Blood of The Gods	http://gutenberg.net.au/ebooks06/0601041.txt http://gutenberg.net.au/ebooks06/0601041h.html
060103	Edgar Rice Burroughs	Back to the Stone Age	http://gutenberg.net.au/ebooks06/0601031h.html
060102	Edgar Rice Burroughs	Savage Pellucidar	http://gutenberg.net.au/ebooks06/0601021h.html
060101	Edgar Rice Burroughs	Tarzan's Quest	http://gutenberg.net.au/ebooks06/0601011h.html
060100	Robert E Howard	Hawk of the Hills	http://gutenberg.net.au/ebooks06/0601001.txt http://gutenberg.net.au/ebooks06/0601001h.html
060099	Robert E Howard	The Daughter of Erlik Khan	http://gutenberg.net.au/ebooks06/0600991.txt http://gutenberg.net.au/ebooks06/0600991h.html
060098	Robert E Howard	The Hour of the Dragon	http://gutenberg.net.au/ebooks06/0600981h.html
060097	Robert E Howard	Shadows in the Moonlight	http://gutenberg.net.au/ebooks06/0600971h.html
060096	Robert E Howard	Queen of the Black Coast	http://gutenberg.net.au/ebooks06/0600961h.html
060095	Robert E Howard	Pool of the Black One	http://gutenberg.net.au/ebooks06/0600951h.html
060094	Robert E Howard	People of the Black Circle	http://gutenberg.net.au/ebooks06/0600941h.html
060093	Robert E Howard	Black Colossus	http://gutenberg.net.au/ebooks06/0600931h.html
060092	Robert E Howard	A Witch Shall be Born	http://gutenberg.net.au/ebooks06/0600921h.html
060091	Tarzan and the Lost Empire,by Edgar Rice Burroughs		http://gutenberg.net.au/ebooks06/0600911h.html
060090	Anonymous (P.G. M.)	The Monster Mine	http://gutenberg.net.au/ebooks06/0600901.txt http://gutenberg.net.au/ebooks06/0600901h.html
060089	James Hilton	Time and Time Again	http://gutenberg.net.au/ebooks06/0600891.txt http://gutenberg.net.au/ebooks06/0600891h.html
060088	Robert E Howard	Wings in the Night	http://gutenberg.net.au/ebooks06/0600881h.html
060087	Robert E Howard	The Hills of the Dead	http://gutenberg.net.au/ebooks06/0600871h.html
060086	Robert E Howard	The Footfalls Within	http://gutenberg.net.au/ebooks06/0600861h.html
060085	Robert E Howard	Skulls in the Stars	http://gutenberg.net.au/ebooks06/0600851h.html
060084	Robert E Howard	The Moon of Skulls	http://gutenberg.net.au/ebooks06/0600841h.html
060083	Robert E Howard	The Tower of the Elephant	http://gutenberg.net.au/ebooks06/0600831h.html
060082	Robert E Howard	The Scarlet Citadel	http://gutenberg.net.au/ebooks06/0600821h.html
060081	Robert E Howard	The Phoenix on the Sword	http://gutenberg.net.au/ebooks06/0600811h.html
060080	Robert E Howard	The Devil in Iron	http://gutenberg.net.au/ebooks06/0600801h.html
060079	Robert E Howard	Shadows in Zamboula	http://gutenberg.net.au/ebooks06/0600791h.html
060078	Robert E Howard	Rogues in the House	http://gutenberg.net.au/ebooks06/0600781h.html
060077	Robert E Howard	Red Nails	http://gutenberg.net.au/ebooks06/0600771h.html
060076	Robert E Howard	Jewels of Gwahlur	http://gutenberg.net.au/ebooks06/0600761h.html
060075	Robert E Howard	Gods of the North	http://gutenberg.net.au/ebooks06/0600751h.html
060074	Robert E Howard	Beyond the Black River	http://gutenberg.net.au/ebooks06/0600741h.html
060073	Robert E Howard	The Valley of the Worm	http://gutenberg.net.au/ebooks06/0600731.txt http://gutenberg.net.au/ebooks06/0600731h.html
060072	Robert E Howard	Pigeons from Hell	http://gutenberg.net.au/ebooks06/0600721h.html
060071	Edgar Rice Burroughs	Tarzan and the Lion-Man	http://gutenberg.net.au/ebooks06/0600711h.html
060070	E R  Burroughs	Tarzan and "The Foreign Legion"	http://gutenberg.net.au/ebooks06/0600701h.html
060069	Ernest Favenc	Tales of the Austral Tropics	http://gutenberg.net.au/ebooks06/0600691.txt http://gutenberg.net.au/ebooks06/0600691h.html
060068	Edgar Rice Burroughs	Tarzan Lord of the Jungle	http://gutenberg.net.au/ebooks06/0600681h.html
060067	Tarzan and the Forbidden City,by Edgar R Burroughs		http://gutenberg.net.au/ebooks06/0600671h.html
060066	Edgar Rice Burroughs	Tarzan and the Castaways	http://gutenberg.net.au/ebooks06/0600661h.html
060065	Edgar Rice Burroughs	Tarzan and the Ant-men	http://gutenberg.net.au/ebooks06/0600651h.html
060064	P Moran	Discovery of Australia by de Quiros	http://gutenberg.net.au/ebooks06/0600641.txt http://gutenberg.net.au/ebooks06/0600641h.html
060063	T D Mutch	The First Discovery of Australia	http://gutenberg.net.au/ebooks06/0600631h.html
060062	Alexander Dalrymple	An Historical Collection	http://gutenberg.net.au/ebooks06/0600621h.html
060061	A Chronological History of Voyages,by James Burney		http://gutenberg.net.au/ebooks06/0600611.txt http://gutenberg.net.au/ebooks06/0600611h.html
060060	Warwick Deeping	Doomsday	http://gutenberg.net.au/ebooks06/0600601.txt http://gutenberg.net.au/ebooks06/0600601h.html
060059	Edgar Rice Burroughs	Skeleton Men of Jupiter	http://gutenberg.net.au/ebooks06/0600591h.html
060058	John Carter and the Giant of Mars,by E R Burroughs		http://gutenberg.net.au/ebooks06/0600581h.html
060057	J E Heeres(Ed.)	Abel Janszoon Tasman's Journal	http://gutenberg.net.au/ebooks06/0600571h.html
060056	Warwick Deeping	The Secret Sanctuary	http://gutenberg.net.au/ebooks06/0600561.txt http://gutenberg.net.au/ebooks06/0600561h.html
060055	Walker	The Discovery of Van Diemen's Land in 1642	http://gutenberg.net.au/ebooks06/0600551.txt http://gutenberg.net.au/ebooks06/0600551h.html
060054	C T Burfitt	The Discovery of Tasmania	http://gutenberg.net.au/ebooks06/0600541.txt http://gutenberg.net.au/ebooks06/0600541h.html
060053	Walker	Abel Janszoon Tasman: His Life and Voyages	http://gutenberg.net.au/ebooks06/0600531h.html
060052	Victor L. Whitechurch	A Warning in Red	http://gutenberg.net.au/ebooks06/0600521.txt
060051	Meade and Eustace	The Secret of Emu Plain	http://gutenberg.net.au/ebooks06/0600511.txt
060050	L T Meade and Robert Eustace	Followed	http://gutenberg.net.au/ebooks06/0600501.txt
060049	Cutcliffe Hyne	The Tragedy of a Third Smoker	http://gutenberg.net.au/ebooks06/0600491.txt
060048	Fred M White	The Mazaroff Rifle	http://gutenberg.net.au/ebooks06/0600481.txt http://gutenberg.net.au/ebooks06/0600481h.html
060047	Clifford Ashdown	The Silkworms of Florence	http://gutenberg.net.au/ebooks06/0600471.txt
060046	The Love Affair of George Vincent Parker,A C Doyle		http://gutenberg.net.au/ebooks06/0600461.txt http://gutenberg.net.au/ebooks06/0600461h.html
060045	A C Doyle	The Holocaust of Manor Place	http://gutenberg.net.au/ebooks06/0600451.txt http://gutenberg.net.au/ebooks06/0600451h.html
060044	A C Doyle	The Debatable Case of Mrs. Emsley	http://gutenberg.net.au/ebooks06/0600441.txt http://gutenberg.net.au/ebooks06/0600441h.html
060042	Julius Chambers	Seven Seven Seven--City	http://gutenberg.net.au/ebooks06/0600421.txt
060041	G Boothby	The Dutchess of Wiltshire's Diamonds	http://gutenberg.net.au/ebooks06/0600411h.html
060040	Arthur Conan Doyle	Round the Fire Stories	http://gutenberg.net.au/ebooks06/0600401.txt
060039	L W Lower	The Bachelors' Guide	http://gutenberg.net.au/ebooks06/0600391.txt
060038	John Erskine	The Private Life of Helen of Troy	http://gutenberg.net.au/ebooks06/0600381.txt http://gutenberg.net.au/ebooks06/0600381h.html
060037	James Hilton	So Well Remembered	http://gutenberg.net.au/ebooks06/0600371.txt http://gutenberg.net.au/ebooks06/0600371h.html
060036	R H Major	Early Voyages to Terra Australis	http://gutenberg.net.au/ebooks06/0600361.txt http://gutenberg.net.au/ebooks06/0600361h.html
060035	Edgar Wallace	On the Spot	http://gutenberg.net.au/ebooks06/0600351.txt http://gutenberg.net.au/ebooks06/0600351h.html
060034	Hugh Walpole	The Joyful Delaneys	http://gutenberg.net.au/ebooks06/0600341.txt http://gutenberg.net.au/ebooks06/0600341h.html
060033	Hugh Walpole	John Cornelius	http://gutenberg.net.au/ebooks06/0600331.txt http://gutenberg.net.au/ebooks06/0600331h.html
060032	Thorne Smith	Rain in the Doorway	http://gutenberg.net.au/ebooks06/0600321.txt http://gutenberg.net.au/ebooks06/0600321h.html
060031	Thorne Smith	Skin and Bones	http://gutenberg.net.au/ebooks06/0600311.txt http://gutenberg.net.au/ebooks06/0600311h.html
060030	Thorne Smith	The Glorious Pool	http://gutenberg.net.au/ebooks06/0600301.txt http://gutenberg.net.au/ebooks06/0600301h.html
060029	Thorne Smith	Turnabout	http://gutenberg.net.au/ebooks06/0600291.txt http://gutenberg.net.au/ebooks06/0600291h.html
060028	Thorne Smith	Topper Takes a Trip	http://gutenberg.net.au/ebooks06/0600281.txt http://gutenberg.net.au/ebooks06/0600281h.html
060027	Thorne Smith	The Night Life of the Gods	http://gutenberg.net.au/ebooks06/0600271.txt http://gutenberg.net.au/ebooks06/0600271h.html
060026	Thorne Smith	The Bishop's Jaegers	http://gutenberg.net.au/ebooks06/0600261.txt http://gutenberg.net.au/ebooks06/0600261h.html
060025	Thorne Smith	The Stray Lamb	http://gutenberg.net.au/ebooks06/0600251.txt http://gutenberg.net.au/ebooks06/0600251h.html
060024	Thorne Smith	Topper	http://gutenberg.net.au/ebooks06/0600241.txt http://gutenberg.net.au/ebooks06/0600241h.html
060023	Percival Christopher Wren	Beau Geste	http://gutenberg.net.au/ebooks06/0600231h.html
060022	Frederick Lewis Allen	Since Yesterday	http://gutenberg.net.au/ebooks06/0600221.txt http://gutenberg.net.au/ebooks06/0600221h.html
060021	A Fielding	Tragedy at Beechcroft	http://gutenberg.net.au/ebooks06/0600211.txt http://gutenberg.net.au/ebooks06/0600211h.html
060020	A E W Mason	The House in Lordship Lane	http://gutenberg.net.au/ebooks06/0600201.txt http://gutenberg.net.au/ebooks06/0600201h.html
060019	Walker	Expedition in search of Burke and Wills	http://gutenberg.net.au/ebooks06/0600191.txt http://gutenberg.net.au/ebooks06/0600191h.html
060018	Hugh Walpole	The Blind Man's House	http://gutenberg.net.au/ebooks06/0600181.txt http://gutenberg.net.au/ebooks06/0600181h.html
060017	Laure Conan	L'Obscure Souffrance	http://gutenberg.net.au/ebooks06/0600171.txt
060016	Wallace	The Lone House Mystery and Other Stories	http://gutenberg.net.au/ebooks06/0600161.txt http://gutenberg.net.au/ebooks06/0600161h.html
060015	Joseph Fowles	Sydney in 1848	http://gutenberg.net.au/ebooks06/0600151.txt http://gutenberg.net.au/ebooks06/0600151h.html
060014	Jan Struther	Mrs Miniver	http://gutenberg.net.au/ebooks06/0600141.txt http://gutenberg.net.au/ebooks06/0600141h.html
060013	Edgar Wallace	The Green Rust	http://gutenberg.net.au/ebooks06/0600131.txt
060012	H Rider Haggard	A Winter Pilgrimage	http://gutenberg.net.au/ebooks06/0600121.txt
060011	Vaux	Vocabulary of the Flash Language	http://gutenberg.net.au/ebooks06/0600111h.html
060010	Lawson	A Dictionary of Australian Words And Terms	http://gutenberg.net.au/ebooks06/0600101.txt
060009	Hugh Walpole	The Killer and the Slain	http://gutenberg.net.au/ebooks06/0600091.txt http://gutenberg.net.au/ebooks06/0600091h.html
060008	W J Alexander (Editor)	Shorter Poems	http://gutenberg.net.au/ebooks06/0600081p.pdf
060007	Edgar Wallace	The Square Emerald	http://gutenberg.net.au/ebooks06/0600071.txt http://gutenberg.net.au/ebooks06/0600071h.html
060006	Edgar Wallace	The Keepers of the King's Peace	http://gutenberg.net.au/ebooks06/0600061h.html
060005	Edgar Wallace	The Duke in the Suburbs	http://gutenberg.net.au/ebooks06/0600051.txt http://gutenberg.net.au/ebooks06/0600051h.html
060004	Hugh Walpole	A Prayer for my Son	http://gutenberg.net.au/ebooks06/0600041.txt http://gutenberg.net.au/ebooks06/0600041h.html
060003	H P Lovecraft	At the Mountains of Madness	http://gutenberg.net.au/ebooks06/0600031h.html
060002	Zane Grey	The Thundering Herd	http://gutenberg.net.au/ebooks06/0600021.txt http://gutenberg.net.au/ebooks06/0600021h.html
060001	E F Benson	Miss Mapp	http://gutenberg.net.au/ebooks06/0600011.txt http://gutenberg.net.au/ebooks06/0600011h.html
050123	J E Heeres	The Part Borne by the Dutch	http://gutenberg.net.au/ebooks05/0501231.txt http://gutenberg.net.au/ebooks05/0501231h.html http://gutenberg.net.au/ebooks05/0501231d/0501231d.html Dutch]
050122	E F Benson	Paying Guests	http://gutenberg.net.au/ebooks05/0501221.txt http://gutenberg.net.au/ebooks05/0501221h.html
050121	Edgar Wallace	Terror Keep	http://gutenberg.net.au/ebooks05/0501211.txt http://gutenberg.net.au/ebooks05/0501211h.html
050120	Edgar Wallace	Room 13	http://gutenberg.net.au/ebooks05/0501201.txt http://gutenberg.net.au/ebooks05/0501201h.html
050119	H Rider Haggard	Mary of Marion Isle	http://gutenberg.net.au/ebooks05/0501191.txt
050118	Richard Hillary	The Last Enemy	http://gutenberg.net.au/ebooks05/0501181.txt
050117	E F Benson	Mrs Ames	http://gutenberg.net.au/ebooks05/0501171.txt http://gutenberg.net.au/ebooks05/0501171h.html
050116	Zane Grey	The Shortstop	http://gutenberg.net.au/ebooks05/0501161.txt
050115	E F Benson	Trouble for Lucia	http://gutenberg.net.au/ebooks05/0501151.txt http://gutenberg.net.au/ebooks05/0501151h.html
050114	The Endeavour Journal of Sir Joseph Banks,by Banks		http://gutenberg.net.au/ebooks05/0501141.txt
050113	E F Benson	Mapp and Lucia	http://gutenberg.net.au/ebooks05/0501131.txt http://gutenberg.net.au/ebooks05/0501131h.html
050112	Edgar Wallace	The Sinister Man	http://gutenberg.net.au/ebooks05/0501121.txt http://gutenberg.net.au/ebooks05/0501121h.html
050111	Edgar Wallace	The People of the River	http://gutenberg.net.au/ebooks05/0501111.txt http://gutenberg.net.au/ebooks05/0501111h.html
050110	Edgar Wallace	The Man who Bought London	http://gutenberg.net.au/ebooks05/0501101.txt http://gutenberg.net.au/ebooks05/0501101h.html
050109	Edgar Wallace	The Face in the Night	http://gutenberg.net.au/ebooks05/0501091.txt http://gutenberg.net.au/ebooks05/0501091h.html
050108	Edgar Wallace	The Avenger	http://gutenberg.net.au/ebooks05/0501081.txt http://gutenberg.net.au/ebooks05/0501081h.html
050107	E. Phillips Oppenheim	The Survivor	http://gutenberg.net.au/ebooks05/0501071.txt http://gutenberg.net.au/ebooks05/0501071h.html
050106	H Rider Haggard	The Way of the Spirit	http://gutenberg.net.au/ebooks05/0501061.txt http://gutenberg.net.au/ebooks05/0501061h.html
050105	Collingridge	The First Discovery of Australia	http://gutenberg.net.au/ebooks05/0501051.txt http://gutenberg.net.au/ebooks05/0501051h.html
050104	H W Brown	Creative English	http://gutenberg.net.au/ebooks05/0501041p.pdf
050103	Edward Dyson	Fact'ry 'Ands	http://gutenberg.net.au/ebooks05/0501031.txt
050102	Edward Dyson	Benno and Some of the Push	http://gutenberg.net.au/ebooks05/0501021.txt
050101	Edward Dyson	Below and on Top and Other Stories	http://gutenberg.net.au/ebooks05/0501011.txt http://gutenberg.net.au/ebooks05/0501011h.html
050100	Anonymous	The Ontario Public School Composition	http://gutenberg.net.au/ebooks05/0501001p.pdf
050099	Anon.	Composition and Grammar for Public Schools	http://gutenberg.net.au/ebooks05/0500991p.pdf
050097	Edward Dyson	Rhymes from the Mines	http://gutenberg.net.au/ebooks05/0500971.txt http://gutenberg.net.au/ebooks05/0500971h.html
050096	E F Benson	Lucia's Progress	http://gutenberg.net.au/ebooks05/0500961.txt http://gutenberg.net.au/ebooks05/0500961h.html
050095	Clarence Darrow	The Story of my Life	http://gutenberg.net.au/ebooks05/0500951.txt http://gutenberg.net.au/ebooks05/0500951h.html
050094	C J Dennis	Rose of Spadgers	http://gutenberg.net.au/ebooks05/0500941.txt http://gutenberg.net.au/ebooks05/0500941h.html
050093	C J Dennis	Jim of The Hills	http://gutenberg.net.au/ebooks05/0500931.txt http://gutenberg.net.au/ebooks05/0500931h.html
050092	C J Dennis	The Moods of Ginger Mick	http://gutenberg.net.au/ebooks05/0500921.txt http://gutenberg.net.au/ebooks05/0500921h.html
050091	C J Dennis	Backblock Ballads and Later Verses	http://gutenberg.net.au/ebooks05/0500911.txt http://gutenberg.net.au/ebooks05/0500911h.html
050090	Talbot Mundy	Tros of Samothrace	http://gutenberg.net.au/ebooks05/0500901.txt http://gutenberg.net.au/ebooks05/0500901h.html
050089	E. F. Benson	Lucia in London	http://gutenberg.net.au/ebooks05/0500891.txt http://gutenberg.net.au/ebooks05/0500891h.html
050088	Frederick Lewis Allen	The Big Change	http://gutenberg.net.au/ebooks05/0500881.txt http://gutenberg.net.au/ebooks05/0500881h.html
050087	A E W Mason	The  Courtship of Morrice Buckler	http://gutenberg.net.au/ebooks05/0500871.txt http://gutenberg.net.au/ebooks05/0500871h.html
050086	Bess Streeter Aldrich	A White Bird Flying	http://gutenberg.net.au/ebooks05/0500861.txt http://gutenberg.net.au/ebooks05/0500861h.html
050085	Edgar Wallace	Mr J. G. Reeder Returns	http://gutenberg.net.au/ebooks05/0500851.txt
050084	F Scott Fitzgerald	Collected Stories	http://gutenberg.net.au/ebooks05/0500841h.html
050083	Frederick Lewis Allen	Only Yesterday	http://gutenberg.net.au/ebooks05/0500831.txt http://gutenberg.net.au/ebooks05/0500831h.html
050082	E Underhill	The Letters of Evelyn Underhill	http://gutenberg.net.au/ebooks05/0500821.txt
050081	Louis Tracy	What Would You Have Done?	http://gutenberg.net.au/ebooks05/0500811.txt
050080	John Ryce	An Oath in Heaven	http://gutenberg.net.au/ebooks05/0500801.txt
050079	H Rider Haggard	The Witch's Head	http://gutenberg.net.au/ebooks05/0500791.txt http://gutenberg.net.au/ebooks05/0500791h.html
050078	Herbert Adams	The Judas Kiss	http://gutenberg.net.au/ebooks05/0500781.txt
050077	Herbert Adams	The Chief Witness	http://gutenberg.net.au/ebooks05/0500771.txt
050076	Herbert Adams	The Body in the Bunker	http://gutenberg.net.au/ebooks05/0500761.txt
050075	Herbert Adams	Exit the Skeleton	http://gutenberg.net.au/ebooks05/0500751.txt
050074	Herbert Adams	Death of a Viewer	http://gutenberg.net.au/ebooks05/0500741.txt
050073	Maurice Baring	C	http://gutenberg.net.au/ebooks05/0500731.txt http://gutenberg.net.au/ebooks05/0500731h.html
050072	Frank Parker Day	Rockbound	http://gutenberg.net.au/ebooks05/0500721.txt http://gutenberg.net.au/ebooks05/0500721h.html
050071	O E Rolvaag	Giants in the Earth	http://gutenberg.net.au/ebooks05/0500711.txt http://gutenberg.net.au/ebooks05/0500711h.html
050070	Anonymous	Basic French for Canadian Schools	http://gutenberg.net.au/ebooks05/0500701p.pdf http://gutenberg.net.au/ebooks05/0500701h.html
050069	C J Dennis	Doreen	http://gutenberg.net.au/ebooks05/0500691h.html
050068	G E Morrison	An Australian in China	http://gutenberg.net.au/ebooks05/0500681.txt http://gutenberg.net.au/ebooks05/0500681h.html
050067	Louis Becke	Pacific Tales	http://gutenberg.net.au/ebooks05/0500671.txt http://gutenberg.net.au/ebooks05/0500671h.html
050066	James Francis Hogan	The Irish in Australia	http://gutenberg.net.au/ebooks05/0500661.txt
050065	Bess Streeter Aldrich	Spring Came on Forever	http://gutenberg.net.au/ebooks05/0500651.txt http://gutenberg.net.au/ebooks05/0500651h.html
050064	W H Hudson	Idle Days in Patagonia	http://gutenberg.net.au/ebooks05/0500641.txt
050063	Kahlil Gibran	The Wanderer	http://gutenberg.net.au/ebooks05/0500631.txt http://gutenberg.net.au/ebooks05/0500631h.html
050062	Kahlil Gibran	Spirits Rebellious	http://gutenberg.net.au/ebooks05/0500621.txt http://gutenberg.net.au/ebooks05/0500621h.html
050061	Kahlil Gibran	Sand and Foam	http://gutenberg.net.au/ebooks05/0500611.txt http://gutenberg.net.au/ebooks05/0500611h.html
050060	Kahlil Gibran	The Madman	http://gutenberg.net.au/ebooks05/0500601.txt http://gutenberg.net.au/ebooks05/0500601h.html
050059	Kahlil Gibran	Lazarus and his Beloved	http://gutenberg.net.au/ebooks05/0500591.txt http://gutenberg.net.au/ebooks05/0500591h.html
050058	Kahlil Gibran	The Garden Of The Prophet	http://gutenberg.net.au/ebooks05/0500581.txt http://gutenberg.net.au/ebooks05/0500581h.html
050057	Kahlil Gibran	The Forerunner	http://gutenberg.net.au/ebooks05/0500571.txt http://gutenberg.net.au/ebooks05/0500571h.html
050056	Kahlil Gibran	The Earth Gods	http://gutenberg.net.au/ebooks05/0500561.txt http://gutenberg.net.au/ebooks05/0500561h.html
050055	Kahlil Gibran	The Broken Wings	http://gutenberg.net.au/ebooks05/0500551.txt http://gutenberg.net.au/ebooks05/0500551h.html
050054	Kahlil Gibran	A Tear and a Smile	http://gutenberg.net.au/ebooks05/0500541.txt http://gutenberg.net.au/ebooks05/0500541h.html
050053	Bess Streeter Aldrich	Mother Mason	http://gutenberg.net.au/ebooks05/0500531.txt http://gutenberg.net.au/ebooks05/0500531h.html
050052	Bess Streeter Aldrich	A Lantern in her Hand	http://gutenberg.net.au/ebooks05/0500521.txt http://gutenberg.net.au/ebooks05/0500521h.html
050051	R Austin Freeman	Helen Vardon's Confession	http://gutenberg.net.au/ebooks05/0500511.txt http://gutenberg.net.au/ebooks05/0500511h.html
050050	R Austin Freeman	When Rogues Fall Out	http://gutenberg.net.au/ebooks05/0500501.txt http://gutenberg.net.au/ebooks05/0500501h.html
050049	R Austin Freeman	The Shadow of the Wolf	http://gutenberg.net.au/ebooks05/0500491.txt http://gutenberg.net.au/ebooks05/0500491h.html
050048	R Austin Freeman	The Jacob Street Mystery	http://gutenberg.net.au/ebooks05/0500481.txt http://gutenberg.net.au/ebooks05/0500481h.html
050047	R Austin Freeman	The Great Portrait Mystery	http://gutenberg.net.au/ebooks05/0500471.txt http://gutenberg.net.au/ebooks05/0500471h.html
050046	William Dampier	A New Voyage Round the World	http://gutenberg.net.au/ebooks05/0500461.txt http://gutenberg.net.au/ebooks05/0500461h.html
030078	G K Chesterton	Four Faultless Felons	http://gutenberg.net.au/ebooks03/0300781h.html
050045	Marjorie Kinnon Rawlings	South Moon Under	http://gutenberg.net.au/ebooks05/0500451.txt http://gutenberg.net.au/ebooks05/0500451h.html
050044	Willa Cather	Not Under Forty	http://gutenberg.net.au/ebooks05/0500441.txt http://gutenberg.net.au/ebooks05/0500441h.html
050043	Bess Streeter Aldrich	Miss Bishop	http://gutenberg.net.au/ebooks05/0500431.txt http://gutenberg.net.au/ebooks05/0500431h.html
050042	G K Chesterton	The Paradoxes of Mr Pond	http://gutenberg.net.au/ebooks05/0500421.txt http://gutenberg.net.au/ebooks05/0500421h.html
050041	H G Wells	The Croquet Player	http://gutenberg.net.au/ebooks05/0500411.txt http://gutenberg.net.au/ebooks05/0500411h.html
050040	James Hilton	Morning Journey	http://gutenberg.net.au/ebooks05/0500401.txt http://gutenberg.net.au/ebooks05/0500401h.html
050039	R A Freeman	Dr Thorndyke Short Story Omnibus	http://gutenberg.net.au/ebooks05/0500391.txt http://gutenberg.net.au/ebooks05/0500391h.html
050038	R Austin Freeman	Pontixex Son and Thorndyke	http://gutenberg.net.au/ebooks05/0500381.txt http://gutenberg.net.au/ebooks05/0500381h.html
050037	R Austin Freeman	Mr Polton Explains	http://gutenberg.net.au/ebooks05/0500371.txt http://gutenberg.net.au/ebooks05/0500371h.html
050036	R Austin Freeman	Felo de Se	http://gutenberg.net.au/ebooks05/0500361h.html
050035	R Austin Freeman	A Certain Dr Thorndyke	http://gutenberg.net.au/ebooks05/0500351.txt http://gutenberg.net.au/ebooks05/0500351h.html
050034	James Hilton	Random Harvest	http://gutenberg.net.au/ebooks05/0500341.txt http://gutenberg.net.au/ebooks05/0500341h.html
050033	Rafael Sabatini	The Marquis of Carabas	http://gutenberg.net.au/ebooks05/0500331.txt http://gutenberg.net.au/ebooks05/0500331h.html
050032	Willa Cather	My Mortal Enemy	http://gutenberg.net.au/ebooks05/0500321.txt http://gutenberg.net.au/ebooks05/0500321h.html
050031	H Rider Haggard	Joan Haste	http://gutenberg.net.au/ebooks05/0500311.txt http://gutenberg.net.au/ebooks05/0500311h.html
050030	J S Battye	A History of Western Australia	http://gutenberg.net.au/ebooks05/0500301.txt http://gutenberg.net.au/ebooks05/0500301h.html
050029	James Hilton	Was it Murder?	http://gutenberg.net.au/ebooks05/0500291.txt http://gutenberg.net.au/ebooks05/0500291h.html
050028	Talbot Mundy	"C.I.D."	http://gutenberg.net.au/ebooks05/0500281.txt http://gutenberg.net.au/ebooks05/0500281h.html
050027	T Mundy	OM: The Secret of Ahbor Valley (1924)	http://gutenberg.net.au/ebooks05/0500271.txt http://gutenberg.net.au/ebooks05/0500271h.html
050026	John Buchan	Lord Minto A Memoir	http://gutenberg.net.au/ebooks05/0500261.txt http://gutenberg.net.au/ebooks05/0500261h.html
050025	Edgar Rice Burroughs	The Bandit of Hell's Bend	http://gutenberg.net.au/ebooks05/0500251h.html
050024	Edgar R Burroughs	Tarzan and the City of Gold	http://gutenberg.net.au/ebooks05/0500241h.html
050023	The Deputy Sheriff of Comanche County,by Burroughs		http://gutenberg.net.au/ebooks05/0500231h.html
050022	Edgar Rice Burroughs	The Moon Men	http://gutenberg.net.au/ebooks05/0500221h.html
050021	Edgar Rice Burroughs	Tarzan the Magnificent	http://gutenberg.net.au/ebooks05/0500211h.html
050020	Tarzan and the Leopard Men,by Edgar Rice Burroughs		http://gutenberg.net.au/ebooks05/0500201h.html
050019	Edgar Rice Burroughs	Tarzan the Invincible	http://gutenberg.net.au/ebooks05/0500191h.html
050018	Edgar Rice Burroughs	Land of Terror	http://gutenberg.net.au/ebooks05/0500181h.html
050017	Edgar Rice Burroughs	The Lad and the Lion	http://gutenberg.net.au/ebooks05/0500171h.html
050016	Edgar Rice Burroughs	The Girl From Hollywood	http://gutenberg.net.au/ebooks05/0500161h.html
050015	Arthur Conan Doyle	The Edge of the Unknown	http://gutenberg.net.au/ebooks05/0500151.txt http://gutenberg.net.au/ebooks05/0500151h.html
050014	James Hilton	Lost Horizon	http://gutenberg.net.au/ebooks05/0500141.txt http://gutenberg.net.au/ebooks05/0500141h.html
050013	Steele Rudd	Our New Selection	http://gutenberg.net.au/ebooks05/0500131.txt http://gutenberg.net.au/ebooks05/0500131h.html
050012	Edith Wharton	The Mother's Recompense	http://gutenberg.net.au/ebooks05/0500121.txt http://gutenberg.net.au/ebooks05/0500121h.html
050011	James Hilton	Good-bye Mr. Chips	http://gutenberg.net.au/ebooks05/0500111.txt http://gutenberg.net.au/ebooks05/0500111h.html
050010	Some Passages in the History of Van Diemen's Land		http://gutenberg.net.au/ebooks05/0500101.txt
050009	Stewart Edward White	Across the Unknown	http://gutenberg.net.au/ebooks05/0500091.txt
050008	H Rider Haggard	Heart of the World	http://gutenberg.net.au/ebooks05/0500081.txt http://gutenberg.net.au/ebooks05/0500081h.html
050007	Anonymous	The Indian Cookery Book	http://gutenberg.net.au/ebooks05/0500071.txt http://gutenberg.net.au/ebooks05/0500071h.html
050006	Charles Yale Harrison	Generals Die in Bed	http://gutenberg.net.au/ebooks05/0500061.txt http://gutenberg.net.au/ebooks05/0500061h.html
050005	O'Brien	Around the Boree Log and Other Verses	http://gutenberg.net.au/ebooks05/0500051.txt
050004	D H Lawrence	Touch and Go	http://gutenberg.net.au/ebooks05/0500041.txt http://gutenberg.net.au/ebooks05/0500041h.html
050003	D H Lawrence	The Merry-go-round	http://gutenberg.net.au/ebooks05/0500031.txt http://gutenberg.net.au/ebooks05/0500031h.html
050002	D H Lawrence	A Collier's Friday Night	http://gutenberg.net.au/ebooks05/0500021.txt http://gutenberg.net.au/ebooks05/0500021h.html
050001	D H Lawrence	The Widowing of Mrs Holroyd	http://gutenberg.net.au/ebooks05/0500011.txt http://gutenberg.net.au/ebooks05/0500011h.html
040087	D H Lawrence	The Daughter-in-law	http://gutenberg.net.au/ebooks04/0400871.txt http://gutenberg.net.au/ebooks04/0400871h.html
040086	D H Lawrence	David	http://gutenberg.net.au/ebooks04/0400861.txt http://gutenberg.net.au/ebooks04/0400861h.html
040085	D H Lawrence	The Fight for Barbara	http://gutenberg.net.au/ebooks04/0400851.txt http://gutenberg.net.au/ebooks04/0400851h.html
040084	H G Wells	The Adventures of Tommy	http://gutenberg.net.au/ebooks04/0400841.txt http://gutenberg.net.au/ebooks04/0400841h.html
040083	D H Lawrence	The Married Man	http://gutenberg.net.au/ebooks04/0400831.txt http://gutenberg.net.au/ebooks04/0400831h.html
040082	F Scott Fitzgerald	Complete Pat Hobby Stories	http://gutenberg.net.au/ebooks04/0400821.txt http://gutenberg.net.au/ebooks04/0400821h.html
040081	Ralph Connor	The Girl from Glengarry	http://gutenberg.net.au/ebooks04/0400811.txt http://gutenberg.net.au/ebooks04/0400811h.html
040080	Rafael Sabatini	The Sword of Islam	http://gutenberg.net.au/ebooks04/0400801.txt http://gutenberg.net.au/ebooks04/0400801h.html
040079	Marjorie Kinnan Rawlings	The Sojourner	http://gutenberg.net.au/ebooks04/0400791.txt http://gutenberg.net.au/ebooks04/0400791h.html
040078	Edith Wharton	The Gods Arrive	http://gutenberg.net.au/ebooks04/0400781.txt http://gutenberg.net.au/ebooks04/0400781h.html
040077	Abel Tasman	The Journal of Abel Jansz Tasman	http://gutenberg.net.au/ebooks04/0400771.txt
040076	Edward (Ned) Kelly	The Jerilderie Letter	http://gutenberg.net.au/ebooks04/0400761.txt
040075	Washington Irving	A Tour on the Prairies	http://gutenberg.net.au/ebooks04/0400751.txt
040074	Edith Wharton	The Children	http://gutenberg.net.au/ebooks04/0400741.txt http://gutenberg.net.au/ebooks04/0400741h.html
040073	Edith Wharton	Twilight Sleep	http://gutenberg.net.au/ebooks04/0400731.txt http://gutenberg.net.au/ebooks04/0400731h.html
040072	Rudyard Kipling	The Naulahka	http://gutenberg.net.au/ebooks04/0400721.txt
040071	Marcus Clarke	Australian Tales	http://gutenberg.net.au/ebooks04/0400711.txt
040070	Edith Wharton	Hudson River Bracketed	http://gutenberg.net.au/ebooks04/0400701.txt http://gutenberg.net.au/ebooks04/0400701h.html
040069	Rudyard Kipling	Something of Myself	http://gutenberg.net.au/ebooks04/0400691.txt
040068	Emily H Pelloe	West Australian Orchids	http://gutenberg.net.au/ebooks04/0400681h.html
040067	H G Wells	The New World Order	http://gutenberg.net.au/ebooks04/0400671.txt http://gutenberg.net.au/ebooks04/0400671h.html
040066	Daisy Bates	The Passing of the Aborigines	http://gutenberg.net.au/ebooks04/0400661h.html
040065	Thomas Burke	London in my Time	http://gutenberg.net.au/ebooks04/0400651.txt http://gutenberg.net.au/ebooks04/0400651h.html
040064	Lloyd C Douglas	The Big Fisherman	http://gutenberg.net.au/ebooks04/0400641.txt http://gutenberg.net.au/ebooks04/0400641h.html
040063	Lloyd C Douglas	Magnificent Obsession	http://gutenberg.net.au/ebooks04/0400631.txt http://gutenberg.net.au/ebooks04/0400631h.html
040062	Robert Dean Frisbie	My Tahiti	http://gutenberg.net.au/ebooks04/0400621h.html
040061	George Witton	Scapegoats of the Empire	http://gutenberg.net.au/ebooks04/0400611.txt http://gutenberg.net.au/ebooks04/0400611h.html
040060	D Wall	The Complete Adventures of Blinky Bill	http://gutenberg.net.au/ebooks04/0400601.txt http://gutenberg.net.au/ebooks04/0400601h.html
040059	Dorothy Wall	Blinky Bill Grows Up	http://gutenberg.net.au/ebooks04/0400591.txt http://gutenberg.net.au/ebooks04/0400591h.html
040058	Dorothy Wall	Blinky Bill and Nutsy	http://gutenberg.net.au/ebooks04/0400581.txt http://gutenberg.net.au/ebooks04/0400581h.html
040057	D Wall	Blinky Bill the Quaint Little Australian	http://gutenberg.net.au/ebooks04/0400571.txt http://gutenberg.net.au/ebooks04/0400571h.html
040056	Lloyd C Douglas	The Robe	http://gutenberg.net.au/ebooks04/0400561.txt http://gutenberg.net.au/ebooks04/0400561h.html
040055	Hugh Walpole	Katherine Christian	http://gutenberg.net.au/ebooks04/0400551.txt http://gutenberg.net.au/ebooks04/0400551h.html
040054	Hugh Walpole	The Inquisitor	http://gutenberg.net.au/ebooks04/0400541.txt http://gutenberg.net.au/ebooks04/0400541h.html
040053	Hugh Walpole	The Bright Pavillons	http://gutenberg.net.au/ebooks04/0400531.txt http://gutenberg.net.au/ebooks04/0400531h.html
040052	Hugh Walpole	Above the Dark Tumult: An Adventure	http://gutenberg.net.au/ebooks04/0400521.txt http://gutenberg.net.au/ebooks04/0400521h.html
040051	S S Van Dine	The Kidnap Murder Case	http://gutenberg.net.au/ebooks02/0400511h.html
040050	Hugh Walpole	Portrait of a Man with Red Hair	http://gutenberg.net.au/ebooks04/0400501.txt http://gutenberg.net.au/ebooks04/0400501h.html
040049	S Anderson	Death in the Woods and Other Stories	http://gutenberg.net.au/ebooks04/0400491.txt http://gutenberg.net.au/ebooks04/0400491h.html
040047	Hugh Walpole	Harmer John	http://gutenberg.net.au/ebooks04/0400471.txt http://gutenberg.net.au/ebooks04/0400471h.html
040046	Gertrude Bell	The Letters of Gertrude Bell Vol 2	http://gutenberg.net.au/ebooks04/0400461.txt http://gutenberg.net.au/ebooks04/0400461h.html
040045	Hugh Walpole	Hans Frost	http://gutenberg.net.au/ebooks04/0400451.txt http://gutenberg.net.au/ebooks04/0400451h.html
040044	Hugh Walpole	Vanessa	http://gutenberg.net.au/ebooks04/0400441.txt http://gutenberg.net.au/ebooks04/0400441h.html
040043	S S Van Dine	The Dragon Murder Case	http://gutenberg.net.au/ebooks02/0400431h.html
040042	M Steuart	Every Day Life on a Ceylon Cocoa Estate	http://gutenberg.net.au/ebooks04/0400421.txt
040041	S S Van Dine	The Kennel Murder Case	http://gutenberg.net.au/ebooks02/0400411h.html
040040	Mary Shelley	The Last Man	http://gutenberg.net.au/ebooks04/0400401.txt http://gutenberg.net.au/ebooks04/0400401h.html
040039	Edward Carpenter	The Intermediate Sex	http://gutenberg.net.au/ebooks04/0400391.txt http://gutenberg.net.au/ebooks04/0400391h.html
040038	Dylan Thomas	Collected Poems 1934-1952	http://gutenberg.net.au/ebooks04/0400381.txt
040037	Journey of Discovery to Port Phillip,Hume & Hovell		http://gutenberg.net.au/ebooks04/0400371.txt http://gutenberg.net.au/ebooks04/0400371h.html
040036	Frederick Niven	The Flying Years	http://gutenberg.net.au/ebooks04/0400361.txt http://gutenberg.net.au/ebooks04/0400361h.html
040035	Hugh Walpole	The Old Ladies	http://gutenberg.net.au/ebooks04/0400351.txt http://gutenberg.net.au/ebooks04/0400351h.html
040034	Gertrude Bell	The Letters of Gertrude Bell	http://gutenberg.net.au/ebooks04/0400341.txt
040033	Joseph Stalin	Economic Problems of Socialism	http://gutenberg.net.au/ebooks04/0400331.txt
040032	Arthur Machen	Dreads and Drolls	http://gutenberg.net.au/ebooks04/0400321h.html
040031	D H Lawrence	Collected Short Stories	http://gutenberg.net.au/ebooks04/0400311.txt http://gutenberg.net.au/ebooks04/0400311h.html
040030	D H Lawrence	The Woman Who Rode Away	http://gutenberg.net.au/ebooks04/0400301.txt http://gutenberg.net.au/ebooks04/0400301h.html
040029	Hugh Walpole	Captain Nicholas	http://gutenberg.net.au/ebooks04/0400291.txt http://gutenberg.net.au/ebooks04/0400291h.html
040028	Hugh Walpole	Jeremy and Hamlet	http://gutenberg.net.au/ebooks04/0400281.txt http://gutenberg.net.au/ebooks04/0400281h.html
040027	Marjorie K Rawlings	Cross Creek	http://gutenberg.net.au/ebooks04/0400271.txt http://gutenberg.net.au/ebooks04/0400271h.html
040026	Stephen Leacock	The Pursuit of Knoweledge	http://gutenberg.net.au/ebooks04/0400261.txt http://gutenberg.net.au/ebooks04/0400261h.html
040025	Gilbert Parker	The Power and the Glory	http://gutenberg.net.au/ebooks04/0400251.txt http://gutenberg.net.au/ebooks04/0400251h.html
040024	S S Van Dine	The Casino Murder Case	http://gutenberg.net.au/ebooks02/0400241h.html
040023	Hugh Walpole	The Fortress	http://gutenberg.net.au/ebooks04/0400231.txt http://gutenberg.net.au/ebooks04/0400231h.html
040022	Talbot Mundy	Her Reputation	http://gutenberg.net.au/ebooks04/0400221.txt http://gutenberg.net.au/ebooks04/0400221h.html
040021	Hugh Walpole	Judith Paris	http://gutenberg.net.au/ebooks04/0400211.txt http://gutenberg.net.au/ebooks04/0400211h.html with image]
040020	Emily Carr	The Book of Small	http://gutenberg.net.au/ebooks04/0400201.txt
040019	Willaim Cox	Memoirs of William Cox	http://gutenberg.net.au/ebooks04/0400191h.html
040018	George B Worgan	Journal of a First Fleet Surgeon	http://gutenberg.net.au/ebooks04/0400181.txt
040017	Hugh Walpole	Rogue Herries	http://gutenberg.net.au/ebooks04/0400171.txt http://gutenberg.net.au/ebooks04/0400171h.html with image]
040016	Eugene O'Neill	Strange Interlude	http://gutenberg.net.au/ebooks04/0400161.txt http://gutenberg.net.au/ebooks04/0400161h.html
040015	Eugene O'Neill	Dynamo	http://gutenberg.net.au/ebooks04/0400151.txt http://gutenberg.net.au/ebooks04/0400151h.html
040014	Eugene O'Neill	Mourning Becomes Electra	http://gutenberg.net.au/ebooks04/0400141.txt http://gutenberg.net.au/ebooks04/0400141h.html
040013	Eugene O'Neill	Lazarus Laughed	http://gutenberg.net.au/ebooks04/0400131.txt http://gutenberg.net.au/ebooks04/0400131h.html
040012	Eugene O'Neill	The Fountain	http://gutenberg.net.au/ebooks04/0400121.txt http://gutenberg.net.au/ebooks04/0400121h.html
040011	Eugene O'Neill	Diff'rent	http://gutenberg.net.au/ebooks04/0400111.txt http://gutenberg.net.au/ebooks04/0400111h.html
040010	Eugene O'Neill	Welded	http://gutenberg.net.au/ebooks04/0400101.txt http://gutenberg.net.au/ebooks04/0400101h.html
040009	Eugene O'Neill	The Great God Brown	http://gutenberg.net.au/ebooks04/0400091.txt http://gutenberg.net.au/ebooks04/0400091h.html
040008	Eugene O'Neill	Desire Under the Elms	http://gutenberg.net.au/ebooks04/0400081.txt http://gutenberg.net.au/ebooks04/0400081h.html
040007	Eugene O'Neill	All God's Chillun Got Wings	http://gutenberg.net.au/ebooks04/0400071.txt http://gutenberg.net.au/ebooks04/0400071h.html
040006	Charles Williams	All Hallows' Eve	http://gutenberg.net.au/ebooks04/0400061.txt http://gutenberg.net.au/ebooks04/0400061h.html
040005	Eugene O'Neill	Days Without End	http://gutenberg.net.au/ebooks04/0400051.txt http://gutenberg.net.au/ebooks04/0400051h.html
040004	Eugene O'Neill	A Moon for the Misbegotten	http://gutenberg.net.au/ebooks04/0400041.txt http://gutenberg.net.au/ebooks04/0400041h.html
040003	Eugene O'Neill	Tomorrow	http://gutenberg.net.au/ebooks04/0400031.txt http://gutenberg.net.au/ebooks04/0400031h.html
040002	Eugene O'Neill	The Iceman Cometh	http://gutenberg.net.au/ebooks04/0400021.txt http://gutenberg.net.au/ebooks04/0400021h.html
040001	T. Watling	Letters from an Exile at Botany Bay	http://gutenberg.net.au/ebooks04/0400011.txt http://gutenberg.net.au/ebooks04/0400011h.html
030159	R Austin Freeman	A Silent Witness	http://gutenberg.net.au/ebooks03/0301591.txt http://gutenberg.net.au/ebooks03/0301591h.html
030158	A C (Arthur Christopher) Benson	Cressage	http://gutenberg.net.au/ebooks03/0301581.txt http://gutenberg.net.au/ebooks03/0301581h.html
030157	John Buchan	Midwinter	http://gutenberg.net.au/ebooks03/0301571.txt http://gutenberg.net.au/ebooks03/0301571h.html
030156	Arthur Machen	The Three Impostors	http://gutenberg.net.au/ebooks03/0301561h.html
030155	John Buchan	The Island of Sheep	http://gutenberg.net.au/ebooks03/0301551.txt http://gutenberg.net.au/ebooks03/0301551h.html
030154	Marjorie Kinnon Rawlings	The Yearling	http://gutenberg.net.au/ebooks03/0301541.txt http://gutenberg.net.au/ebooks03/0301541h.html
030153	John White	Journal of a Voyage to New South Wales	http://gutenberg.net.au/ebooks03/0301531.txt http://gutenberg.net.au/ebooks03/0301531h.html
030152	R Austin Freeman	For the Defence Dr. Thorndyke	http://gutenberg.net.au/ebooks03/0301521.txt http://gutenberg.net.au/ebooks03/0301521h.html
030151	Hugh Walpole	Jeremy at Crale	http://gutenberg.net.au/ebooks03/0301511.txt http://gutenberg.net.au/ebooks03/0301511h.html
030150	D H Lawrence	The Prussian Officer & Other Stories	http://gutenberg.net.au/ebooks03/0301501.txt http://gutenberg.net.au/ebooks03/0301501h.html
030149	John Buchan	The Gap in the Curtain	http://gutenberg.net.au/ebooks03/0301491.txt http://gutenberg.net.au/ebooks03/0301491h.html
030148	Raymond Knister	White Narcissus	http://gutenberg.net.au/ebooks03/0301481h.html
030147	Charles Williams	Many Dimensions	http://gutenberg.net.au/ebooks03/0301471.txt http://gutenberg.net.au/ebooks03/0301471h.html
030146	John Buchan	Sick Heart River	http://gutenberg.net.au/ebooks03/0301461.txt http://gutenberg.net.au/ebooks03/0301461h.html
030145	Kahlil Gibran	Jesus the Son of Man	http://gutenberg.net.au/ebooks03/0301451.txt http://gutenberg.net.au/ebooks03/0301451h.html
030144	John Buchan	The House of the Four Winds	http://gutenberg.net.au/ebooks03/0301441.txt http://gutenberg.net.au/ebooks03/0301441h.html
030143	Alice M Browne	That Colony of God	http://gutenberg.net.au/ebooks03/0301431.txt
030142	John Buchan	The Free Fishers	http://gutenberg.net.au/ebooks03/0301421.txt http://gutenberg.net.au/ebooks03/0301421h.html
030141	John Buchan	The Blanket of the Dark	http://gutenberg.net.au/ebooks03/0301411.txt http://gutenberg.net.au/ebooks03/0301411h.html
030140	John Buchan	A Prince of the Captivity	http://gutenberg.net.au/ebooks03/0301401.txt http://gutenberg.net.au/ebooks03/0301401h.html
030139	H G Wells	The Shape of Things to Come	http://gutenberg.net.au/ebooks03/0301391.txt http://gutenberg.net.au/ebooks03/0301391h.html
030138	John Buchan	The Runagates Club	http://gutenberg.net.au/ebooks03/0301381.txt http://gutenberg.net.au/ebooks03/0301381h.html
030137	Frederick B Bond	The Gospel of Philip the Deacon	http://gutenberg.net.au/ebooks03/0301371.txt
030136	Stephen Leacock	Winnowed Wisdom	http://gutenberg.net.au/ebooks03/0301361.txt http://gutenberg.net.au/ebooks03/0301361h.html
030135	Hulbert Footner	Death of a Celebrity	http://gutenberg.net.au/ebooks03/0301351h.html
030134	John Buchan	Castle Gay	http://gutenberg.net.au/ebooks03/0301341.txt http://gutenberg.net.au/ebooks03/0301341h.html
030133	John Buchan	Witch Wood	http://gutenberg.net.au/ebooks03/0301331.txt http://gutenberg.net.au/ebooks03/0301331h.html
030132	Stephen Leacock	Short Circuits	http://gutenberg.net.au/ebooks03/0301321.txt http://gutenberg.net.au/ebooks03/0301321h.html
030131	Dudley Wright	The Epworth Phenomena	http://gutenberg.net.au/ebooks03/0301311.txt
030130	John Buchan	The Dancing Floor	http://gutenberg.net.au/ebooks03/0301301.txt http://gutenberg.net.au/ebooks03/0301301h.html
030129	James Tucker	Ralph Rashleigh (1929)	http://gutenberg.net.au/ebooks03/0301291.txt http://gutenberg.net.au/ebooks03/0301291h.html
030128	James Tucker	Adventures of Ralph Rashleigh (1929)	http://gutenberg.net.au/ebooks03/0301281.txt http://gutenberg.net.au/ebooks03/0301281h.html
030127	Brian Penton	Inheritors	http://gutenberg.net.au/ebooks03/0301271.txt
030126	F Scott Fitzgerald	Tender is the Night	http://gutenberg.net.au/ebooks03/0301261.txt http://gutenberg.net.au/ebooks03/0301261h.html
030125	Virginia Woolf	The Common Reader Second Series	http://gutenberg.net.au/ebooks03/0301251.txt http://gutenberg.net.au/ebooks03/0301251h.html
030124	H G Wells	The Autocracy of Mr. Parham	http://gutenberg.net.au/ebooks03/0301241.txt http://gutenberg.net.au/ebooks03/0301241h.html]
030123	John Buchan	The Three Hostages	http://gutenberg.net.au/ebooks03/0301231.txt http://gutenberg.net.au/ebooks03/0301231h.html]
030122	Virginia Woolf	The Years	http://gutenberg.net.au/ebooks03/0301221.txt http://gutenberg.net.au/ebooks03/0301221h.html]
030121	Baroness E Orczy	Skin O' My Tooth	http://gutenberg.net.au/ebooks03/0301211h.html
030120	Stewart Edward White	With Folded Wings	http://gutenberg.net.au/ebooks03/0301201.txt
030119	Edith Wharton	New Year's Day	http://gutenberg.net.au/ebooks03/0301191.txt
030118	Oscar Wilde from Purgatory,by Hester Travers Smith		http://gutenberg.net.au/ebooks03/0301181.txt
030117	Virginia Woolf	Between the Acts	http://gutenberg.net.au/ebooks03/0301171.txt http://gutenberg.net.au/ebooks03/0301171h.html
030116	Sinclair Lewis	Selected Short Stories	http://gutenberg.net.au/ebooks03/0301161.txt http://gutenberg.net.au/ebooks03/0301161h.html
030115	Edith Wharton	The Spark	http://gutenberg.net.au/ebooks03/0301151.txt
030114	Ida Lee	Early Explorers in Australia	http://gutenberg.net.au/ebooks03/0301141.txt
030113	Stewart Edward White	The Unobstructed Universe	http://gutenberg.net.au/ebooks03/0301131.txt
030112	Sinclair Lewis	World So Wide	http://gutenberg.net.au/ebooks03/0301121.txt http://gutenberg.net.au/ebooks03/0301121h.html
030111	Stewart Edward White	The Betty Book	http://gutenberg.net.au/ebooks03/0301111.txt
030110	D H Lawrence	The Virgin and the Gypsy	http://gutenberg.net.au/ebooks03/0301101.txt http://gutenberg.net.au/ebooks03/0301101h.html
030109	Stewart Edward White	The Stars Are Still There	http://gutenberg.net.au/ebooks03/0301091.txt
030108	Stewart Edward White	The Road I Know	http://gutenberg.net.au/ebooks03/0301081.txt
030107	Sinclair Lewis	The Prodigal Parents	http://gutenberg.net.au/ebooks03/0301071.txt http://gutenberg.net.au/ebooks03/0301071h.html http://gutenberg.net.au/ebooks03/0301061.txt http://gutenberg.net.au/ebooks03/0301061h.html http://gutenberg.net.au/ebooks03/0301051.txt http://gutenberg.net.au/ebooks03/0301051h.html http://gutenberg.net.au/ebooks03/0301041.txt http://gutenberg.net.au/ebooks03/0301041h.html http://gutenberg.net.au/ebooks03/0301031.txt http://gutenberg.net.au/ebooks03/0301021.txt http://gutenberg.net.au/ebooks03/0301011.txt http://gutenberg.net.au/ebooks03/0301011h.html http://gutenberg.net.au/ebooks03/0301001.txt http://gutenberg.net.au/ebooks03/0301001h.html http://gutenberg.net.au/ebooks03/0300991.txt http://gutenberg.net.au/ebooks03/0300981h.html http://gutenberg.net.au/ebooks03/0300971h.html http://gutenberg.net.au/ebooks03/0300961.txt http://gutenberg.net.au/ebooks03/0300961h.html http://gutenberg.net.au/ebooks03/0300951.txt http://gutenberg.net.au/ebooks03/0300951h.html http://gutenberg.net.au/ebooks03/0300941.txt http://gutenberg.net.au/ebooks03/0300941h.html http://gutenberg.net.au/ebooks03/0300931.txt http://gutenberg.net.au/ebooks03/0300931h.html http://gutenberg.net.au/ebooks03/0300901h.html http://gutenberg.net.au/ebooks03/0300891.txt http://gutenberg.net.au/ebooks03/0300881.txt http://gutenberg.net.au/ebooks03/0300881h.html http://gutenberg.net.au/ebooks03/0300871.txt http://gutenberg.net.au/ebooks03/0300861.txt
030085	Sinclair Lewis	Elmer Gantry	http://gutenberg.net.au/ebooks03/0300851.txt http://gutenberg.net.au/ebooks03/0300851h.html
030084	Stephen Vincent Benet	We Stand United	http://gutenberg.net.au/ebooks03/0300841.txt
030083	Ivan Turgenev	A Month in the Country	http://gutenberg.net.au/ebooks03/0300831h.html
030082	Stephen Hudson	A True Story	http://gutenberg.net.au/ebooks03/0300821.txt
030081	Katherine Mayo	Mother India	http://gutenberg.net.au/ebooks03/0300811h.html
030080	Kanga Creek: An Australian Idyll,by Havelock Ellis		http://gutenberg.net.au/ebooks03/0300801h.html http://gutenberg.net.au/ebooks03/0300801.txt
030079	Rabindranath Tagore	Broken Ties and Other Stories	http://gutenberg.net.au/ebooks03/0300791.txt
030078	G K Chesterton	Four Faultless Felons	http://gutenberg.net.au/ebooks03/0300781.txt
030077	Antoine de Saint-Exupéry	Le Petit Prince	http://gutenberg.net.au/ebooks03/0300771h.html
030076	Jens Peter Jacobsen	Marie Grubbe	http://gutenberg.net.au/ebooks03/0300761.txt
030075	Jens Peter Jacobsen	Niels Lyhne	http://gutenberg.net.au/ebooks03/0300751h.html
030074	Havelock Ellis	Views and Reviews	http://gutenberg.net.au/ebooks03/0300741h.html
030073	Lothrop Stoddard	Into The Darkness	http://gutenberg.net.au/ebooks03/0300731.txt
030072	Thomas Wolfe	Look Homeward Angel	http://gutenberg.net.au/ebooks03/0300721.txt http://gutenberg.net.au/ebooks03/0300721h.html
030071	Maurice Magnus	Memoirs of the Foreign Legion	http://gutenberg.net.au/ebooks03/0300711.txt
030070	Theodore Dreiser	Jennie Gerhardt	http://gutenberg.net.au/ebooks03/0300701.txt
030069	Marcel Proust	Time Regained	http://gutenberg.net.au/ebooks03/0300691.txt http://gutenberg.net.au/ebooks03/0300691h.html
030068	L M Montgomery	Magic for Marigold	http://gutenberg.net.au/ebooks03/0300681.txt http://gutenberg.net.au/ebooks03/0300681h.html
030067	Havelock Ellis	The Dance of Life	http://gutenberg.net.au/ebooks03/0300671.txt
030066	Talbot Mundy	The Devil's Guard	http://gutenberg.net.au/ebooks03/0300661.txt http://gutenberg.net.au/ebooks03/0300661h.html
030065	W H Hudson	Nature in Downland	http://gutenberg.net.au/ebooks03/0300651.txt
030064	W H Hudson	A Hind in Richmond Park	http://gutenberg.net.au/ebooks03/0300641.txt
030063	Frederick Philip Grove	A Search for America	http://gutenberg.net.au/ebooks03/0300631.txt
030062	John Buchan	John Macnab	http://gutenberg.net.au/ebooks03/0300621.txt
030061	Birds and Beasts of the Greek Anthology by Douglas		http://gutenberg.net.au/ebooks03/0300611h.html
030060	Jean-Richard Bloch	"-- & Co."	http://gutenberg.net.au/ebooks03/0300601.txt
030059	George Bernard Shaw	Too True to be Good	http://gutenberg.net.au/ebooks03/0300591.txt http://gutenberg.net.au/ebooks03/0300591h.html
030058	Frank Harris	Confessional	http://gutenberg.net.au/ebooks03/0300581.txt
030057	Norman Douglas	Siren Land	http://gutenberg.net.au/ebooks03/0300571.txt
030056	George Bernard Shaw	On the Rocks	http://gutenberg.net.au/ebooks03/0300561.txt http://gutenberg.net.au/ebooks03/0300561h.html
030055	George Bernard Shaw	Geneva	http://gutenberg.net.au/ebooks03/0300551.txt http://gutenberg.net.au/ebooks03/0300551h.html]
030054	Marcel Proust	The Sweet Cheat Gone	http://gutenberg.net.au/ebooks03/0300541.txt http://gutenberg.net.au/ebooks03/0300541h.html
030053	George Bernard Shaw	The Six of Calais	http://gutenberg.net.au/ebooks03/0300531.txt http://gutenberg.net.au/ebooks03/0300531h.html]
030052	George Bernard Shaw	Village Wooing	http://gutenberg.net.au/ebooks03/0300521.txt http://gutenberg.net.au/ebooks03/0300521h.html]
030051	Marcel Proust	Swann's Way	http://gutenberg.net.au/ebooks03/0300511.txt http://gutenberg.net.au/ebooks03/0300511h.html
030050	Marcel Proust	The Captive	http://gutenberg.net.au/ebooks03/0300501.txt http://gutenberg.net.au/ebooks03/0300501h.html
030049	Marcel Proust	Cities of the Plain	http://gutenberg.net.au/ebooks03/0300491.txt http://gutenberg.net.au/ebooks03/0300491h.html
030048	G B Shaw	The Simpleton of the Unexpected Isles	http://gutenberg.net.au/ebooks03/0300481.txt http://gutenberg.net.au/ebooks03/0300481h.html]
030047	George Bernard   Shaw	The Glimpse of Reality	http://gutenberg.net.au/ebooks03/0300471.txt http://gutenberg.net.au/ebooks03/0300471h.html]
030046	George Bernard Shaw	The Fascinating Foundling	http://gutenberg.net.au/ebooks03/0300461.txt http://gutenberg.net.au/ebooks03/0300461h.html]
030045	E J Banfield	Last Leaves from Dunk Island	http://gutenberg.net.au/ebooks03/0300451.txt http://gutenberg.net.au/ebooks03/0300451h.html
030044	G B Shaw	"In Good King Charles's Golden Days"	http://gutenberg.net.au/ebooks03/0300441.txt http://gutenberg.net.au/ebooks03/0300441h.html]
030043	George Bernard Shaw	The Apple Cart	http://gutenberg.net.au/ebooks03/0300431.txt http://gutenberg.net.au/ebooks03/0300431h.html]
030042	George Bernard Shaw	Buoyant Billions	http://gutenberg.net.au/ebooks03/0300421.txt http://gutenberg.net.au/ebooks03/0300421h.html]
030041	Marcel Proust	The Guermantes Way	http://gutenberg.net.au/ebooks03/0300411.txt http://gutenberg.net.au/ebooks03/0300411h.html
030040	Marcel Proust	Within a Budding Grove	http://gutenberg.net.au/ebooks03/0300401.txt http://gutenberg.net.au/ebooks03/0300401h.html
030039	Luigi Pirandello	Shoot! (Si Gira)	http://gutenberg.net.au/ebooks03/0300391.txt
030038	Luigi Pirandello	The Late Mattia Pascal	http://gutenberg.net.au/ebooks03/0300381.txt
030037	Edith Wharton	The Old Maid	http://gutenberg.net.au/ebooks03/0300371.txt
030036	Stendahl	The Abbess of Castro	http://gutenberg.net.au/ebooks03/0300361.txt
030035	Stendahl	Armance	http://gutenberg.net.au/ebooks03/0300351.txt
030034	Charles Williams	Descent into Hell	http://gutenberg.net.au/ebooks03/0300341.txt http://gutenberg.net.au/ebooks03/0300341h.html
030033	Talbot Mundy	Jimgrim	http://gutenberg.net.au/ebooks03/0300331.txt http://gutenberg.net.au/ebooks03/0300331h.html
030032	L Pirandello	The Old and the Young	http://gutenberg.net.au/ebooks03/0300321.txt
030031	Norman Douglas	Experiments	http://gutenberg.net.au/ebooks03/0300311.txt
030030	Stendahl	The Charterhouse of Parma	http://gutenberg.net.au/ebooks03/0300301.txt
030029	N Douglas	Good-bye to Western Culture	http://gutenberg.net.au/ebooks03/0300291.txt
030028	Norman Douglas	London Street Games	http://gutenberg.net.au/ebooks03/0300281.txt http://gutenberg.net.au/ebooks03/0300281h.html
030027	Edgar Rice Burroughs	Apache Devil	http://gutenberg.net.au/ebooks03/0300271h.html
030026	Stendahl	The Red and the Black	http://gutenberg.net.au/ebooks03/0300261.html
020025	S S Van Dine	The Gracie Allen Murder Case	http://gutenberg.net.au/ebooks02/0300251h.html
030024	John Galsworthy	Over the River	http://gutenberg.net.au/ebooks03/0300241.txt
030023	John Galsworthy	Flowering Wilderness	http://gutenberg.net.au/ebooks03/0300231.txt
030022	John Galsworthy	Maid in Waiting	http://gutenberg.net.au/ebooks03/0300221.txt
030021	Edgar Rice Burroughs	Pirates of Venus	http://gutenberg.net.au/ebooks03/0300211h.html
030020	Edgar Rice Burroughs	Lost on Venus	http://gutenberg.net.au/ebooks03/0300201h.html
030019	Edgar Rice Burroughs	Escape on Venus	http://gutenberg.net.au/ebooks03/0300191h.html
030018	Edgar Rice Burroughs	Carson of Venus	http://gutenberg.net.au/ebooks03/0300181h.html
030017	The Master of the Mill,by Frederick P Grove		http://gutenberg.net.au/ebooks03/0300171.txt
030016	L M Montgomery	Emily's Quest	http://gutenberg.net.au/ebooks03/0300161.txt http://gutenberg.net.au/ebooks03/0300161h.html
030015	L M Montgomery	Emily Climbs	http://gutenberg.net.au/ebooks03/0300151.txt http://gutenberg.net.au/ebooks03/0300151h.html
030014	H Rider Haggard	The Days of My Life V.2	http://gutenberg.net.au/ebooks03/0300141.txt
030013	H Rider Haggard	The Days of My Life V.1	http://gutenberg.net.au/ebooks03/0300131.txt
030012	George Bernard Shaw	The Millionairess	http://gutenberg.net.au/ebooks03/0300121.txt http://gutenberg.net.au/ebooks03/0300121h.html
030011	John Galsworthy	On Forsyte 'Change	http://gutenberg.net.au/ebooks03/0300111.txt
030010	Favenc	The History of Aust. Exploration	http://gutenberg.net.au/ebooks03/0300101.txt http://gutenberg.net.au/ebooks03/0300101h.html
030009	Frederick P Grove	Our Daily Bread	http://gutenberg.net.au/ebooks03/0300091.txt
030008	J M Barrie	Peter Pan (The Play)	http://gutenberg.net.au/ebooks03/0300081h.html
030007	Keynes	The General Theory of Employment	http://gutenberg.net.au/ebooks03/0300071h.html http://gutenberg.net.au/ebooks03/0300071p.pdf pdf
030006	Richard H Davis	The Bar Sinister	http://gutenberg.net.au/ebooks03/0300061h.html
030005	Arthur Morrison	Cunning Murrell	http://gutenberg.net.au/ebooks03/0300051h.html
030004	 by G Engel	Gustav Mahler Song Symphonist	http://gutenberg.net.au/ebooks03/0300041.txt http://gutenberg.net.au/ebooks03/0300041h.html
030003	Virginia Woolf	The Common Reader	http://gutenberg.net.au/ebooks03/0300031.txt http://gutenberg.net.au/ebooks03/0300031h.html
030002	D H Lawrence	The Plumed Serpent	http://gutenberg.net.au/ebooks03/0300021.txt http://gutenberg.net.au/ebooks03/0300021h.html
030001	George Orwell	Fifty Orwell Essays	http://gutenberg.net.au/ebooks03/0300011h.html
020115	Frederick P Grove	Consider Her Ways	http://gutenberg.net.au/ebooks02/0201151.txt
020114	L M Montgomery	Emily of New Moon	http://gutenberg.net.au/ebooks02/0201141.txt http://gutenberg.net.au/ebooks02/0201141h.html
020113	Willa Cather	Obscure Destinies	http://gutenberg.net.au/ebooks02/0201131.txt http://gutenberg.net.au/ebooks02/0201131h.html
020112	Wm. Carron	Narrative of an Expidition	http://gutenberg.net.au/ebooks02/0201121.txt
020111	George Orwell	Homage to Catalonia	http://gutenberg.net.au/ebooks02/0201111.txt http://gutenberg.net.au/ebooks02/0201111h.html
020110	Baroness E Orczy	Unravelled Knots	http://gutenberg.net.au/ebooks02/0201101h.html
020109	Virginia Woolf	The Waves	http://gutenberg.net.au/ebooks02/0201091.txt
020108	H G Wells	What are we to do with our lives?	http://gutenberg.net.au/ebooks02/0201081.txt http://gutenberg.net.au/ebooks02/0201081h.html
020107	L M Montgomery	Mistress Pat	http://gutenberg.net.au/ebooks02/0201071.txt http://gutenberg.net.au/ebooks02/0201071h.html
020106	L M Montgomery	Pat of Silver Bush	http://gutenberg.net.au/ebooks02/0201061.txt http://gutenberg.net.au/ebooks02/0201061h.html
020105	Baroness E Orczy	The Man in Grey	http://gutenberg.net.au/ebooks02/0201051h.html
020104	G K Chesterton	The Secret of Father Brown	http://gutenberg.net.au/ebooks02/0201041.txt http://gutenberg.net.au/ebooks02/0201041h.html
020103	G K Chesterton	The Scandal of Father Brown	http://gutenberg.net.au/ebooks02/0201031.txt http://gutenberg.net.au/ebooks02/0201031h.html
020102	The Incredulity of Father Brown,by G K Chesterton		http://gutenberg.net.au/ebooks02/0201021.txt http://gutenberg.net.au/ebooks02/0201021h.html
020101	L M Montgomery	A Tangled Web	http://gutenberg.net.au/ebooks02/0201011.txt http://gutenberg.net.au/ebooks02/0201011h.html
020100	Ernest Scott	Australian Discovery	http://gutenberg.net.au/ebooks02/0201001h.html
020099	Virginia Woolf	Mrs Dalloway	http://gutenberg.net.au/ebooks02/0200991.txt
020098	Edgar Wallace	The Door with Seven Locks	http://gutenberg.net.au/ebooks02/0200981.txt http://gutenberg.net.au/ebooks02/0200981h.html
020097	A E W Mason	The Prisoner in the Opal	http://gutenberg.net.au/ebooks02/0200971h.html
020096	A E W Mason	The House of the Arrow	http://gutenberg.net.au/ebooks02/0200961.txt http://gutenberg.net.au/ebooks02/0200961h.html
020095	L M Montgomery	The Blue Castle	http://gutenberg.net.au/ebooks02/0200951.txt http://gutenberg.net.au/ebooks02/0200951h.html
020094	Sinclair Lewis	Gideon Planish	http://gutenberg.net.au/ebooks02/0200941.txt
020093	Virginia Woolf	Three Guineas	http://gutenberg.net.au/ebooks02/0200931.txt
020092	Herbert Jenkins	Malcolm Sage Detective	http://gutenberg.net.au/ebooks02/0200921.txt http://gutenberg.net.au/ebooks02/0200921h.html
020091	Post	Uncle Abner Master of Mysteries	http://gutenberg.net.au/ebooks02/0200911.txt http://gutenberg.net.au/ebooks02/0200911h.html
020090	Ernest Bramah	Max Carrados	http://gutenberg.net.au/ebooks02/0200901.txt http://gutenberg.net.au/ebooks02/0200901h.html
020089	Edgar Wallace	The Mind of Mr J G Reeder	http://gutenberg.net.au/ebooks02/0200891.txt http://gutenberg.net.au/ebooks02/0200891h.html
020088	L M Montgomery	Jane of Lantern Hill	http://gutenberg.net.au/ebooks02/0200881.txt http://gutenberg.net.au/ebooks02/0200881h.html
020087	John B Dodds	Twenty-four Short Sermons	http://gutenberg.net.au/ebooks02/0200871h.html
020086	Frederick P Grove	Settlers of the Marsh	http://gutenberg.net.au/ebooks02/0200861.txt
020085	Brian Penton	Landtakers	http://gutenberg.net.au/ebooks02/0200851.txt
020084	D H Lawrence	The Captain's Doll	http://gutenberg.net.au/ebooks02/0200841.txt
020083	Willa Cather	The Professor's House	http://gutenberg.net.au/ebooks02/0200831.txt
020082	D H Lawrence	The Ladybird	http://gutenberg.net.au/ebooks02/0200821.txt
020081	George Bernard Shaw	Saint Joan	http://gutenberg.net.au/ebooks02/0200811.txt http://gutenberg.net.au/ebooks02/0200811h.html]
020080	D H Lawrence	The Fox	http://gutenberg.net.au/ebooks02/0200801.txt
020079	Virginia Woolf	A Room of One's Own	http://gutenberg.net.au/ebooks02/0200791.txt
020078	Virginia Woolf	Collected Stories	http://gutenberg.net.au/ebooks02/0200781.txt http://gutenberg.net.au/ebooks02/0200781h.html
020077	Virginia Woolf	The Death of the Moth	http://gutenberg.net.au/ebooks02/0200771.txt
020076	Willa Cather	Shadows on the Rock	http://gutenberg.net.au/ebooks02/0200761.txt http://gutenberg.net.au/ebooks02/0200761h.html]
020075	John Galsworthy	Swan Song	http://gutenberg.net.au/ebooks02/0200751.txt http://gutenberg.net.au/ebooks02/0200751h.html]
020074	John Galsworthy	The Silver Spoon	http://gutenberg.net.au/ebooks02/0200741.txt http://gutenberg.net.au/ebooks02/0200741h.html]
020073	John Galsworthy	The White Monkey	http://gutenberg.net.au/ebooks02/0200731.txt http://gutenberg.net.au/ebooks02/0200731h.html]
020072	Fergus Hume	The Mystery Queen	http://gutenberg.net.au/ebooks02/0200721.txt http://gutenberg.net.au/ebooks02/0200721h.html http://gutenberg.net.au/ebooks02/0200711.txt http://gutenberg.net.au/ebooks02/0200701.txt http://gutenberg.net.au/ebooks02/0200691.txt http://gutenberg.net.au/ebooks02/0200681.txt http://gutenberg.net.au/ebooks02/0200671.txt http://gutenberg.net.au/ebooks02/0200661.txt http://gutenberg.net.au/ebooks02/0200661h.html http://gutenberg.net.au/ebooks02/0200651.txt http://gutenberg.net.au/ebooks02/0200631.txt http://gutenberg.net.au/ebooks02/0200621.txt http://gutenberg.net.au/ebooks02/0200611h.html http://gutenberg.net.au/ebooks02/0200601.txt http://gutenberg.net.au/ebooks02/0200601h.html http://gutenberg.net.au/ebooks02/0200591h.html http://gutenberg.net.au/ebooks02/0200591.txt http://gutenberg.net.au/ebooks02/0200581.txt http://gutenberg.net.au/ebooks02/0200581h.html http://gutenberg.net.au/ebooks02/0200571.txt http://gutenberg.net.au/ebooks02/0200571h.html
020056	Mark Twain	Mark Twain's Autobiography Vol 1	http://gutenberg.net.au/ebooks02/0200561h.html
020055	Mark Twain	Mark Twain's Autobiography Vol 2	http://gutenberg.net.au/ebooks02/0200551h.html
020054	Hervey Allen	Anthony Adverse	http://gutenberg.net.au/ebooks02/0200541.txt http://gutenberg.net.au/ebooks02/0200541h.html
020053	The Aristocratic Miss Brewster,by Joseph C Lincoln		http://gutenberg.net.au/ebooks02/0200531.txt http://gutenberg.net.au/ebooks02/0200531h.html
020052	Edgar Rice Burroughs	The War Chief	http://gutenberg.net.au/ebooks02/0200521h.html
020051	Joseph C Lincoln	Queer Judson	http://gutenberg.net.au/ebooks02/0200511.txt http://gutenberg.net.au/ebooks02/0200511h.html http://gutenberg.net.au/ebooks02/0200501.txt http://gutenberg.net.au/ebooks02/0200501h.html http://gutenberg.net.au/ebooks02/0200491.txt http://gutenberg.net.au/ebooks02/0200491h.html http://gutenberg.net.au/ebooks02/0200481.txt http://gutenberg.net.au/ebooks02/0200481h.html http://gutenberg.net.au/ebooks02/0200471.txt http://gutenberg.net.au/ebooks02/0200461.txt http://gutenberg.net.au/ebooks02/0200461h.html http://gutenberg.net.au/ebooks02/0200451.txt http://gutenberg.net.au/ebooks02/0200451h.html http://gutenberg.net.au/ebooks02/0200441h.html http://gutenberg.net.au/ebooks02/0200431.txt http://gutenberg.net.au/ebooks02/0200431h.html http://gutenberg.net.au/ebooks02/0200421.txt http://gutenberg.net.au/ebooks02/0200421h.html http://gutenberg.net.au/ebooks02/0200411.txt http://gutenberg.net.au/ebooks02/0200411h.html http://gutenberg.net.au/ebooks02/0200401.txt http://gutenberg.net.au/ebooks02/0200401h.html http://gutenberg.net.au/ebooks02/0200391.txt http://gutenberg.net.au/ebooks02/0200391h.html http://gutenberg.net.au/ebooks02/0200381.txt http://gutenberg.net.au/ebooks02/0200381h.html
020037	Edgar Rice Burroughs	The Eternal Lover	http://gutenberg.net.au/ebooks02/0200371h.html
020036	S S Van Dine	The Scarab Murder Case	http://gutenberg.net.au/ebooks02/0200361h.html
020035	S S Van Dine	The Canary Murder Case	http://gutenberg.net.au/ebooks02/0200351h.html
020034	S S Van Dine	The Benson Murder Case	http://gutenberg.net.au/ebooks02/0200341h.html
020033	Virginia Woolf	Orlando	http://gutenberg.net.au/ebooks02/0200331.txt
020032	A Howard	The Waste Products of Agriculture	http://gutenberg.net.au/ebooks02/0200321.txt
020031	A Howard	Farming and Gardening for Health	http://gutenberg.net.au/ebooks02/0200311.txt
020030	Sir Albert Howard	An Agricultural Testament	http://gutenberg.net.au/ebooks02/0200301.txt
020029	Sinclair Lewis	Cass Timberlane	http://gutenberg.net.au/ebooks02/0200291.txt http://gutenberg.net.au/ebooks02/0200291h.html
020028	Hay	The Escape of the Notorious Sir W Heans	http://gutenberg.net.au/ebooks02/0200281.txt http://gutenberg.net.au/ebooks02/0200281h.html
020027	Edith Wharton	A Backward Glance	http://gutenberg.net.au/ebooks02/0200271.txt http://gutenberg.net.au/ebooks02/0200271h.html
020026	Frederic Manning	The Middle Parts of Fortune	http://gutenberg.net.au/ebooks02/0200261.txt http://gutenberg.net.au/ebooks02/0200261h.html
020025	Nutrition and Physical Degeneration,Weston A Price		http://gutenberg.net.au/ebooks02/0200251h.h.html
020024	S S Van Dine	The Bishop Murder Case	http://gutenberg.net.au/ebooks02/0200241h.html
020023	Joseph C Lincoln	Silas Bradford's Boy	http://gutenberg.net.au/ebooks02/0200231.txt http://gutenberg.net.au/ebooks02/0200231h.html
020022	H G Wells	Men Like Gods	http://gutenberg.net.au/ebooks02/0200221.txt http://gutenberg.net.au/ebooks02/0200221h.html
020021	Virginia Woolf	Monday or Tuesday	http://gutenberg.net.au/ebooks02/0200211.txt http://gutenberg.net.au/ebooks02/0200211h.html
020020	H Rider Haggard	Allan and the Ice Gods	http://gutenberg.net.au/ebooks02/0200201.txt http://gutenberg.net.au/ebooks02/0200201h.html
020019	H Rider Haggard	Heu-Heu	http://gutenberg.net.au/ebooks02/0200191h.html
020018	H Rider Haggard	Wisdom's Daughter	http://gutenberg.net.au/ebooks02/0200181.txt http://gutenberg.net.au/ebooks02/0200181h.html
020017	Sinclair Lewis	Kingsblood Royal	http://gutenberg.net.au/ebooks02/0200171.txt http://gutenberg.net.au/ebooks02/0200171h.html
020016	Margaret Mitchell	Gone With the Wind	http://gutenberg.net.au/ebooks02/0200161.txt
020015	G Orwell	Politics and the English Language	http://gutenberg.net.au/ebooks02/0200151.txt
020014	George Orwell	Shooting an Elephant	http://gutenberg.net.au/ebooks02/0200141.txt
020013	Sinclair Lewis	Arrowsmith	http://gutenberg.net.au/ebooks02/0200131.txt http://gutenberg.net.au/ebooks02/0200131h.html
020012	Edith Wharton	Mr. Jones	http://gutenberg.net.au/ebooks02/0200121.txt
020011	Edith Wharton	The Refugees	http://gutenberg.net.au/ebooks02/0200111.txt
020010	Edith Wharton	Dieu D'Amour	http://gutenberg.net.au/ebooks02/0200101.txt
020009	Edith Wharton	Atrophy	http://gutenberg.net.au/ebooks02/0200091.txt
020008	Edith Wharton	After Holbein	http://gutenberg.net.au/ebooks02/0200081.txt
020007	Edith Wharton	A Bottle of Perrier	http://gutenberg.net.au/ebooks02/0200071.txt
020006	Kahlil Gibran	The Prophet	http://gutenberg.net.au/ebooks02/0200061.txt http://gutenberg.net.au/ebooks02/ebooks02/0200061h.html
020005	George Orwell	Burmese Days	http://gutenberg.net.au/ebooks02/0200051.txt http://gutenberg.net.au/ebooks02/0200051h.html
020004	F Scott Fitzgerald	The Great Gatsby	http://gutenberg.net.au/ebooks02/0200041.txt
020003	George Orwell	Coming up for Air	http://gutenberg.net.au/ebooks02/0200031.txt http://gutenberg.net.au/ebooks02/0200031h.html
020002	G Orwell	Keep the Aspidistra Flying	http://gutenberg.net.au/ebooks02/0200021.txt http://gutenberg.net.au/ebooks02/0200021h.html
020001	George Orwell	A Clergyman's Daughter	http://gutenberg.net.au/ebooks02/0200011.txt http://gutenberg.net.au/ebooks02/0200011h.html
010034	D H Lawrence	The Rainbow	http://gutenberg.net.au/ebooks01/0100341.txt http://gutenberg.net.au/ebooks01/0100341h.html
010033	G K Chesterton	St. Thomas Aquinas	http://gutenberg.net.au/ebooks01/0100331.txt http://gutenberg.net.au/ebooks01/0100331h.html
010032	G K Chesterton	Tales of the Long Bow	http://gutenberg.net.au/ebooks01/0100321.txt http://gutenberg.net.au/ebooks01/0100321h.html
010031	G K Chesterton	The Everlasting Man	http://gutenberg.net.au/ebooks01/0100311.txt http://gutenberg.net.au/ebooks01/0100311h.html
010030	Lennie Lower	Here's Another	http://gutenberg.net.au/ebooks01/0100301.txt http://gutenberg.net.au/ebooks01/0100301h.html
010029	A C Doyle	The Casebook of Sherlock Holmes	http://gutenberg.net.au/ebooks01/0100291.txt http://gutenberg.net.au/ebooks01/0100291.h.html
010028	L M Montgomery	Anne of Ingleside	http://gutenberg.net.au/ebooks01/0100281.txt http://gutenberg.net.au/ebooks01/0100281h.html
010027	E R Burroughs	Tarzan and the Golden Lion	http://gutenberg.net.au/ebooks01/0100271h.html
010026	Robert D Frisbie	The Island of Desire	http://gutenberg.net.au/ebooks01/0100261.txt http://gutenberg.net.au/ebooks01/0100261h.html
010025	L M Montgomery	Anne of Windy Poplars	http://gutenberg.net.au/ebooks01/0100251.txt http://gutenberg.net.au/ebooks01/0100251h.html
010024	Edgar Rice Burroughs	Llana of Gathol	http://gutenberg.net.au/ebooks01/0100241h.html
010023	Edgar Rice Burroughs	Synthetic Men of Mars	http://gutenberg.net.au/ebooks01/0100231h.html
010022	Edgar Rice Burroughs	Swords of Mars	http://gutenberg.net.au/ebooks01/0100221h.html
010021	Edgar Rice Burroughs	A Fighting Man of Mars	http://gutenberg.net.au/ebooks01/0100211h.html
010020	Edgar Rice Burroughs	The Master Mind of Mars	http://gutenberg.net.au/ebooks01/0100201h.html
010019	Henry H H Richardson	Two hanged Women	http://gutenberg.net.au/ebooks01/0100191.txt http://gutenberg.net.au/ebooks01/0100191h.html
010018	D H Lawrence	Lady Chatterley's Lover	http://gutenberg.net.au/ebooks01/0100181.txt
010017	George Orwell	Down and Out in Paris and London	http://gutenberg.net.au/ebooks01/0100171.txt http://gutenberg.net.au/ebooks01/0100171h.html
010016	Fyodor Dostoevsky	A Raw Youth	http://gutenberg.net.au/ebooks01/0100161.txt http://gutenberg.net.au/ebooks01/0100161h.html
010015	Abraham Merritt	The Dwellers in the Mirage	http://gutenberg.net.au/ebooks01/0100151.txt http://gutenberg.net.au/ebooks01/0100151h.html
010014	Barbara Baynton	Bush Studies	http://gutenberg.net.au/ebooks01/0100141.txt http://gutenberg.net.au/ebooks01/0100141h.html
010013	Emily Carr	Klee Wyck	http://gutenberg.net.au/ebooks01/0100131.txt http://gutenberg.net.au/ebooks01/0100131h.html
010012	Emily Carr	The House of All Sorts	http://gutenberg.net.au/ebooks01/0100121.txt http://gutenberg.net.au/ebooks01/0100121h.html
010011	T. E. Lawrence	Seven Pillars of Wisdom	http://gutenberg.net.au/ebooks01/0100111.txt
010010	Virginia Woolf	To the Lighthouse	http://gutenberg.net.au/ebooks01/0100101.txt
010009	H H Richardson	Fortunes of Richard Mahony	http://gutenberg.net.au/ebooks01/0100091.txt http://gutenberg.net.au/ebooks01/0100091h.html
010008	Lennie Lower	Here's Luck	http://gutenberg.net.au/ebooks01/0100081.txt http://gutenberg.net.au/ebooks01/0100081h.html
010007	Henry Handel Richardson	Ultima Thule	http://gutenberg.net.au/ebooks01/0100071.txt http://gutenberg.net.au/ebooks01/0100071h.html
010006	Henry Handel Richardson	The Way Home	http://gutenberg.net.au/ebooks01/0100061.txt http://gutenberg.net.au/ebooks01/0100061h.html
010005	Henry Handel Richardson	Australia Felix	http://gutenberg.net.au/ebooks01/0100051.txt http://gutenberg.net.au/ebooks01/0100051h.html
010004	Alan Sullivan	Under the Northern Lights	http://gutenberg.net.au/ebooks01/0100041.txt http://gutenberg.net.au/ebooks01/0100041h.html
010003	Sir A C Doyle	When the World Screamed	http://gutenberg.net.au/ebooks01/0100031.txt http://gutenberg.net.au/ebooks01/0100031h.html
010002	George Orwell	Nineteen eighty-four	http://gutenberg.net.au/ebooks01/0100021.txt http://gutenberg.net.au/ebooks01/0100021h.html
010001	George Orwell	Animal Farm	http://gutenberg.net.au/ebooks01/0100011.txt http://gutenberg.net.au/ebooks01/0100011h.html
